=== RUN   TestAdminUserSearchCursorV2
2026/09/22 10:16:26 INFO http_request request_id=req_PMXMVz4zgubAW1RzLx9gkg method=GET route=/api/v1/bootstrap status=200 duration_ms=2
2026/09/22 10:16:27 INFO http_request request_id=req_VS8yxGiLLc5UhkM6XSUBEQ method=POST route=/api/v1/auth/login status=200 duration_ms=773
2026/09/22 10:16:27 INFO http_request request_id=req_HzCi2sIeQK6-9JZI8S_cPg method=GET route=/api/v1/bootstrap status=200 duration_ms=0
2026/09/22 10:16:28 INFO http_request request_id=req_YaeA2chMDMpz2mFPrr-ifg method=POST route=/api/v1/auth/login status=200 duration_ms=786
2026/09/22 10:16:28 INFO http_request request_id=req_Jy02e3Ujv2JXR6ygP7E6fA method=GET route=/api/v1/admin/users status=200 duration_ms=1
2026/09/22 10:16:28 INFO http_request request_id=req_jlnvjjN8gbPfzCmI0zUwbA method=GET route=/api/v1/admin/users status=200 duration_ms=0
2026/09/22 10:16:28 INFO http_request request_id=req_kN03Dt0mgaDmuX03Oop3wA method=GET route=/api/v1/admin/users status=200 duration_ms=0
2026/09/22 10:16:28 INFO http_request request_id=req_9eZQaNQOlDGM7FAKh3syNA method=GET route=/api/v1/admin/users status=200 duration_ms=0
2026/09/22 10:16:28 INFO http_request request_id=req_VWoDLzMsUYogOpcrFlNvgg method=GET route=/api/v1/admin/users status=200 duration_ms=0
2026/09/22 10:16:28 INFO http_request request_id=req_xYuaQaHp7l0xb2OuQXnkaQ method=GET route=/api/v1/admin/users status=200 duration_ms=0
2026/09/22 10:16:28 INFO http_request request_id=req_UIzpCIsK9sScmXHing3Auw method=GET route=/api/v1/admin/users status=200 duration_ms=0
2026/09/22 10:16:28 INFO http_request request_id=req_UFLbcAR7Dce-MQF9wkhy3g method=GET route=/api/v1/admin/users status=200 duration_ms=0
2026/09/22 10:16:28 INFO http_request request_id=req_0IqvTkZpyuigHuolzv7V4Q method=GET route=/api/v1/admin/users status=200 duration_ms=0
2026/09/22 10:16:28 INFO http_request request_id=req_NV27F8s-g0i63Ms1skkjFg method=GET route=/api/v1/admin/users status=200 duration_ms=0
2026/09/22 10:16:28 INFO http_request request_id=req_jhPZb_w_qLekf6hGFzbuNg method=GET route=/api/v1/admin/users status=200 duration_ms=0
2026/09/22 10:16:28 INFO http_request request_id=req_8sGX1vPOCVSzMpp_qHXpWA method=GET route=/api/v1/admin/users status=200 duration_ms=0
2026/09/22 10:16:28 INFO http_request request_id=req_2jq7E9uqem5dTW-rrV_Fag method=GET route=/api/v1/admin/users status=200 duration_ms=0
2026/09/22 10:16:28 INFO http_request request_id=req_2WJVoBURmJO_W_XwC_EOqg method=GET route=/api/v1/admin/users status=200 duration_ms=0
2026/09/22 10:16:28 INFO http_request request_id=req_v4sCiQ3SHWCh3xyLiCE5CA method=GET route=/api/v1/admin/users status=200 duration_ms=0
2026/09/22 10:16:28 INFO http_request request_id=req_HW8wYUqH6TJySTxsvu3OHA method=GET route=/api/v1/admin/users status=200 duration_ms=0
2026/09/22 10:16:28 INFO http_request request_id=req_rWV586SJAhX-6oMgNQjF2w method=GET route=/api/v1/admin/users status=200 duration_ms=0
2026/09/22 10:16:28 INFO http_request request_id=req_ZEVRvR-K2ef2UTFRHGFPxA method=GET route=/api/v1/admin/users status=422 duration_ms=0
2026/09/22 10:16:28 INFO http_request request_id=req_WquE5uNAR7bvc4baD8KgNQ method=GET route=/api/v1/admin/users status=422 duration_ms=0
=== RUN   TestAdminUserSearchCursorV2/old_two-field_payload
2026/09/22 10:16:28 INFO http_request request_id=req_tQFTtefG2Lq8-2zSt52kaw method=GET route=/api/v1/admin/users status=422 duration_ms=0
=== RUN   TestAdminUserSearchCursorV2/missing_fields
2026/09/22 10:16:28 INFO http_request request_id=req_qdhHl5kgo_nSqluq1vMOdw method=GET route=/api/v1/admin/users status=422 duration_ms=0
=== RUN   TestAdminUserSearchCursorV2/invalid_tier
2026/09/22 10:16:28 INFO http_request request_id=req_JHLDrtcU-8lD4LlGq2MGXQ method=GET route=/api/v1/admin/users status=422 duration_ms=0
=== RUN   TestAdminUserSearchCursorV2/unnormalized_username
2026/09/22 10:16:28 INFO http_request request_id=req_sFUwJ4xC1mSjqJcmHbPWhQ method=GET route=/api/v1/admin/users status=422 duration_ms=0
=== RUN   TestAdminUserSearchCursorV2/malformed_id
2026/09/22 10:16:28 INFO http_request request_id=req_ob4gv8FrT0tUsdUUTq7vtQ method=GET route=/api/v1/admin/users status=422 duration_ms=0
=== RUN   TestAdminUserSearchCursorV2/nil_id
2026/09/22 10:16:28 INFO http_request request_id=req_HGC3_nnjhIkOxX_HywwWWw method=GET route=/api/v1/admin/users status=422 duration_ms=0
=== RUN   TestAdminUserSearchCursorV2/unknown_version
2026/09/22 10:16:28 INFO http_request request_id=req_Znt8AwL6T5_5uJGTwbutKw method=GET route=/api/v1/admin/users status=422 duration_ms=0
=== RUN   TestAdminUserSearchCursorV2/tier_inconsistent_with_exact_username
2026/09/22 10:16:28 INFO http_request request_id=req_-ZvIAonr2UB4TZSN1zlxpw method=GET route=/api/v1/admin/users status=422 duration_ms=0
=== RUN   TestAdminUserSearchCursorV2/unknown_field
2026/09/22 10:16:28 INFO http_request request_id=req_WQwS09WciYBzRRSiOo1EDQ method=GET route=/api/v1/admin/users status=422 duration_ms=0
2026/09/22 10:16:28 INFO http_request request_id=req_OCtCS7q50G8RtCrRBZN8bg method=GET route=/api/v1/admin/users status=422 duration_ms=0
2026/09/22 10:16:28 INFO http_request request_id=req_99I939By4Zs0l89DuNyoPg method=GET route=/api/v1/admin/users status=200 duration_ms=0
--- PASS: TestAdminUserSearchCursorV2 (6.55s)
    --- PASS: TestAdminUserSearchCursorV2/old_two-field_payload (0.00s)
    --- PASS: TestAdminUserSearchCursorV2/missing_fields (0.00s)
    --- PASS: TestAdminUserSearchCursorV2/invalid_tier (0.00s)
    --- PASS: TestAdminUserSearchCursorV2/unnormalized_username (0.00s)
    --- PASS: TestAdminUserSearchCursorV2/malformed_id (0.00s)
    --- PASS: TestAdminUserSearchCursorV2/nil_id (0.00s)
    --- PASS: TestAdminUserSearchCursorV2/unknown_version (0.00s)
    --- PASS: TestAdminUserSearchCursorV2/tier_inconsistent_with_exact_username (0.00s)
    --- PASS: TestAdminUserSearchCursorV2/unknown_field (0.00s)
=== RUN   TestClaimedBatchDeletionHTTP
2026/09/22 10:16:30 INFO http_request request_id=req_TNn6kyY5nOdIPGnhX5L0rA method=GET route=/api/v1/bootstrap status=200 duration_ms=0
2026/09/22 10:16:30 INFO http_request request_id=req_0eMtBooeYvp7s7NsWhFFKg method=POST route=/api/v1/auth/login status=200 duration_ms=756
2026/09/22 10:16:30 INFO http_request request_id=req_a1GC5IiUSA4GN8PgAEu7MQ method=POST route=/api/v1/visitor-claims/consume status=201 duration_ms=9
2026/09/22 10:16:30 INFO http_request request_id=req_vbCH7ePQXHbBW8QHcb1w5w method=POST route=/api/v1/visitor-claims/consume status=200 duration_ms=1
2026/09/22 10:16:30 INFO http_request request_id=req_vN2Z3xCYD3uxvAyTYKcE2g method=POST route=/api/v1/me/review-sessions status=201 duration_ms=2
=== RUN   TestClaimedBatchDeletionHTTP/missing_CSRF_cannot_delete
2026/09/22 10:16:30 INFO http_request request_id=req_8rJAiNupMPhINsctcfVmOQ method=DELETE route=/api/v1/me/batches/{batch_id} status=403 duration_ms=0
=== RUN   TestClaimedBatchDeletionHTTP/other_account_cannot_delete
2026/09/22 10:16:30 INFO http_request request_id=req_jm1JqgwRQZ9oLQlKX0xHEg method=GET route=/api/v1/bootstrap status=200 duration_ms=0
2026/09/22 10:16:31 INFO http_request request_id=req_T8U0yYrOb2CmLGlFkS671g method=POST route=/api/v1/auth/register status=201 duration_ms=766
2026/09/22 10:16:31 INFO http_request request_id=req_x-X7pGKJBKhxyM9cVbtQIg method=DELETE route=/api/v1/me/batches/{batch_id} status=404 duration_ms=1
=== RUN   TestClaimedBatchDeletionHTTP/visitor_cannot_delete
2026/09/22 10:16:31 INFO http_request request_id=req_AEuZ1q3E94JHP5ZF9Y3ujg method=GET route=/api/v1/bootstrap status=200 duration_ms=0
2026/09/22 10:16:31 INFO http_request request_id=req_mn91dyN44B7sI_09LAHAKw method=DELETE route=/api/v1/me/batches/{batch_id} status=401 duration_ms=0
2026/09/22 10:16:31 INFO http_request request_id=req_TIVGXybLX4nSM75_IvAc1g method=GET route=/api/v1/me/batches/{batch_id} status=200 duration_ms=2
2026/09/22 10:16:31 INFO http_request request_id=req_UQyr0bqgGE6kjJGBV-QvlA method=POST route=/api/v1/visitor-claims/consume status=200 duration_ms=1
2026/09/22 10:16:31 INFO http_request request_id=req_3eoKywxg2QfN4N-YK6TcHw method=DELETE route=/api/v1/me/batches/{batch_id} status=204 duration_ms=2
2026/09/22 10:16:31 INFO http_request request_id=req_X-FCt98XrTIw3AYDEgtc6A method=GET route=/api/v1/me/batches/{batch_id} status=404 duration_ms=0
2026/09/22 10:16:31 INFO http_request request_id=req_0KIjynPzuSQR4GGv60wUNA method=POST route=/api/v1/visitor-claims/consume status=404 duration_ms=1
2026/09/22 10:16:31 INFO http_request request_id=req_HLf-dW9G0XSluLEwsjUQ8g method=POST route=/api/v1/visitor-claims/consume status=404 duration_ms=1
2026/09/22 10:16:31 INFO http_request request_id=req_EFgJKsvhzyZKm6e2tQYZ8g method=DELETE route=/api/v1/me/batches/{batch_id} status=404 duration_ms=1
2026/09/22 10:16:31 INFO http_request request_id=req_25XbeBvx6zGKEsweP7MQLQ method=GET route=/api/v1/me/batches status=200 duration_ms=1
2026/09/22 10:16:31 INFO http_request request_id=req_qLpsUa3vyCAAzUUcRPuMqg method=GET route=/api/v1/me/review-sessions/{session_id} status=404 duration_ms=0
2026/09/22 10:16:31 INFO http_request request_id=req_f1QHnfAwJ1lI5O5I7HTIuQ method=POST route=/api/v1/me/review-sessions status=404 duration_ms=1
--- PASS: TestClaimedBatchDeletionHTTP (3.22s)
    --- PASS: TestClaimedBatchDeletionHTTP/missing_CSRF_cannot_delete (0.00s)
    --- PASS: TestClaimedBatchDeletionHTTP/other_account_cannot_delete (0.77s)
    --- PASS: TestClaimedBatchDeletionHTTP/visitor_cannot_delete (0.00s)
=== RUN   TestM001EndToEnd
2026/09/22 10:16:33 INFO http_request request_id=req_wyI83Y77GLxtW906q-N6Ug method=GET route=/api/v1/bootstrap status=200 duration_ms=0
2026/09/22 10:16:34 INFO http_request request_id=req_Vvqnc0BZl_lXfDNW1qQaKg method=POST route=/api/v1/auth/login status=200 duration_ms=781
2026/09/22 10:16:34 INFO http_request request_id=req_7yReZdDUeW83_ZlQquEKMA method=GET route=/api/v1/admin/groups status=200 duration_ms=3
2026/09/22 10:16:34 INFO http_request request_id=req_isnHjxC0LN-aCGdI1GnvsQ method=PUT route=/api/v1/admin/openrouter-credential status=200 duration_ms=6
2026/09/22 10:16:34 INFO http_request request_id=req_rt2tL7e0GWhS6A4XPgP1rw method=POST route=/api/v1/admin/models status=201 duration_ms=2
2026/09/22 10:16:34 INFO http_request request_id=req_znIKpl88oB0Hy8KXszdLtw method=GET route=/api/v1/admin/groups status=200 duration_ms=2
2026/09/22 10:16:34 INFO http_request request_id=req_UAFFTsjFvDEx6ZJ_tE_fDA method=POST route=/api/v1/admin/models/{model_id}/enable status=200 duration_ms=6
2026/09/22 10:16:34 INFO http_request request_id=req_4gVGwuN_Lrj-s-qCW5p8fA method=GET route=/api/v1/admin/groups status=200 duration_ms=2
2026/09/22 10:16:34 INFO http_request request_id=req_R0Ufp0kbRbw23TO9PtK5hw method=PUT route=/api/v1/admin/groups/{group_code} status=200 duration_ms=3
2026/09/22 10:16:34 INFO http_request request_id=req_9aZI6Iv_tts4odZ3jI_pog method=GET route=/api/v1/admin/groups status=200 duration_ms=2
2026/09/22 10:16:34 INFO http_request request_id=req_JHCgFb6ApkMgRCM_1EGR9g method=PUT route=/api/v1/admin/groups/{group_code} status=200 duration_ms=2
2026/09/22 10:16:34 INFO http_request request_id=req_-sZ6sLHqRjYw9ncXPBfhLQ method=GET route=/api/v1/bootstrap status=200 duration_ms=0
2026/09/22 10:16:34 INFO generation_trace event="{RelatedRunID: ActorKind: RequestID:req_g_kyZbqKvE8hi9jUVjp0nw RunID: ModelID: Sequence:1 ElapsedMS:0 Kind:stage_begin Late:false Fact:{Stage:request State:running BeginMS:0 EndMS:-1 DurationMS:-1 Check: Detail:{Reason: Field: Target:-1 Actual:-1 Limit:-1 Start:-1 End:-1 ExpectedType: ActualType:}} Provider:<nil> Outcome: Refunded:false}"
2026/09/22 10:16:34 INFO generation_trace event="{RelatedRunID: ActorKind: RequestID:req_g_kyZbqKvE8hi9jUVjp0nw RunID: ModelID: Sequence:2 ElapsedMS:0 Kind:check_begin Late:false Fact:{Stage:request State:running BeginMS:0 EndMS:-1 DurationMS:-1 Check:identity Detail:{Reason: Field: Target:-1 Actual:-1 Limit:-1 Start:-1 End:-1 ExpectedType: ActualType:}} Provider:<nil> Outcome: Refunded:false}"
2026/09/22 10:16:34 INFO generation_trace event="{RelatedRunID: ActorKind:visitor RequestID:req_g_kyZbqKvE8hi9jUVjp0nw RunID: ModelID: Sequence:3 ElapsedMS:0 Kind:actor_resolved Late:false Fact:{Stage: State: BeginMS:0 EndMS:0 DurationMS:0 Check: Detail:{Reason: Field: Target:0 Actual:0 Limit:0 Start:0 End:0 ExpectedType: ActualType:}} Provider:<nil> Outcome: Refunded:false}"
2026/09/22 10:16:34 INFO generation_trace event="{RelatedRunID: ActorKind: RequestID:req_g_kyZbqKvE8hi9jUVjp0nw RunID: ModelID: Sequence:4 ElapsedMS:0 Kind:check_end Late:false Fact:{Stage:request State:ok BeginMS:0 EndMS:-1 DurationMS:-1 Check:identity Detail:{Reason: Field: Target:-1 Actual:-1 Limit:-1 Start:-1 End:-1 ExpectedType: ActualType:}} Provider:<nil> Outcome: Refunded:false}"
2026/09/22 10:16:34 INFO generation_trace event="{RelatedRunID: ActorKind: RequestID:req_g_kyZbqKvE8hi9jUVjp0nw RunID: ModelID: Sequence:5 ElapsedMS:0 Kind:check_begin Late:false Fact:{Stage:request State:running BeginMS:0 EndMS:-1 DurationMS:-1 Check:origin Detail:{Reason: Field: Target:-1 Actual:-1 Limit:-1 Start:-1 End:-1 ExpectedType: ActualType:}} Provider:<nil> Outcome: Refunded:false}"
2026/09/22 10:16:34 INFO generation_trace event="{RelatedRunID: ActorKind: RequestID:req_g_kyZbqKvE8hi9jUVjp0nw RunID: ModelID: Sequence:6 ElapsedMS:0 Kind:check_end Late:false Fact:{Stage:request State:ok BeginMS:0 EndMS:-1 DurationMS:-1 Check:origin Detail:{Reason: Field: Target:-1 Actual:-1 Limit:-1 Start:-1 End:-1 ExpectedType: ActualType:}} Provider:<nil> Outcome: Refunded:false}"
2026/09/22 10:16:34 INFO generation_trace event="{RelatedRunID: ActorKind: RequestID:req_g_kyZbqKvE8hi9jUVjp0nw RunID: ModelID: Sequence:7 ElapsedMS:0 Kind:check_begin Late:false Fact:{Stage:request State:running BeginMS:0 EndMS:-1 DurationMS:-1 Check:content_type Detail:{Reason: Field: Target:-1 Actual:-1 Limit:-1 Start:-1 End:-1 ExpectedType: ActualType:}} Provider:<nil> Outcome: Refunded:false}"
2026/09/22 10:16:34 INFO generation_trace event="{RelatedRunID: ActorKind: RequestID:req_g_kyZbqKvE8hi9jUVjp0nw RunID: ModelID: Sequence:8 ElapsedMS:0 Kind:check_end Late:false Fact:{Stage:request State:ok BeginMS:0 EndMS:-1 DurationMS:-1 Check:content_type Detail:{Reason: Field: Target:-1 Actual:-1 Limit:-1 Start:-1 End:-1 ExpectedType: ActualType:}} Provider:<nil> Outcome: Refunded:false}"
2026/09/22 10:16:34 INFO generation_trace event="{RelatedRunID: ActorKind: RequestID:req_g_kyZbqKvE8hi9jUVjp0nw RunID: ModelID: Sequence:9 ElapsedMS:0 Kind:check_begin Late:false Fact:{Stage:request State:running BeginMS:0 EndMS:-1 DurationMS:-1 Check:csrf Detail:{Reason: Field: Target:-1 Actual:-1 Limit:-1 Start:-1 End:-1 ExpectedType: ActualType:}} Provider:<nil> Outcome: Refunded:false}"
2026/09/22 10:16:34 INFO generation_trace event="{RelatedRunID: ActorKind: RequestID:req_g_kyZbqKvE8hi9jUVjp0nw RunID: ModelID: Sequence:10 ElapsedMS:0 Kind:check_end Late:false Fact:{Stage:request State:ok BeginMS:0 EndMS:-1 DurationMS:-1 Check:csrf Detail:{Reason: Field: Target:-1 Actual:-1 Limit:-1 Start:-1 End:-1 ExpectedType: ActualType:}} Provider:<nil> Outcome: Refunded:false}"
2026/09/22 10:16:34 INFO generation_trace event="{RelatedRunID: ActorKind: RequestID:req_g_kyZbqKvE8hi9jUVjp0nw RunID: ModelID: Sequence:11 ElapsedMS:0 Kind:check_begin Late:false Fact:{Stage:request State:running BeginMS:0 EndMS:-1 DurationMS:-1 Check:body Detail:{Reason: Field: Target:-1 Actual:-1 Limit:-1 Start:-1 End:-1 ExpectedType: ActualType:}} Provider:<nil> Outcome: Refunded:false}"
2026/09/22 10:16:34 INFO generation_trace event="{RelatedRunID: ActorKind: RequestID:req_g_kyZbqKvE8hi9jUVjp0nw RunID: ModelID: Sequence:12 ElapsedMS:1 Kind:stage_begin Late:false Fact:{Stage:preflight State:running BeginMS:1 EndMS:-1 DurationMS:-1 Check: Detail:{Reason: Field: Target:-1 Actual:-1 Limit:-1 Start:-1 End:-1 ExpectedType: ActualType:}} Provider:<nil> Outcome: Refunded:false}"
2026/09/22 10:16:34 INFO generation_trace event="{RelatedRunID: ActorKind: RequestID:req_g_kyZbqKvE8hi9jUVjp0nw RunID: ModelID: Sequence:13 ElapsedMS:1 Kind:check_begin Late:false Fact:{Stage:preflight State:running BeginMS:1 EndMS:-1 DurationMS:-1 Check:input Detail:{Reason: Field: Target:-1 Actual:-1 Limit:-1 Start:-1 End:-1 ExpectedType: ActualType:}} Provider:<nil> Outcome: Refunded:false}"
2026/09/22 10:16:34 INFO generation_trace event="{RelatedRunID: ActorKind: RequestID:req_g_kyZbqKvE8hi9jUVjp0nw RunID: ModelID: Sequence:14 ElapsedMS:1 Kind:check_end Late:false Fact:{Stage:preflight State:ok BeginMS:1 EndMS:-1 DurationMS:-1 Check:input Detail:{Reason: Field: Target:-1 Actual:-1 Limit:-1 Start:-1 End:-1 ExpectedType: ActualType:}} Provider:<nil> Outcome: Refunded:false}"
2026/09/22 10:16:34 INFO generation_trace event="{RelatedRunID: ActorKind: RequestID:req_g_kyZbqKvE8hi9jUVjp0nw RunID: ModelID: Sequence:15 ElapsedMS:1 Kind:check_begin Late:false Fact:{Stage:preflight State:running BeginMS:1 EndMS:-1 DurationMS:-1 Check:transaction_begin Detail:{Reason: Field: Target:-1 Actual:-1 Limit:-1 Start:-1 End:-1 ExpectedType: ActualType:}} Provider:<nil> Outcome: Refunded:false}"
2026/09/22 10:16:34 INFO generation_trace event="{RelatedRunID: ActorKind: RequestID:req_g_kyZbqKvE8hi9jUVjp0nw RunID: ModelID: Sequence:16 ElapsedMS:1 Kind:check_end Late:false Fact:{Stage:preflight State:ok BeginMS:1 EndMS:-1 DurationMS:-1 Check:transaction_begin Detail:{Reason: Field: Target:-1 Actual:-1 Limit:-1 Start:-1 End:-1 ExpectedType: ActualType:}} Provider:<nil> Outcome: Refunded:false}"
2026/09/22 10:16:34 INFO generation_trace event="{RelatedRunID: ActorKind: RequestID:req_g_kyZbqKvE8hi9jUVjp0nw RunID: ModelID: Sequence:17 ElapsedMS:1 Kind:check_begin Late:false Fact:{Stage:preflight State:running BeginMS:1 EndMS:-1 DurationMS:-1 Check:credentials Detail:{Reason: Field: Target:-1 Actual:-1 Limit:-1 Start:-1 End:-1 ExpectedType: ActualType:}} Provider:<nil> Outcome: Refunded:false}"
2026/09/22 10:16:34 INFO generation_trace event="{RelatedRunID: ActorKind: RequestID:req_g_kyZbqKvE8hi9jUVjp0nw RunID: ModelID: Sequence:18 ElapsedMS:4 Kind:check_end Late:false Fact:{Stage:preflight State:ok BeginMS:1 EndMS:-1 DurationMS:-1 Check:credentials Detail:{Reason: Field: Target:-1 Actual:-1 Limit:-1 Start:-1 End:-1 ExpectedType: ActualType:}} Provider:<nil> Outcome: Refunded:false}"
2026/09/22 10:16:34 INFO generation_trace event="{RelatedRunID: ActorKind: RequestID:req_g_kyZbqKvE8hi9jUVjp0nw RunID: ModelID: Sequence:19 ElapsedMS:4 Kind:check_begin Late:false Fact:{Stage:preflight State:running BeginMS:1 EndMS:-1 DurationMS:-1 Check:actor_lock Detail:{Reason: Field: Target:-1 Actual:-1 Limit:-1 Start:-1 End:-1 ExpectedType: ActualType:}} Provider:<nil> Outcome: Refunded:false}"
2026/09/22 10:16:34 INFO generation_trace event="{RelatedRunID: ActorKind: RequestID:req_g_kyZbqKvE8hi9jUVjp0nw RunID: ModelID: Sequence:20 ElapsedMS:4 Kind:check_end Late:false Fact:{Stage:preflight State:ok BeginMS:1 EndMS:-1 DurationMS:-1 Check:actor_lock Detail:{Reason: Field: Target:-1 Actual:-1 Limit:-1 Start:-1 End:-1 ExpectedType: ActualType:}} Provider:<nil> Outcome: Refunded:false}"
2026/09/22 10:16:34 INFO generation_trace event="{RelatedRunID: ActorKind: RequestID:req_g_kyZbqKvE8hi9jUVjp0nw RunID: ModelID: Sequence:21 ElapsedMS:4 Kind:check_begin Late:false Fact:{Stage:preflight State:running BeginMS:1 EndMS:-1 DurationMS:-1 Check:group_policy Detail:{Reason: Field: Target:-1 Actual:-1 Limit:-1 Start:-1 End:-1 ExpectedType: ActualType:}} Provider:<nil> Outcome: Refunded:false}"
2026/09/22 10:16:34 INFO generation_trace event="{RelatedRunID: ActorKind: RequestID:req_g_kyZbqKvE8hi9jUVjp0nw RunID: ModelID: Sequence:22 ElapsedMS:4 Kind:check_end Late:false Fact:{Stage:preflight State:ok BeginMS:1 EndMS:-1 DurationMS:-1 Check:group_policy Detail:{Reason: Field: Target:-1 Actual:-1 Limit:-1 Start:-1 End:-1 ExpectedType: ActualType:}} Provider:<nil> Outcome: Refunded:false}"
2026/09/22 10:16:34 INFO generation_trace event="{RelatedRunID: ActorKind: RequestID:req_g_kyZbqKvE8hi9jUVjp0nw RunID: ModelID: Sequence:23 ElapsedMS:4 Kind:check_begin Late:false Fact:{Stage:preflight State:running BeginMS:1 EndMS:-1 DurationMS:-1 Check:model_assignment Detail:{Reason: Field: Target:-1 Actual:-1 Limit:-1 Start:-1 End:-1 ExpectedType: ActualType:}} Provider:<nil> Outcome: Refunded:false}"
2026/09/22 10:16:34 INFO generation_trace event="{RelatedRunID: ActorKind: RequestID:req_g_kyZbqKvE8hi9jUVjp0nw RunID: ModelID: Sequence:24 ElapsedMS:5 Kind:check_end Late:false Fact:{Stage:preflight State:ok BeginMS:1 EndMS:-1 DurationMS:-1 Check:model_assignment Detail:{Reason: Field: Target:-1 Actual:-1 Limit:-1 Start:-1 End:-1 ExpectedType: ActualType:}} Provider:<nil> Outcome: Refunded:false}"
2026/09/22 10:16:34 INFO generation_trace event="{RelatedRunID: ActorKind: RequestID:req_g_kyZbqKvE8hi9jUVjp0nw RunID: ModelID: Sequence:25 ElapsedMS:5 Kind:check_begin Late:false Fact:{Stage:preflight State:running BeginMS:1 EndMS:-1 DurationMS:-1 Check:length_assignment Detail:{Reason: Field: Target:-1 Actual:-1 Limit:-1 Start:-1 End:-1 ExpectedType: ActualType:}} Provider:<nil> Outcome: Refunded:false}"
2026/09/22 10:16:34 INFO generation_trace event="{RelatedRunID: ActorKind: RequestID:req_g_kyZbqKvE8hi9jUVjp0nw RunID: ModelID: Sequence:26 ElapsedMS:5 Kind:check_end Late:false Fact:{Stage:preflight State:ok BeginMS:1 EndMS:-1 DurationMS:-1 Check:length_assignment Detail:{Reason: Field: Target:-1 Actual:-1 Limit:-1 Start:-1 End:-1 ExpectedType: ActualType:}} Provider:<nil> Outcome: Refunded:false}"
2026/09/22 10:16:34 INFO generation_trace event="{RelatedRunID: ActorKind: RequestID:req_g_kyZbqKvE8hi9jUVjp0nw RunID: ModelID: Sequence:27 ElapsedMS:5 Kind:check_begin Late:false Fact:{Stage:preflight State:running BeginMS:1 EndMS:-1 DurationMS:-1 Check:vocabulary Detail:{Reason: Field: Target:-1 Actual:-1 Limit:-1 Start:-1 End:-1 ExpectedType: ActualType:}} Provider:<nil> Outcome: Refunded:false}"
2026/09/22 10:16:34 INFO generation_trace event="{RelatedRunID: ActorKind: RequestID:req_g_kyZbqKvE8hi9jUVjp0nw RunID: ModelID: Sequence:28 ElapsedMS:6 Kind:check_end Late:false Fact:{Stage:preflight State:ok BeginMS:1 EndMS:-1 DurationMS:-1 Check:vocabulary Detail:{Reason: Field: Target:-1 Actual:-1 Limit:-1 Start:-1 End:-1 ExpectedType: ActualType:}} Provider:<nil> Outcome: Refunded:false}"
2026/09/22 10:16:34 INFO generation_trace event="{RelatedRunID: ActorKind: RequestID:req_g_kyZbqKvE8hi9jUVjp0nw RunID: ModelID: Sequence:29 ElapsedMS:6 Kind:check_begin Late:false Fact:{Stage:preflight State:running BeginMS:1 EndMS:-1 DurationMS:-1 Check:quota Detail:{Reason: Field: Target:-1 Actual:-1 Limit:-1 Start:-1 End:-1 ExpectedType: ActualType:}} Provider:<nil> Outcome: Refunded:false}"
2026/09/22 10:16:34 INFO generation_trace event="{RelatedRunID: ActorKind: RequestID:req_g_kyZbqKvE8hi9jUVjp0nw RunID: ModelID: Sequence:30 ElapsedMS:6 Kind:check_end Late:false Fact:{Stage:preflight State:ok BeginMS:1 EndMS:-1 DurationMS:-1 Check:quota Detail:{Reason: Field: Target:-1 Actual:-1 Limit:-1 Start:-1 End:-1 ExpectedType: ActualType:}} Provider:<nil> Outcome: Refunded:false}"
2026/09/22 10:16:34 INFO generation_trace event="{RelatedRunID: ActorKind: RequestID:req_g_kyZbqKvE8hi9jUVjp0nw RunID: ModelID: Sequence:31 ElapsedMS:7 Kind:check_begin Late:false Fact:{Stage:preflight State:running BeginMS:1 EndMS:-1 DurationMS:-1 Check:reserve Detail:{Reason: Field: Target:-1 Actual:-1 Limit:-1 Start:-1 End:-1 ExpectedType: ActualType:}} Provider:<nil> Outcome: Refunded:false}"
2026/09/22 10:16:34 INFO generation_trace event="{RelatedRunID: ActorKind: RequestID:req_g_kyZbqKvE8hi9jUVjp0nw RunID: ModelID: Sequence:32 ElapsedMS:8 Kind:check_end Late:false Fact:{Stage:preflight State:ok BeginMS:1 EndMS:-1 DurationMS:-1 Check:reserve Detail:{Reason: Field: Target:-1 Actual:-1 Limit:-1 Start:-1 End:-1 ExpectedType: ActualType:}} Provider:<nil> Outcome: Refunded:false}"
2026/09/22 10:16:34 INFO generation_trace event="{RelatedRunID: ActorKind: RequestID:req_g_kyZbqKvE8hi9jUVjp0nw RunID: ModelID: Sequence:33 ElapsedMS:8 Kind:check_begin Late:false Fact:{Stage:preflight State:running BeginMS:1 EndMS:-1 DurationMS:-1 Check:entries Detail:{Reason: Field: Target:-1 Actual:-1 Limit:-1 Start:-1 End:-1 ExpectedType: ActualType:}} Provider:<nil> Outcome: Refunded:false}"
2026/09/22 10:16:34 INFO generation_trace event="{RelatedRunID: ActorKind: RequestID:req_g_kyZbqKvE8hi9jUVjp0nw RunID: ModelID: Sequence:34 ElapsedMS:9 Kind:check_end Late:false Fact:{Stage:preflight State:ok BeginMS:1 EndMS:-1 DurationMS:-1 Check:entries Detail:{Reason: Field: Target:-1 Actual:-1 Limit:-1 Start:-1 End:-1 ExpectedType: ActualType:}} Provider:<nil> Outcome: Refunded:false}"
2026/09/22 10:16:34 INFO generation_trace event="{RelatedRunID: ActorKind: RequestID:req_g_kyZbqKvE8hi9jUVjp0nw RunID: ModelID: Sequence:35 ElapsedMS:9 Kind:check_begin Late:false Fact:{Stage:preflight State:running BeginMS:1 EndMS:-1 DurationMS:-1 Check:token Detail:{Reason: Field: Target:-1 Actual:-1 Limit:-1 Start:-1 End:-1 ExpectedType: ActualType:}} Provider:<nil> Outcome: Refunded:false}"
2026/09/22 10:16:34 INFO generation_trace event="{RelatedRunID: ActorKind: RequestID:req_g_kyZbqKvE8hi9jUVjp0nw RunID: ModelID: Sequence:36 ElapsedMS:9 Kind:check_end Late:false Fact:{Stage:preflight State:ok BeginMS:1 EndMS:-1 DurationMS:-1 Check:token Detail:{Reason: Field: Target:-1 Actual:-1 Limit:-1 Start:-1 End:-1 ExpectedType: ActualType:}} Provider:<nil> Outcome: Refunded:false}"
2026/09/22 10:16:34 INFO generation_trace event="{RelatedRunID: ActorKind: RequestID:req_g_kyZbqKvE8hi9jUVjp0nw RunID: ModelID: Sequence:37 ElapsedMS:9 Kind:check_begin Late:false Fact:{Stage:preflight State:running BeginMS:1 EndMS:-1 DurationMS:-1 Check:transaction_commit Detail:{Reason: Field: Target:-1 Actual:-1 Limit:-1 Start:-1 End:-1 ExpectedType: ActualType:}} Provider:<nil> Outcome: Refunded:false}"
2026/09/22 10:16:34 INFO generation_trace event="{RelatedRunID: ActorKind: RequestID:req_g_kyZbqKvE8hi9jUVjp0nw RunID:01a0c6e6-9015-7370-aa93-5aa8b249bcf9 ModelID:01a0c6e6-8ff6-71ad-96ce-894a47539c5b Sequence:38 ElapsedMS:9 Kind:run_bound Late:false Fact:{Stage: State: BeginMS:0 EndMS:0 DurationMS:0 Check: Detail:{Reason: Field: Target:0 Actual:0 Limit:0 Start:0 End:0 ExpectedType: ActualType:}} Provider:<nil> Outcome: Refunded:false}"
2026/09/22 10:16:34 INFO generation_trace event="{RelatedRunID: ActorKind: RequestID:req_g_kyZbqKvE8hi9jUVjp0nw RunID:01a0c6e6-9015-7370-aa93-5aa8b249bcf9 ModelID:01a0c6e6-8ff6-71ad-96ce-894a47539c5b Sequence:39 ElapsedMS:9 Kind:check_end Late:false Fact:{Stage:preflight State:ok BeginMS:1 EndMS:9 DurationMS:8 Check:transaction_commit Detail:{Reason: Field: Target:-1 Actual:-1 Limit:-1 Start:-1 End:-1 ExpectedType: ActualType:}} Provider:<nil> Outcome: Refunded:false}"
2026/09/22 10:16:34 INFO generation_trace event="{RelatedRunID: ActorKind: RequestID:req_g_kyZbqKvE8hi9jUVjp0nw RunID:01a0c6e6-9015-7370-aa93-5aa8b249bcf9 ModelID:01a0c6e6-8ff6-71ad-96ce-894a47539c5b Sequence:40 ElapsedMS:9 Kind:stage_end Late:false Fact:{Stage:preflight State:ok BeginMS:1 EndMS:9 DurationMS:8 Check:transaction_commit Detail:{Reason: Field: Target:-1 Actual:-1 Limit:-1 Start:-1 End:-1 ExpectedType: ActualType:}} Provider:<nil> Outcome: Refunded:false}"
2026/09/22 10:16:34 INFO generation_trace event="{RelatedRunID: ActorKind: RequestID:req_g_kyZbqKvE8hi9jUVjp0nw RunID:01a0c6e6-9015-7370-aa93-5aa8b249bcf9 ModelID:01a0c6e6-8ff6-71ad-96ce-894a47539c5b Sequence:41 ElapsedMS:9 Kind:stage_begin Late:false Fact:{Stage:provider_open State:running BeginMS:9 EndMS:-1 DurationMS:-1 Check: Detail:{Reason: Field: Target:-1 Actual:-1 Limit:-1 Start:-1 End:-1 ExpectedType: ActualType:}} Provider:<nil> Outcome: Refunded:false}"
2026/09/22 10:16:34 INFO generation_trace event="{RelatedRunID: ActorKind: RequestID:req_g_kyZbqKvE8hi9jUVjp0nw RunID:01a0c6e6-9015-7370-aa93-5aa8b249bcf9 ModelID:01a0c6e6-8ff6-71ad-96ce-894a47539c5b Sequence:42 ElapsedMS:9 Kind:check_begin Late:false Fact:{Stage:provider_open State:running BeginMS:9 EndMS:-1 DurationMS:-1 Check:credentials Detail:{Reason: Field: Target:-1 Actual:-1 Limit:-1 Start:-1 End:-1 ExpectedType: ActualType:}} Provider:<nil> Outcome: Refunded:false}"
2026/09/22 10:16:34 INFO generation_trace event="{RelatedRunID: ActorKind: RequestID:req_g_kyZbqKvE8hi9jUVjp0nw RunID:01a0c6e6-9015-7370-aa93-5aa8b249bcf9 ModelID:01a0c6e6-8ff6-71ad-96ce-894a47539c5b Sequence:43 ElapsedMS:9 Kind:check_end Late:false Fact:{Stage:provider_open State:ok BeginMS:9 EndMS:-1 DurationMS:-1 Check:credentials Detail:{Reason: Field: Target:-1 Actual:-1 Limit:-1 Start:-1 End:-1 ExpectedType: ActualType:}} Provider:<nil> Outcome: Refunded:false}"
2026/09/22 10:16:34 INFO generation_trace event="{RelatedRunID: ActorKind: RequestID:req_g_kyZbqKvE8hi9jUVjp0nw RunID:01a0c6e6-9015-7370-aa93-5aa8b249bcf9 ModelID:01a0c6e6-8ff6-71ad-96ce-894a47539c5b Sequence:44 ElapsedMS:10 Kind:check_begin Late:false Fact:{Stage:provider_open State:running BeginMS:9 EndMS:-1 DurationMS:-1 Check:request_encode Detail:{Reason: Field: Target:-1 Actual:-1 Limit:-1 Start:-1 End:-1 ExpectedType: ActualType:}} Provider:<nil> Outcome: Refunded:false}"
2026/09/22 10:16:34 INFO generation_trace event="{RelatedRunID: ActorKind: RequestID:req_g_kyZbqKvE8hi9jUVjp0nw RunID:01a0c6e6-9015-7370-aa93-5aa8b249bcf9 ModelID:01a0c6e6-8ff6-71ad-96ce-894a47539c5b Sequence:45 ElapsedMS:10 Kind:check_end Late:false Fact:{Stage:provider_open State:ok BeginMS:9 EndMS:-1 DurationMS:-1 Check:request_encode Detail:{Reason: Field: Target:-1 Actual:-1 Limit:-1 Start:-1 End:-1 ExpectedType: ActualType:}} Provider:<nil> Outcome: Refunded:false}"
2026/09/22 10:16:34 INFO generation_trace event="{RelatedRunID: ActorKind: RequestID:req_g_kyZbqKvE8hi9jUVjp0nw RunID:01a0c6e6-9015-7370-aa93-5aa8b249bcf9 ModelID:01a0c6e6-8ff6-71ad-96ce-894a47539c5b Sequence:46 ElapsedMS:10 Kind:check_begin Late:false Fact:{Stage:provider_open State:running BeginMS:9 EndMS:-1 DurationMS:-1 Check:request_create Detail:{Reason: Field: Target:-1 Actual:-1 Limit:-1 Start:-1 End:-1 ExpectedType: ActualType:}} Provider:<nil> Outcome: Refunded:false}"
2026/09/22 10:16:34 INFO generation_trace event="{RelatedRunID: ActorKind: RequestID:req_g_kyZbqKvE8hi9jUVjp0nw RunID:01a0c6e6-9015-7370-aa93-5aa8b249bcf9 ModelID:01a0c6e6-8ff6-71ad-96ce-894a47539c5b Sequence:47 ElapsedMS:10 Kind:check_end Late:false Fact:{Stage:provider_open State:ok BeginMS:9 EndMS:-1 DurationMS:-1 Check:request_create Detail:{Reason: Field: Target:-1 Actual:-1 Limit:-1 Start:-1 End:-1 ExpectedType: ActualType:}} Provider:<nil> Outcome: Refunded:false}"
2026/09/22 10:16:34 INFO generation_trace event="{RelatedRunID: ActorKind: RequestID:req_g_kyZbqKvE8hi9jUVjp0nw RunID:01a0c6e6-9015-7370-aa93-5aa8b249bcf9 ModelID:01a0c6e6-8ff6-71ad-96ce-894a47539c5b Sequence:48 ElapsedMS:10 Kind:check_begin Late:false Fact:{Stage:provider_open State:running BeginMS:9 EndMS:-1 DurationMS:-1 Check:request_send Detail:{Reason: Field: Target:-1 Actual:-1 Limit:-1 Start:-1 End:-1 ExpectedType: ActualType:}} Provider:<nil> Outcome: Refunded:false}"
2026/09/22 10:16:34 INFO generation_trace event="{RelatedRunID: ActorKind: RequestID:req_g_kyZbqKvE8hi9jUVjp0nw RunID:01a0c6e6-9015-7370-aa93-5aa8b249bcf9 ModelID:01a0c6e6-8ff6-71ad-96ce-894a47539c5b Sequence:49 ElapsedMS:12 Kind:check_end Late:false Fact:{Stage:provider_open State:ok BeginMS:9 EndMS:-1 DurationMS:-1 Check:request_send Detail:{Reason: Field: Target:-1 Actual:-1 Limit:-1 Start:-1 End:-1 ExpectedType: ActualType:}} Provider:<nil> Outcome: Refunded:false}"
2026/09/22 10:16:34 INFO generation_trace event="{RelatedRunID: ActorKind: RequestID:req_g_kyZbqKvE8hi9jUVjp0nw RunID:01a0c6e6-9015-7370-aa93-5aa8b249bcf9 ModelID:01a0c6e6-8ff6-71ad-96ce-894a47539c5b Sequence:50 ElapsedMS:12 Kind:check_begin Late:false Fact:{Stage:provider_open State:running BeginMS:9 EndMS:-1 DurationMS:-1 Check:response_headers Detail:{Reason: Field: Target:-1 Actual:-1 Limit:-1 Start:-1 End:-1 ExpectedType: ActualType:}} Provider:<nil> Outcome: Refunded:false}"
2026/09/22 10:16:34 INFO generation_trace event="{RelatedRunID: ActorKind: RequestID:req_g_kyZbqKvE8hi9jUVjp0nw RunID:01a0c6e6-9015-7370-aa93-5aa8b249bcf9 ModelID:01a0c6e6-8ff6-71ad-96ce-894a47539c5b Sequence:51 ElapsedMS:12 Kind:provider Late:false Fact:{Stage:provider_open State:running BeginMS:9 EndMS:-1 DurationMS:-1 Check:response_headers Detail:{Reason: Field: Target:-1 Actual:-1 Limit:-1 Start:-1 End:-1 ExpectedType: ActualType:}} Provider:0xc003e25cc0 Outcome: Refunded:false}"
2026/09/22 10:16:34 INFO generation_trace event="{RelatedRunID: ActorKind: RequestID:req_g_kyZbqKvE8hi9jUVjp0nw RunID:01a0c6e6-9015-7370-aa93-5aa8b249bcf9 ModelID:01a0c6e6-8ff6-71ad-96ce-894a47539c5b Sequence:52 ElapsedMS:12 Kind:check_end Late:false Fact:{Stage:provider_open State:ok BeginMS:9 EndMS:12 DurationMS:3 Check:response_headers Detail:{Reason: Field: Target:-1 Actual:-1 Limit:-1 Start:-1 End:-1 ExpectedType: ActualType:}} Provider:<nil> Outcome: Refunded:false}"
2026/09/22 10:16:34 INFO generation_trace event="{RelatedRunID: ActorKind: RequestID:req_g_kyZbqKvE8hi9jUVjp0nw RunID:01a0c6e6-9015-7370-aa93-5aa8b249bcf9 ModelID:01a0c6e6-8ff6-71ad-96ce-894a47539c5b Sequence:53 ElapsedMS:12 Kind:stage_end Late:false Fact:{Stage:provider_open State:ok BeginMS:9 EndMS:12 DurationMS:3 Check:response_headers Detail:{Reason: Field: Target:-1 Actual:-1 Limit:-1 Start:-1 End:-1 ExpectedType: ActualType:}} Provider:<nil> Outcome: Refunded:false}"
2026/09/22 10:16:34 INFO generation_trace event="{RelatedRunID: ActorKind: RequestID:req_g_kyZbqKvE8hi9jUVjp0nw RunID:01a0c6e6-9015-7370-aa93-5aa8b249bcf9 ModelID:01a0c6e6-8ff6-71ad-96ce-894a47539c5b Sequence:54 ElapsedMS:12 Kind:stage_begin Late:false Fact:{Stage:delivery State:running BeginMS:12 EndMS:-1 DurationMS:-1 Check: Detail:{Reason: Field: Target:-1 Actual:-1 Limit:-1 Start:-1 End:-1 ExpectedType: ActualType:}} Provider:<nil> Outcome: Refunded:false}"
2026/09/22 10:16:34 INFO generation_trace event="{RelatedRunID: ActorKind: RequestID:req_g_kyZbqKvE8hi9jUVjp0nw RunID:01a0c6e6-9015-7370-aa93-5aa8b249bcf9 ModelID:01a0c6e6-8ff6-71ad-96ce-894a47539c5b Sequence:55 ElapsedMS:13 Kind:fact Late:false Fact:{Stage:delivery State:running BeginMS:12 EndMS:-1 DurationMS:-1 Check:started Detail:{Reason: Field: Target:-1 Actual:192 Limit:-1 Start:-1 End:-1 ExpectedType: ActualType:}} Provider:<nil> Outcome: Refunded:false}"
2026/09/22 10:16:34 INFO generation_trace event="{RelatedRunID: ActorKind: RequestID:req_g_kyZbqKvE8hi9jUVjp0nw RunID:01a0c6e6-9015-7370-aa93-5aa8b249bcf9 ModelID:01a0c6e6-8ff6-71ad-96ce-894a47539c5b Sequence:56 ElapsedMS:13 Kind:stage_begin Late:false Fact:{Stage:provider_stream State:running BeginMS:13 EndMS:-1 DurationMS:-1 Check: Detail:{Reason: Field: Target:-1 Actual:-1 Limit:-1 Start:-1 End:-1 ExpectedType: ActualType:}} Provider:<nil> Outcome: Refunded:false}"
2026/09/22 10:16:34 INFO generation_trace event="{RelatedRunID: ActorKind: RequestID:req_g_kyZbqKvE8hi9jUVjp0nw RunID:01a0c6e6-9015-7370-aa93-5aa8b249bcf9 ModelID:01a0c6e6-8ff6-71ad-96ce-894a47539c5b Sequence:57 ElapsedMS:13 Kind:fact Late:false Fact:{Stage:provider_stream State:running BeginMS:13 EndMS:-1 DurationMS:-1 Check:frame Detail:{Reason: Field: Target:-1 Actual:1 Limit:-1 Start:-1 End:690 ExpectedType: ActualType:}} Provider:<nil> Outcome: Refunded:false}"
2026/09/22 10:16:34 INFO generation_trace event="{RelatedRunID: ActorKind: RequestID:req_g_kyZbqKvE8hi9jUVjp0nw RunID:01a0c6e6-9015-7370-aa93-5aa8b249bcf9 ModelID:01a0c6e6-8ff6-71ad-96ce-894a47539c5b Sequence:58 ElapsedMS:13 Kind:provider Late:false Fact:{Stage:provider_stream State:running BeginMS:13 EndMS:-1 DurationMS:-1 Check: Detail:{Reason: Field: Target:-1 Actual:-1 Limit:-1 Start:-1 End:-1 ExpectedType: ActualType:}} Provider:0xc003f27400 Outcome: Refunded:false}"
2026/09/22 10:16:34 INFO generation_trace event="{RelatedRunID: ActorKind: RequestID:req_g_kyZbqKvE8hi9jUVjp0nw RunID:01a0c6e6-9015-7370-aa93-5aa8b249bcf9 ModelID:01a0c6e6-8ff6-71ad-96ce-894a47539c5b Sequence:59 ElapsedMS:13 Kind:first_provider_content Late:false Fact:{Stage:provider_stream State:running BeginMS:13 EndMS:-1 DurationMS:-1 Check:content Detail:{Reason: Field: Target:-1 Actual:632 Limit:16777216 Start:0 End:632 ExpectedType: ActualType:}} Provider:<nil> Outcome: Refunded:false}"
2026/09/22 10:16:34 INFO generation_trace event="{RelatedRunID: ActorKind: RequestID:req_g_kyZbqKvE8hi9jUVjp0nw RunID:01a0c6e6-9015-7370-aa93-5aa8b249bcf9 ModelID:01a0c6e6-8ff6-71ad-96ce-894a47539c5b Sequence:60 ElapsedMS:13 Kind:fact Late:false Fact:{Stage:provider_stream State:running BeginMS:13 EndMS:-1 DurationMS:-1 Check:content Detail:{Reason: Field: Target:-1 Actual:632 Limit:16777216 Start:0 End:632 ExpectedType: ActualType:}} Provider:<nil> Outcome: Refunded:false}"
2026/09/22 10:16:34 INFO generation_trace event="{RelatedRunID: ActorKind: RequestID:req_g_kyZbqKvE8hi9jUVjp0nw RunID:01a0c6e6-9015-7370-aa93-5aa8b249bcf9 ModelID:01a0c6e6-8ff6-71ad-96ce-894a47539c5b Sequence:61 ElapsedMS:13 Kind:stage_begin Late:false Fact:{Stage:passage_decode State:running BeginMS:13 EndMS:-1 DurationMS:-1 Check: Detail:{Reason: Field: Target:-1 Actual:-1 Limit:-1 Start:-1 End:-1 ExpectedType: ActualType:}} Provider:<nil> Outcome: Refunded:false}"
2026/09/22 10:16:34 INFO generation_trace event="{RelatedRunID: ActorKind: RequestID:req_g_kyZbqKvE8hi9jUVjp0nw RunID:01a0c6e6-9015-7370-aa93-5aa8b249bcf9 ModelID:01a0c6e6-8ff6-71ad-96ce-894a47539c5b Sequence:62 ElapsedMS:14 Kind:stage_end Late:false Fact:{Stage:provider_stream State:ok BeginMS:13 EndMS:14 DurationMS:1 Check: Detail:{Reason: Field: Target:-1 Actual:-1 Limit:-1 Start:-1 End:-1 ExpectedType: ActualType:}} Provider:<nil> Outcome: Refunded:false}"
2026/09/22 10:16:34 INFO generation_trace event="{RelatedRunID: ActorKind: RequestID:req_g_kyZbqKvE8hi9jUVjp0nw RunID:01a0c6e6-9015-7370-aa93-5aa8b249bcf9 ModelID:01a0c6e6-8ff6-71ad-96ce-894a47539c5b Sequence:63 ElapsedMS:14 Kind:stage_begin Late:false Fact:{Stage:candidate_decode State:running BeginMS:14 EndMS:-1 DurationMS:-1 Check: Detail:{Reason: Field: Target:-1 Actual:-1 Limit:-1 Start:-1 End:-1 ExpectedType: ActualType:}} Provider:<nil> Outcome: Refunded:false}"
2026/09/22 10:16:34 INFO generation_trace event="{RelatedRunID: ActorKind: RequestID:req_g_kyZbqKvE8hi9jUVjp0nw RunID:01a0c6e6-9015-7370-aa93-5aa8b249bcf9 ModelID:01a0c6e6-8ff6-71ad-96ce-894a47539c5b Sequence:64 ElapsedMS:14 Kind:check_begin Late:false Fact:{Stage:candidate_decode State:running BeginMS:14 EndMS:-1 DurationMS:-1 Check:json_schema Detail:{Reason: Field: Target:-1 Actual:-1 Limit:-1 Start:-1 End:-1 ExpectedType: ActualType:}} Provider:<nil> Outcome: Refunded:false}"
2026/09/22 10:16:34 INFO generation_trace event="{RelatedRunID: ActorKind: RequestID:req_g_kyZbqKvE8hi9jUVjp0nw RunID:01a0c6e6-9015-7370-aa93-5aa8b249bcf9 ModelID:01a0c6e6-8ff6-71ad-96ce-894a47539c5b Sequence:65 ElapsedMS:14 Kind:check_end Late:false Fact:{Stage:candidate_decode State:ok BeginMS:14 EndMS:-1 DurationMS:-1 Check:json_schema Detail:{Reason: Field: Target:-1 Actual:-1 Limit:-1 Start:-1 End:-1 ExpectedType: ActualType:}} Provider:<nil> Outcome: Refunded:false}"
2026/09/22 10:16:34 INFO generation_trace event="{RelatedRunID: ActorKind: RequestID:req_g_kyZbqKvE8hi9jUVjp0nw RunID:01a0c6e6-9015-7370-aa93-5aa8b249bcf9 ModelID:01a0c6e6-8ff6-71ad-96ce-894a47539c5b Sequence:66 ElapsedMS:14 Kind:check_begin Late:false Fact:{Stage:candidate_decode State:running BeginMS:14 EndMS:-1 DurationMS:-1 Check:candidate_bytes Detail:{Reason: Field: Target:-1 Actual:-1 Limit:-1 Start:-1 End:-1 ExpectedType: ActualType:}} Provider:<nil> Outcome: Refunded:false}"
2026/09/22 10:16:34 INFO generation_trace event="{RelatedRunID: ActorKind: RequestID:req_g_kyZbqKvE8hi9jUVjp0nw RunID:01a0c6e6-9015-7370-aa93-5aa8b249bcf9 ModelID:01a0c6e6-8ff6-71ad-96ce-894a47539c5b Sequence:67 ElapsedMS:14 Kind:fact Late:false Fact:{Stage:candidate_decode State:running BeginMS:14 EndMS:-1 DurationMS:-1 Check:candidate_bytes Detail:{Reason: Field: Target:-1 Actual:632 Limit:16777216 Start:-1 End:-1 ExpectedType: ActualType:}} Provider:<nil> Outcome: Refunded:false}"
2026/09/22 10:16:34 INFO generation_trace event="{RelatedRunID: ActorKind: RequestID:req_g_kyZbqKvE8hi9jUVjp0nw RunID:01a0c6e6-9015-7370-aa93-5aa8b249bcf9 ModelID:01a0c6e6-8ff6-71ad-96ce-894a47539c5b Sequence:68 ElapsedMS:14 Kind:check_end Late:false Fact:{Stage:candidate_decode State:ok BeginMS:14 EndMS:-1 DurationMS:-1 Check:candidate_bytes Detail:{Reason: Field: Target:-1 Actual:-1 Limit:-1 Start:-1 End:-1 ExpectedType: ActualType:}} Provider:<nil> Outcome: Refunded:false}"
2026/09/22 10:16:34 INFO generation_trace event="{RelatedRunID: ActorKind: RequestID:req_g_kyZbqKvE8hi9jUVjp0nw RunID:01a0c6e6-9015-7370-aa93-5aa8b249bcf9 ModelID:01a0c6e6-8ff6-71ad-96ce-894a47539c5b Sequence:69 ElapsedMS:14 Kind:check_begin Late:false Fact:{Stage:candidate_decode State:running BeginMS:14 EndMS:-1 DurationMS:-1 Check:candidate_encoding Detail:{Reason: Field: Target:-1 Actual:-1 Limit:-1 Start:-1 End:-1 ExpectedType: ActualType:}} Provider:<nil> Outcome: Refunded:false}"
2026/09/22 10:16:34 INFO generation_trace event="{RelatedRunID: ActorKind: RequestID:req_g_kyZbqKvE8hi9jUVjp0nw RunID:01a0c6e6-9015-7370-aa93-5aa8b249bcf9 ModelID:01a0c6e6-8ff6-71ad-96ce-894a47539c5b Sequence:70 ElapsedMS:14 Kind:first_browser_content Late:false Fact:{Stage:delivery State:running BeginMS:12 EndMS:-1 DurationMS:-1 Check:delta Detail:{Reason: Field: Target:-1 Actual:465 Limit:-1 Start:-1 End:-1 ExpectedType: ActualType:}} Provider:<nil> Outcome: Refunded:false}"
2026/09/22 10:16:34 INFO generation_trace event="{RelatedRunID: ActorKind: RequestID:req_g_kyZbqKvE8hi9jUVjp0nw RunID:01a0c6e6-9015-7370-aa93-5aa8b249bcf9 ModelID:01a0c6e6-8ff6-71ad-96ce-894a47539c5b Sequence:71 ElapsedMS:14 Kind:fact Late:false Fact:{Stage:delivery State:running BeginMS:12 EndMS:-1 DurationMS:-1 Check:delta Detail:{Reason: Field: Target:-1 Actual:465 Limit:-1 Start:-1 End:-1 ExpectedType: ActualType:}} Provider:<nil> Outcome: Refunded:false}"
2026/09/22 10:16:34 INFO generation_trace event="{RelatedRunID: ActorKind: RequestID:req_g_kyZbqKvE8hi9jUVjp0nw RunID:01a0c6e6-9015-7370-aa93-5aa8b249bcf9 ModelID:01a0c6e6-8ff6-71ad-96ce-894a47539c5b Sequence:72 ElapsedMS:14 Kind:check_end Late:false Fact:{Stage:candidate_decode State:ok BeginMS:14 EndMS:-1 DurationMS:-1 Check:candidate_encoding Detail:{Reason: Field: Target:-1 Actual:-1 Limit:-1 Start:-1 End:-1 ExpectedType: ActualType:}} Provider:<nil> Outcome: Refunded:false}"
2026/09/22 10:16:34 INFO generation_trace event="{RelatedRunID: ActorKind: RequestID:req_g_kyZbqKvE8hi9jUVjp0nw RunID:01a0c6e6-9015-7370-aa93-5aa8b249bcf9 ModelID:01a0c6e6-8ff6-71ad-96ce-894a47539c5b Sequence:73 ElapsedMS:14 Kind:check_begin Late:false Fact:{Stage:candidate_decode State:running BeginMS:14 EndMS:-1 DurationMS:-1 Check:candidate_nonempty Detail:{Reason: Field: Target:-1 Actual:-1 Limit:-1 Start:-1 End:-1 ExpectedType: ActualType:}} Provider:<nil> Outcome: Refunded:false}"
2026/09/22 10:16:34 INFO generation_trace event="{RelatedRunID: ActorKind: RequestID:req_g_kyZbqKvE8hi9jUVjp0nw RunID:01a0c6e6-9015-7370-aa93-5aa8b249bcf9 ModelID:01a0c6e6-8ff6-71ad-96ce-894a47539c5b Sequence:74 ElapsedMS:14 Kind:check_end Late:false Fact:{Stage:candidate_decode State:ok BeginMS:14 EndMS:-1 DurationMS:-1 Check:candidate_nonempty Detail:{Reason: Field: Target:-1 Actual:-1 Limit:-1 Start:-1 End:-1 ExpectedType: ActualType:}} Provider:<nil> Outcome: Refunded:false}"
2026/09/22 10:16:34 INFO generation_trace event="{RelatedRunID: ActorKind: RequestID:req_g_kyZbqKvE8hi9jUVjp0nw RunID:01a0c6e6-9015-7370-aa93-5aa8b249bcf9 ModelID:01a0c6e6-8ff6-71ad-96ce-894a47539c5b Sequence:75 ElapsedMS:14 Kind:check_begin Late:false Fact:{Stage:candidate_decode State:running BeginMS:14 EndMS:-1 DurationMS:-1 Check:passage_first Detail:{Reason: Field: Target:-1 Actual:-1 Limit:-1 Start:-1 End:-1 ExpectedType: ActualType:}} Provider:<nil> Outcome: Refunded:false}"
2026/09/22 10:16:34 INFO generation_trace event="{RelatedRunID: ActorKind: RequestID:req_g_kyZbqKvE8hi9jUVjp0nw RunID:01a0c6e6-9015-7370-aa93-5aa8b249bcf9 ModelID:01a0c6e6-8ff6-71ad-96ce-894a47539c5b Sequence:76 ElapsedMS:14 Kind:check_end Late:false Fact:{Stage:candidate_decode State:ok BeginMS:14 EndMS:-1 DurationMS:-1 Check:passage_first Detail:{Reason: Field: Target:-1 Actual:-1 Limit:-1 Start:-1 End:-1 ExpectedType: ActualType:}} Provider:<nil> Outcome: Refunded:false}"
2026/09/22 10:16:34 INFO generation_trace event="{RelatedRunID: ActorKind: RequestID:req_g_kyZbqKvE8hi9jUVjp0nw RunID:01a0c6e6-9015-7370-aa93-5aa8b249bcf9 ModelID:01a0c6e6-8ff6-71ad-96ce-894a47539c5b Sequence:77 ElapsedMS:14 Kind:check_begin Late:false Fact:{Stage:candidate_decode State:running BeginMS:14 EndMS:-1 DurationMS:-1 Check:json_tokens Detail:{Reason: Field: Target:-1 Actual:-1 Limit:-1 Start:-1 End:-1 ExpectedType: ActualType:}} Provider:<nil> Outcome: Refunded:false}"
2026/09/22 10:16:34 INFO generation_trace event="{RelatedRunID: ActorKind: RequestID:req_g_kyZbqKvE8hi9jUVjp0nw RunID:01a0c6e6-9015-7370-aa93-5aa8b249bcf9 ModelID:01a0c6e6-8ff6-71ad-96ce-894a47539c5b Sequence:78 ElapsedMS:15 Kind:check_end Late:false Fact:{Stage:candidate_decode State:ok BeginMS:14 EndMS:-1 DurationMS:-1 Check:json_tokens Detail:{Reason: Field: Target:-1 Actual:-1 Limit:-1 Start:-1 End:-1 ExpectedType: ActualType:}} Provider:<nil> Outcome: Refunded:false}"
2026/09/22 10:16:34 INFO generation_trace event="{RelatedRunID: ActorKind: RequestID:req_g_kyZbqKvE8hi9jUVjp0nw RunID:01a0c6e6-9015-7370-aa93-5aa8b249bcf9 ModelID:01a0c6e6-8ff6-71ad-96ce-894a47539c5b Sequence:79 ElapsedMS:15 Kind:check_begin Late:false Fact:{Stage:candidate_decode State:running BeginMS:14 EndMS:-1 DurationMS:-1 Check:candidate_keys Detail:{Reason: Field: Target:-1 Actual:-1 Limit:-1 Start:-1 End:-1 ExpectedType: ActualType:}} Provider:<nil> Outcome: Refunded:false}"
2026/09/22 10:16:34 INFO generation_trace event="{RelatedRunID: ActorKind: RequestID:req_g_kyZbqKvE8hi9jUVjp0nw RunID:01a0c6e6-9015-7370-aa93-5aa8b249bcf9 ModelID:01a0c6e6-8ff6-71ad-96ce-894a47539c5b Sequence:80 ElapsedMS:15 Kind:check_end Late:false Fact:{Stage:candidate_decode State:ok BeginMS:14 EndMS:-1 DurationMS:-1 Check:candidate_keys Detail:{Reason: Field: Target:-1 Actual:-1 Limit:-1 Start:-1 End:-1 ExpectedType: ActualType:}} Provider:<nil> Outcome: Refunded:false}"
2026/09/22 10:16:34 INFO generation_trace event="{RelatedRunID: ActorKind: RequestID:req_g_kyZbqKvE8hi9jUVjp0nw RunID:01a0c6e6-9015-7370-aa93-5aa8b249bcf9 ModelID:01a0c6e6-8ff6-71ad-96ce-894a47539c5b Sequence:81 ElapsedMS:15 Kind:check_begin Late:false Fact:{Stage:candidate_decode State:running BeginMS:14 EndMS:-1 DurationMS:-1 Check:targets_type Detail:{Reason: Field: Target:-1 Actual:-1 Limit:-1 Start:-1 End:-1 ExpectedType: ActualType:}} Provider:<nil> Outcome: Refunded:false}"
2026/09/22 10:16:34 INFO generation_trace event="{RelatedRunID: ActorKind: RequestID:req_g_kyZbqKvE8hi9jUVjp0nw RunID:01a0c6e6-9015-7370-aa93-5aa8b249bcf9 ModelID:01a0c6e6-8ff6-71ad-96ce-894a47539c5b Sequence:82 ElapsedMS:15 Kind:check_end Late:false Fact:{Stage:candidate_decode State:ok BeginMS:14 EndMS:-1 DurationMS:-1 Check:targets_type Detail:{Reason: Field: Target:-1 Actual:-1 Limit:-1 Start:-1 End:-1 ExpectedType: ActualType:}} Provider:<nil> Outcome: Refunded:false}"
2026/09/22 10:16:34 INFO generation_trace event="{RelatedRunID: ActorKind: RequestID:req_g_kyZbqKvE8hi9jUVjp0nw RunID:01a0c6e6-9015-7370-aa93-5aa8b249bcf9 ModelID:01a0c6e6-8ff6-71ad-96ce-894a47539c5b Sequence:83 ElapsedMS:15 Kind:check_begin Late:false Fact:{Stage:candidate_decode State:running BeginMS:14 EndMS:-1 DurationMS:-1 Check:target_keys Detail:{Reason: Field: Target:0 Actual:-1 Limit:-1 Start:-1 End:-1 ExpectedType: ActualType:}} Provider:<nil> Outcome: Refunded:false}"
2026/09/22 10:16:34 INFO generation_trace event="{RelatedRunID: ActorKind: RequestID:req_g_kyZbqKvE8hi9jUVjp0nw RunID:01a0c6e6-9015-7370-aa93-5aa8b249bcf9 ModelID:01a0c6e6-8ff6-71ad-96ce-894a47539c5b Sequence:84 ElapsedMS:15 Kind:fact Late:false Fact:{Stage:candidate_decode State:running BeginMS:14 EndMS:-1 DurationMS:-1 Check:target_keys Detail:{Reason: Field:targets Target:0 Actual:2 Limit:2 Start:-1 End:-1 ExpectedType: ActualType:}} Provider:<nil> Outcome: Refunded:false}"
2026/09/22 10:16:34 INFO generation_trace event="{RelatedRunID: ActorKind: RequestID:req_g_kyZbqKvE8hi9jUVjp0nw RunID:01a0c6e6-9015-7370-aa93-5aa8b249bcf9 ModelID:01a0c6e6-8ff6-71ad-96ce-894a47539c5b Sequence:85 ElapsedMS:15 Kind:check_end Late:false Fact:{Stage:candidate_decode State:ok BeginMS:14 EndMS:-1 DurationMS:-1 Check:target_keys Detail:{Reason: Field: Target:0 Actual:-1 Limit:-1 Start:-1 End:-1 ExpectedType: ActualType:}} Provider:<nil> Outcome: Refunded:false}"
2026/09/22 10:16:34 INFO generation_trace event="{RelatedRunID: ActorKind: RequestID:req_g_kyZbqKvE8hi9jUVjp0nw RunID:01a0c6e6-9015-7370-aa93-5aa8b249bcf9 ModelID:01a0c6e6-8ff6-71ad-96ce-894a47539c5b Sequence:86 ElapsedMS:15 Kind:check_begin Late:false Fact:{Stage:candidate_decode State:running BeginMS:14 EndMS:-1 DurationMS:-1 Check:json_decode Detail:{Reason: Field: Target:0 Actual:-1 Limit:-1 Start:-1 End:-1 ExpectedType: ActualType:}} Provider:<nil> Outcome: Refunded:false}"
2026/09/22 10:16:34 INFO generation_trace event="{RelatedRunID: ActorKind: RequestID:req_g_kyZbqKvE8hi9jUVjp0nw RunID:01a0c6e6-9015-7370-aa93-5aa8b249bcf9 ModelID:01a0c6e6-8ff6-71ad-96ce-894a47539c5b Sequence:87 ElapsedMS:15 Kind:check_end Late:false Fact:{Stage:candidate_decode State:ok BeginMS:14 EndMS:-1 DurationMS:-1 Check:json_decode Detail:{Reason: Field: Target:0 Actual:-1 Limit:-1 Start:-1 End:-1 ExpectedType: ActualType:}} Provider:<nil> Outcome: Refunded:false}"
2026/09/22 10:16:34 INFO generation_trace event="{RelatedRunID: ActorKind: RequestID:req_g_kyZbqKvE8hi9jUVjp0nw RunID:01a0c6e6-9015-7370-aa93-5aa8b249bcf9 ModelID:01a0c6e6-8ff6-71ad-96ce-894a47539c5b Sequence:88 ElapsedMS:15 Kind:check_begin Late:false Fact:{Stage:candidate_decode State:running BeginMS:14 EndMS:-1 DurationMS:-1 Check:json_decode Detail:{Reason: Field: Target:-1 Actual:-1 Limit:-1 Start:-1 End:-1 ExpectedType: ActualType:}} Provider:<nil> Outcome: Refunded:false}"
2026/09/22 10:16:34 INFO generation_trace event="{RelatedRunID: ActorKind: RequestID:req_g_kyZbqKvE8hi9jUVjp0nw RunID:01a0c6e6-9015-7370-aa93-5aa8b249bcf9 ModelID:01a0c6e6-8ff6-71ad-96ce-894a47539c5b Sequence:89 ElapsedMS:15 Kind:check_end Late:false Fact:{Stage:candidate_decode State:ok BeginMS:14 EndMS:-1 DurationMS:-1 Check:json_decode Detail:{Reason: Field: Target:-1 Actual:-1 Limit:-1 Start:-1 End:-1 ExpectedType: ActualType:}} Provider:<nil> Outcome: Refunded:false}"
2026/09/22 10:16:34 INFO generation_trace event="{RelatedRunID: ActorKind: RequestID:req_g_kyZbqKvE8hi9jUVjp0nw RunID:01a0c6e6-9015-7370-aa93-5aa8b249bcf9 ModelID:01a0c6e6-8ff6-71ad-96ce-894a47539c5b Sequence:90 ElapsedMS:16 Kind:check_begin Late:false Fact:{Stage:candidate_decode State:running BeginMS:14 EndMS:-1 DurationMS:-1 Check:json_tail Detail:{Reason: Field: Target:-1 Actual:-1 Limit:-1 Start:-1 End:-1 ExpectedType: ActualType:}} Provider:<nil> Outcome: Refunded:false}"
2026/09/22 10:16:34 INFO generation_trace event="{RelatedRunID: ActorKind: RequestID:req_g_kyZbqKvE8hi9jUVjp0nw RunID:01a0c6e6-9015-7370-aa93-5aa8b249bcf9 ModelID:01a0c6e6-8ff6-71ad-96ce-894a47539c5b Sequence:91 ElapsedMS:16 Kind:check_end Late:false Fact:{Stage:candidate_decode State:ok BeginMS:14 EndMS:-1 DurationMS:-1 Check:json_tail Detail:{Reason: Field: Target:-1 Actual:-1 Limit:-1 Start:-1 End:-1 ExpectedType: ActualType:}} Provider:<nil> Outcome: Refunded:false}"
2026/09/22 10:16:34 INFO generation_trace event="{RelatedRunID: ActorKind: RequestID:req_g_kyZbqKvE8hi9jUVjp0nw RunID:01a0c6e6-9015-7370-aa93-5aa8b249bcf9 ModelID:01a0c6e6-8ff6-71ad-96ce-894a47539c5b Sequence:92 ElapsedMS:16 Kind:check_begin Late:false Fact:{Stage:candidate_decode State:running BeginMS:14 EndMS:-1 DurationMS:-1 Check:passage_nonempty Detail:{Reason: Field: Target:-1 Actual:-1 Limit:-1 Start:-1 End:-1 ExpectedType: ActualType:}} Provider:<nil> Outcome: Refunded:false}"
2026/09/22 10:16:34 INFO generation_trace event="{RelatedRunID: ActorKind: RequestID:req_g_kyZbqKvE8hi9jUVjp0nw RunID:01a0c6e6-9015-7370-aa93-5aa8b249bcf9 ModelID:01a0c6e6-8ff6-71ad-96ce-894a47539c5b Sequence:93 ElapsedMS:16 Kind:check_end Late:false Fact:{Stage:candidate_decode State:ok BeginMS:14 EndMS:-1 DurationMS:-1 Check:passage_nonempty Detail:{Reason: Field: Target:-1 Actual:-1 Limit:-1 Start:-1 End:-1 ExpectedType: ActualType:}} Provider:<nil> Outcome: Refunded:false}"
2026/09/22 10:16:34 INFO generation_trace event="{RelatedRunID: ActorKind: RequestID:req_g_kyZbqKvE8hi9jUVjp0nw RunID:01a0c6e6-9015-7370-aa93-5aa8b249bcf9 ModelID:01a0c6e6-8ff6-71ad-96ce-894a47539c5b Sequence:94 ElapsedMS:16 Kind:check_begin Late:false Fact:{Stage:candidate_decode State:running BeginMS:14 EndMS:-1 DurationMS:-1 Check:tag_count Detail:{Reason: Field: Target:-1 Actual:-1 Limit:-1 Start:-1 End:-1 ExpectedType: ActualType:}} Provider:<nil> Outcome: Refunded:false}"
2026/09/22 10:16:34 INFO generation_trace event="{RelatedRunID: ActorKind: RequestID:req_g_kyZbqKvE8hi9jUVjp0nw RunID:01a0c6e6-9015-7370-aa93-5aa8b249bcf9 ModelID:01a0c6e6-8ff6-71ad-96ce-894a47539c5b Sequence:95 ElapsedMS:16 Kind:fact Late:false Fact:{Stage:candidate_decode State:running BeginMS:14 EndMS:-1 DurationMS:-1 Check:tag_count Detail:{Reason: Field:tags Target:-1 Actual:1 Limit:3 Start:-1 End:-1 ExpectedType: ActualType:}} Provider:<nil> Outcome: Refunded:false}"
2026/09/22 10:16:34 INFO generation_trace event="{RelatedRunID: ActorKind: RequestID:req_g_kyZbqKvE8hi9jUVjp0nw RunID:01a0c6e6-9015-7370-aa93-5aa8b249bcf9 ModelID:01a0c6e6-8ff6-71ad-96ce-894a47539c5b Sequence:96 ElapsedMS:16 Kind:check_end Late:false Fact:{Stage:candidate_decode State:ok BeginMS:14 EndMS:-1 DurationMS:-1 Check:tag_count Detail:{Reason: Field: Target:-1 Actual:-1 Limit:-1 Start:-1 End:-1 ExpectedType: ActualType:}} Provider:<nil> Outcome: Refunded:false}"
2026/09/22 10:16:34 INFO generation_trace event="{RelatedRunID: ActorKind: RequestID:req_g_kyZbqKvE8hi9jUVjp0nw RunID:01a0c6e6-9015-7370-aa93-5aa8b249bcf9 ModelID:01a0c6e6-8ff6-71ad-96ce-894a47539c5b Sequence:97 ElapsedMS:16 Kind:check_begin Late:false Fact:{Stage:candidate_decode State:running BeginMS:14 EndMS:-1 DurationMS:-1 Check:targets_nonnull Detail:{Reason: Field: Target:-1 Actual:-1 Limit:-1 Start:-1 End:-1 ExpectedType: ActualType:}} Provider:<nil> Outcome: Refunded:false}"
2026/09/22 10:16:34 INFO generation_trace event="{RelatedRunID: ActorKind: RequestID:req_g_kyZbqKvE8hi9jUVjp0nw RunID:01a0c6e6-9015-7370-aa93-5aa8b249bcf9 ModelID:01a0c6e6-8ff6-71ad-96ce-894a47539c5b Sequence:98 ElapsedMS:16 Kind:check_end Late:false Fact:{Stage:candidate_decode State:ok BeginMS:14 EndMS:-1 DurationMS:-1 Check:targets_nonnull Detail:{Reason: Field: Target:-1 Actual:-1 Limit:-1 Start:-1 End:-1 ExpectedType: ActualType:}} Provider:<nil> Outcome: Refunded:false}"
2026/09/22 10:16:34 INFO generation_trace event="{RelatedRunID: ActorKind: RequestID:req_g_kyZbqKvE8hi9jUVjp0nw RunID:01a0c6e6-9015-7370-aa93-5aa8b249bcf9 ModelID:01a0c6e6-8ff6-71ad-96ce-894a47539c5b Sequence:99 ElapsedMS:16 Kind:check_begin Late:false Fact:{Stage:candidate_decode State:running BeginMS:14 EndMS:-1 DurationMS:-1 Check:tag_size Detail:{Reason: Field: Target:-1 Actual:-1 Limit:-1 Start:-1 End:-1 ExpectedType: ActualType:}} Provider:<nil> Outcome: Refunded:false}"
2026/09/22 10:16:34 INFO generation_trace event="{RelatedRunID: ActorKind: RequestID:req_g_kyZbqKvE8hi9jUVjp0nw RunID:01a0c6e6-9015-7370-aa93-5aa8b249bcf9 ModelID:01a0c6e6-8ff6-71ad-96ce-894a47539c5b Sequence:100 ElapsedMS:16 Kind:fact Late:false Fact:{Stage:candidate_decode State:running BeginMS:14 EndMS:-1 DurationMS:-1 Check:tag_size Detail:{Reason: Field:tags Target:-1 Actual:5 Limit:100 Start:-1 End:-1 ExpectedType: ActualType:}} Provider:<nil> Outcome: Refunded:false}"
2026/09/22 10:16:34 INFO generation_trace event="{RelatedRunID: ActorKind: RequestID:req_g_kyZbqKvE8hi9jUVjp0nw RunID:01a0c6e6-9015-7370-aa93-5aa8b249bcf9 ModelID:01a0c6e6-8ff6-71ad-96ce-894a47539c5b Sequence:101 ElapsedMS:16 Kind:check_end Late:false Fact:{Stage:candidate_decode State:ok BeginMS:14 EndMS:-1 DurationMS:-1 Check:tag_size Detail:{Reason: Field: Target:-1 Actual:-1 Limit:-1 Start:-1 End:-1 ExpectedType: ActualType:}} Provider:<nil> Outcome: Refunded:false}"
2026/09/22 10:16:34 INFO generation_trace event="{RelatedRunID: ActorKind: RequestID:req_g_kyZbqKvE8hi9jUVjp0nw RunID:01a0c6e6-9015-7370-aa93-5aa8b249bcf9 ModelID:01a0c6e6-8ff6-71ad-96ce-894a47539c5b Sequence:102 ElapsedMS:16 Kind:check_begin Late:false Fact:{Stage:candidate_decode State:running BeginMS:14 EndMS:-1 DurationMS:-1 Check:source_entry_size Detail:{Reason: Field: Target:0 Actual:-1 Limit:-1 Start:-1 End:-1 ExpectedType: ActualType:}} Provider:<nil> Outcome: Refunded:false}"
2026/09/22 10:16:34 INFO generation_trace event="{RelatedRunID: ActorKind: RequestID:req_g_kyZbqKvE8hi9jUVjp0nw RunID:01a0c6e6-9015-7370-aa93-5aa8b249bcf9 ModelID:01a0c6e6-8ff6-71ad-96ce-894a47539c5b Sequence:103 ElapsedMS:16 Kind:fact Late:false Fact:{Stage:candidate_decode State:running BeginMS:14 EndMS:-1 DurationMS:-1 Check:source_entry_size Detail:{Reason: Field:source_entry Target:0 Actual:5 Limit:128 Start:-1 End:-1 ExpectedType: ActualType:}} Provider:<nil> Outcome: Refunded:false}"
2026/09/22 10:16:34 INFO generation_trace event="{RelatedRunID: ActorKind: RequestID:req_g_kyZbqKvE8hi9jUVjp0nw RunID:01a0c6e6-9015-7370-aa93-5aa8b249bcf9 ModelID:01a0c6e6-8ff6-71ad-96ce-894a47539c5b Sequence:104 ElapsedMS:16 Kind:check_end Late:false Fact:{Stage:candidate_decode State:ok BeginMS:14 EndMS:-1 DurationMS:-1 Check:source_entry_size Detail:{Reason: Field: Target:0 Actual:-1 Limit:-1 Start:-1 End:-1 ExpectedType: ActualType:}} Provider:<nil> Outcome: Refunded:false}"
2026/09/22 10:16:34 INFO generation_trace event="{RelatedRunID: ActorKind: RequestID:req_g_kyZbqKvE8hi9jUVjp0nw RunID:01a0c6e6-9015-7370-aa93-5aa8b249bcf9 ModelID:01a0c6e6-8ff6-71ad-96ce-894a47539c5b Sequence:105 ElapsedMS:16 Kind:check_begin Late:false Fact:{Stage:candidate_decode State:running BeginMS:14 EndMS:-1 DurationMS:-1 Check:meaning_size Detail:{Reason: Field: Target:0 Actual:-1 Limit:-1 Start:-1 End:-1 ExpectedType: ActualType:}} Provider:<nil> Outcome: Refunded:false}"
2026/09/22 10:16:34 INFO generation_trace event="{RelatedRunID: ActorKind: RequestID:req_g_kyZbqKvE8hi9jUVjp0nw RunID:01a0c6e6-9015-7370-aa93-5aa8b249bcf9 ModelID:01a0c6e6-8ff6-71ad-96ce-894a47539c5b Sequence:106 ElapsedMS:16 Kind:fact Late:false Fact:{Stage:candidate_decode State:running BeginMS:14 EndMS:-1 DurationMS:-1 Check:meaning_size Detail:{Reason: Field:entry_meaning Target:0 Actual:28 Limit:500 Start:-1 End:-1 ExpectedType: ActualType:}} Provider:<nil> Outcome: Refunded:false}"
2026/09/22 10:16:34 INFO generation_trace event="{RelatedRunID: ActorKind: RequestID:req_g_kyZbqKvE8hi9jUVjp0nw RunID:01a0c6e6-9015-7370-aa93-5aa8b249bcf9 ModelID:01a0c6e6-8ff6-71ad-96ce-894a47539c5b Sequence:107 ElapsedMS:17 Kind:check_end Late:false Fact:{Stage:candidate_decode State:ok BeginMS:14 EndMS:-1 DurationMS:-1 Check:meaning_size Detail:{Reason: Field: Target:0 Actual:-1 Limit:-1 Start:-1 End:-1 ExpectedType: ActualType:}} Provider:<nil> Outcome: Refunded:false}"
2026/09/22 10:16:34 INFO generation_trace event="{RelatedRunID: ActorKind: RequestID:req_g_kyZbqKvE8hi9jUVjp0nw RunID:01a0c6e6-9015-7370-aa93-5aa8b249bcf9 ModelID:01a0c6e6-8ff6-71ad-96ce-894a47539c5b Sequence:108 ElapsedMS:17 Kind:check_begin Late:false Fact:{Stage:candidate_decode State:running BeginMS:14 EndMS:-1 DurationMS:-1 Check:hint_size Detail:{Reason: Field: Target:0 Actual:-1 Limit:-1 Start:-1 End:-1 ExpectedType: ActualType:}} Provider:<nil> Outcome: Refunded:false}"
2026/09/22 10:16:34 INFO generation_trace event="{RelatedRunID: ActorKind: RequestID:req_g_kyZbqKvE8hi9jUVjp0nw RunID:01a0c6e6-9015-7370-aa93-5aa8b249bcf9 ModelID:01a0c6e6-8ff6-71ad-96ce-894a47539c5b Sequence:109 ElapsedMS:17 Kind:fact Late:false Fact:{Stage:candidate_decode State:running BeginMS:14 EndMS:-1 DurationMS:-1 Check:hint_size Detail:{Reason: Field:hint_phrase Target:0 Actual:69 Limit:65500 Start:-1 End:-1 ExpectedType: ActualType:}} Provider:<nil> Outcome: Refunded:false}"
2026/09/22 10:16:34 INFO generation_trace event="{RelatedRunID: ActorKind: RequestID:req_g_kyZbqKvE8hi9jUVjp0nw RunID:01a0c6e6-9015-7370-aa93-5aa8b249bcf9 ModelID:01a0c6e6-8ff6-71ad-96ce-894a47539c5b Sequence:110 ElapsedMS:17 Kind:check_end Late:false Fact:{Stage:candidate_decode State:ok BeginMS:14 EndMS:17 DurationMS:3 Check:hint_size Detail:{Reason: Field: Target:-1 Actual:-1 Limit:-1 Start:-1 End:-1 ExpectedType: ActualType:}} Provider:<nil> Outcome: Refunded:false}"
2026/09/22 10:16:34 INFO generation_trace event="{RelatedRunID: ActorKind: RequestID:req_g_kyZbqKvE8hi9jUVjp0nw RunID:01a0c6e6-9015-7370-aa93-5aa8b249bcf9 ModelID:01a0c6e6-8ff6-71ad-96ce-894a47539c5b Sequence:111 ElapsedMS:17 Kind:stage_end Late:false Fact:{Stage:candidate_decode State:ok BeginMS:14 EndMS:17 DurationMS:3 Check:hint_size Detail:{Reason: Field: Target:-1 Actual:-1 Limit:-1 Start:-1 End:-1 ExpectedType: ActualType:}} Provider:<nil> Outcome: Refunded:false}"
2026/09/22 10:16:34 INFO generation_trace event="{RelatedRunID: ActorKind: RequestID:req_g_kyZbqKvE8hi9jUVjp0nw RunID:01a0c6e6-9015-7370-aa93-5aa8b249bcf9 ModelID:01a0c6e6-8ff6-71ad-96ce-894a47539c5b Sequence:112 ElapsedMS:17 Kind:check_begin Late:false Fact:{Stage:passage_decode State:running BeginMS:13 EndMS:-1 DurationMS:-1 Check:clean_consistency Detail:{Reason: Field: Target:-1 Actual:-1 Limit:-1 Start:-1 End:-1 ExpectedType: ActualType:}} Provider:<nil> Outcome: Refunded:false}"
2026/09/22 10:16:34 INFO generation_trace event="{RelatedRunID: ActorKind: RequestID:req_g_kyZbqKvE8hi9jUVjp0nw RunID:01a0c6e6-9015-7370-aa93-5aa8b249bcf9 ModelID:01a0c6e6-8ff6-71ad-96ce-894a47539c5b Sequence:113 ElapsedMS:17 Kind:check_end Late:false Fact:{Stage:passage_decode State:ok BeginMS:13 EndMS:17 DurationMS:4 Check:clean_consistency Detail:{Reason: Field: Target:-1 Actual:-1 Limit:-1 Start:-1 End:-1 ExpectedType: ActualType:}} Provider:<nil> Outcome: Refunded:false}"
2026/09/22 10:16:34 INFO generation_trace event="{RelatedRunID: ActorKind: RequestID:req_g_kyZbqKvE8hi9jUVjp0nw RunID:01a0c6e6-9015-7370-aa93-5aa8b249bcf9 ModelID:01a0c6e6-8ff6-71ad-96ce-894a47539c5b Sequence:114 ElapsedMS:17 Kind:stage_end Late:false Fact:{Stage:passage_decode State:ok BeginMS:13 EndMS:17 DurationMS:4 Check:clean_consistency Detail:{Reason: Field: Target:-1 Actual:-1 Limit:-1 Start:-1 End:-1 ExpectedType: ActualType:}} Provider:<nil> Outcome: Refunded:false}"
2026/09/22 10:16:34 INFO generation_trace event="{RelatedRunID: ActorKind: RequestID:req_g_kyZbqKvE8hi9jUVjp0nw RunID:01a0c6e6-9015-7370-aa93-5aa8b249bcf9 ModelID:01a0c6e6-8ff6-71ad-96ce-894a47539c5b Sequence:115 ElapsedMS:17 Kind:fact Late:false Fact:{Stage:provider_stream State:ok BeginMS:13 EndMS:14 DurationMS:1 Check:termination Detail:{Reason:done Field: Target:-1 Actual:-1 Limit:-1 Start:-1 End:-1 ExpectedType: ActualType:}} Provider:<nil> Outcome: Refunded:false}"
2026/09/22 10:16:34 INFO generation_trace event="{RelatedRunID: ActorKind: RequestID:req_g_kyZbqKvE8hi9jUVjp0nw RunID:01a0c6e6-9015-7370-aa93-5aa8b249bcf9 ModelID:01a0c6e6-8ff6-71ad-96ce-894a47539c5b Sequence:116 ElapsedMS:18 Kind:fact Late:false Fact:{Stage:provider_stream State:ok BeginMS:13 EndMS:14 DurationMS:1 Check:receiver_exit Detail:{Reason: Field: Target:-1 Actual:-1 Limit:-1 Start:-1 End:-1 ExpectedType: ActualType:}} Provider:<nil> Outcome: Refunded:false}"
2026/09/22 10:16:34 INFO generation_trace event="{RelatedRunID: ActorKind: RequestID:req_g_kyZbqKvE8hi9jUVjp0nw RunID:01a0c6e6-9015-7370-aa93-5aa8b249bcf9 ModelID:01a0c6e6-8ff6-71ad-96ce-894a47539c5b Sequence:117 ElapsedMS:18 Kind:stage_begin Late:false Fact:{Stage:content_validate State:running BeginMS:18 EndMS:-1 DurationMS:-1 Check: Detail:{Reason: Field: Target:-1 Actual:-1 Limit:-1 Start:-1 End:-1 ExpectedType: ActualType:}} Provider:<nil> Outcome: Refunded:false}"
2026/09/22 10:16:34 INFO generation_trace event="{RelatedRunID: ActorKind: RequestID:req_g_kyZbqKvE8hi9jUVjp0nw RunID:01a0c6e6-9015-7370-aa93-5aa8b249bcf9 ModelID:01a0c6e6-8ff6-71ad-96ce-894a47539c5b Sequence:118 ElapsedMS:18 Kind:check_begin Late:false Fact:{Stage:content_validate State:running BeginMS:18 EndMS:-1 DurationMS:-1 Check:lexicon Detail:{Reason: Field: Target:-1 Actual:-1 Limit:-1 Start:-1 End:-1 ExpectedType: ActualType:}} Provider:<nil> Outcome: Refunded:false}"
2026/09/22 10:16:34 INFO generation_trace event="{RelatedRunID: ActorKind: RequestID:req_g_kyZbqKvE8hi9jUVjp0nw RunID:01a0c6e6-9015-7370-aa93-5aa8b249bcf9 ModelID:01a0c6e6-8ff6-71ad-96ce-894a47539c5b Sequence:119 ElapsedMS:18 Kind:check_end Late:false Fact:{Stage:content_validate State:ok BeginMS:18 EndMS:-1 DurationMS:-1 Check:lexicon Detail:{Reason: Field: Target:-1 Actual:-1 Limit:-1 Start:-1 End:-1 ExpectedType: ActualType:}} Provider:<nil> Outcome: Refunded:false}"
2026/09/22 10:16:34 INFO generation_trace event="{RelatedRunID: ActorKind: RequestID:req_g_kyZbqKvE8hi9jUVjp0nw RunID:01a0c6e6-9015-7370-aa93-5aa8b249bcf9 ModelID:01a0c6e6-8ff6-71ad-96ce-894a47539c5b Sequence:120 ElapsedMS:18 Kind:check_begin Late:false Fact:{Stage:content_validate State:running BeginMS:18 EndMS:-1 DurationMS:-1 Check:context Detail:{Reason: Field: Target:-1 Actual:-1 Limit:-1 Start:-1 End:-1 ExpectedType: ActualType:}} Provider:<nil> Outcome: Refunded:false}"
2026/09/22 10:16:34 INFO generation_trace event="{RelatedRunID: ActorKind: RequestID:req_g_kyZbqKvE8hi9jUVjp0nw RunID:01a0c6e6-9015-7370-aa93-5aa8b249bcf9 ModelID:01a0c6e6-8ff6-71ad-96ce-894a47539c5b Sequence:121 ElapsedMS:18 Kind:check_end Late:false Fact:{Stage:content_validate State:ok BeginMS:18 EndMS:-1 DurationMS:-1 Check:context Detail:{Reason: Field: Target:-1 Actual:-1 Limit:-1 Start:-1 End:-1 ExpectedType: ActualType:}} Provider:<nil> Outcome: Refunded:false}"
2026/09/22 10:16:34 INFO generation_trace event="{RelatedRunID: ActorKind: RequestID:req_g_kyZbqKvE8hi9jUVjp0nw RunID:01a0c6e6-9015-7370-aa93-5aa8b249bcf9 ModelID:01a0c6e6-8ff6-71ad-96ce-894a47539c5b Sequence:122 ElapsedMS:18 Kind:check_begin Late:false Fact:{Stage:content_validate State:running BeginMS:18 EndMS:-1 DurationMS:-1 Check:passage_annotations Detail:{Reason: Field: Target:-1 Actual:-1 Limit:-1 Start:-1 End:-1 ExpectedType: ActualType:}} Provider:<nil> Outcome: Refunded:false}"
2026/09/22 10:16:34 INFO generation_trace event="{RelatedRunID: ActorKind: RequestID:req_g_kyZbqKvE8hi9jUVjp0nw RunID:01a0c6e6-9015-7370-aa93-5aa8b249bcf9 ModelID:01a0c6e6-8ff6-71ad-96ce-894a47539c5b Sequence:123 ElapsedMS:18 Kind:check_end Late:false Fact:{Stage:content_validate State:ok BeginMS:18 EndMS:-1 DurationMS:-1 Check:passage_annotations Detail:{Reason: Field: Target:-1 Actual:-1 Limit:-1 Start:-1 End:-1 ExpectedType: ActualType:}} Provider:<nil> Outcome: Refunded:false}"
2026/09/22 10:16:34 INFO generation_trace event="{RelatedRunID: ActorKind: RequestID:req_g_kyZbqKvE8hi9jUVjp0nw RunID:01a0c6e6-9015-7370-aa93-5aa8b249bcf9 ModelID:01a0c6e6-8ff6-71ad-96ce-894a47539c5b Sequence:124 ElapsedMS:18 Kind:check_begin Late:false Fact:{Stage:content_validate State:running BeginMS:18 EndMS:-1 DurationMS:-1 Check:passage_ownership Detail:{Reason: Field: Target:-1 Actual:-1 Limit:-1 Start:-1 End:-1 ExpectedType: ActualType:}} Provider:<nil> Outcome: Refunded:false}"
2026/09/22 10:16:34 INFO generation_trace event="{RelatedRunID: ActorKind: RequestID:req_g_kyZbqKvE8hi9jUVjp0nw RunID:01a0c6e6-9015-7370-aa93-5aa8b249bcf9 ModelID:01a0c6e6-8ff6-71ad-96ce-894a47539c5b Sequence:125 ElapsedMS:18 Kind:check_end Late:false Fact:{Stage:content_validate State:ok BeginMS:18 EndMS:-1 DurationMS:-1 Check:passage_ownership Detail:{Reason: Field: Target:-1 Actual:-1 Limit:-1 Start:-1 End:-1 ExpectedType: ActualType:}} Provider:<nil> Outcome: Refunded:false}"
2026/09/22 10:16:34 INFO generation_trace event="{RelatedRunID: ActorKind: RequestID:req_g_kyZbqKvE8hi9jUVjp0nw RunID:01a0c6e6-9015-7370-aa93-5aa8b249bcf9 ModelID:01a0c6e6-8ff6-71ad-96ce-894a47539c5b Sequence:126 ElapsedMS:18 Kind:check_begin Late:false Fact:{Stage:content_validate State:running BeginMS:18 EndMS:-1 DurationMS:-1 Check:passage_content Detail:{Reason: Field: Target:-1 Actual:-1 Limit:-1 Start:-1 End:-1 ExpectedType: ActualType:}} Provider:<nil> Outcome: Refunded:false}"
2026/09/22 10:16:34 INFO generation_trace event="{RelatedRunID: ActorKind: RequestID:req_g_kyZbqKvE8hi9jUVjp0nw RunID:01a0c6e6-9015-7370-aa93-5aa8b249bcf9 ModelID:01a0c6e6-8ff6-71ad-96ce-894a47539c5b Sequence:127 ElapsedMS:18 Kind:check_end Late:false Fact:{Stage:content_validate State:ok BeginMS:18 EndMS:-1 DurationMS:-1 Check:passage_content Detail:{Reason: Field: Target:-1 Actual:-1 Limit:-1 Start:-1 End:-1 ExpectedType: ActualType:}} Provider:<nil> Outcome: Refunded:false}"
2026/09/22 10:16:34 INFO generation_trace event="{RelatedRunID: ActorKind: RequestID:req_g_kyZbqKvE8hi9jUVjp0nw RunID:01a0c6e6-9015-7370-aa93-5aa8b249bcf9 ModelID:01a0c6e6-8ff6-71ad-96ce-894a47539c5b Sequence:128 ElapsedMS:19 Kind:check_begin Late:false Fact:{Stage:content_validate State:running BeginMS:18 EndMS:-1 DurationMS:-1 Check:word_count Detail:{Reason: Field: Target:-1 Actual:-1 Limit:-1 Start:-1 End:-1 ExpectedType: ActualType:}} Provider:<nil> Outcome: Refunded:false}"
2026/09/22 10:16:34 INFO generation_trace event="{RelatedRunID: ActorKind: RequestID:req_g_kyZbqKvE8hi9jUVjp0nw RunID:01a0c6e6-9015-7370-aa93-5aa8b249bcf9 ModelID:01a0c6e6-8ff6-71ad-96ce-894a47539c5b Sequence:129 ElapsedMS:19 Kind:check_end Late:false Fact:{Stage:content_validate State:ok BeginMS:18 EndMS:-1 DurationMS:-1 Check:word_count Detail:{Reason: Field: Target:-1 Actual:-1 Limit:-1 Start:-1 End:-1 ExpectedType: ActualType:}} Provider:<nil> Outcome: Refunded:false}"
2026/09/22 10:16:34 INFO generation_trace event="{RelatedRunID: ActorKind: RequestID:req_g_kyZbqKvE8hi9jUVjp0nw RunID:01a0c6e6-9015-7370-aa93-5aa8b249bcf9 ModelID:01a0c6e6-8ff6-71ad-96ce-894a47539c5b Sequence:130 ElapsedMS:19 Kind:check_begin Late:false Fact:{Stage:content_validate State:running BeginMS:18 EndMS:-1 DurationMS:-1 Check:passage_language Detail:{Reason: Field: Target:-1 Actual:-1 Limit:-1 Start:-1 End:-1 ExpectedType: ActualType:}} Provider:<nil> Outcome: Refunded:false}"
2026/09/22 10:16:34 INFO generation_trace event="{RelatedRunID: ActorKind: RequestID:req_g_kyZbqKvE8hi9jUVjp0nw RunID:01a0c6e6-9015-7370-aa93-5aa8b249bcf9 ModelID:01a0c6e6-8ff6-71ad-96ce-894a47539c5b Sequence:131 ElapsedMS:19 Kind:check_end Late:false Fact:{Stage:content_validate State:ok BeginMS:18 EndMS:-1 DurationMS:-1 Check:passage_language Detail:{Reason: Field: Target:-1 Actual:-1 Limit:-1 Start:-1 End:-1 ExpectedType: ActualType:}} Provider:<nil> Outcome: Refunded:false}"
2026/09/22 10:16:34 INFO generation_trace event="{RelatedRunID: ActorKind: RequestID:req_g_kyZbqKvE8hi9jUVjp0nw RunID:01a0c6e6-9015-7370-aa93-5aa8b249bcf9 ModelID:01a0c6e6-8ff6-71ad-96ce-894a47539c5b Sequence:132 ElapsedMS:19 Kind:check_begin Late:false Fact:{Stage:content_validate State:running BeginMS:18 EndMS:-1 DurationMS:-1 Check:tag_count Detail:{Reason: Field: Target:-1 Actual:-1 Limit:-1 Start:-1 End:-1 ExpectedType: ActualType:}} Provider:<nil> Outcome: Refunded:false}"
2026/09/22 10:16:34 INFO generation_trace event="{RelatedRunID: ActorKind: RequestID:req_g_kyZbqKvE8hi9jUVjp0nw RunID:01a0c6e6-9015-7370-aa93-5aa8b249bcf9 ModelID:01a0c6e6-8ff6-71ad-96ce-894a47539c5b Sequence:133 ElapsedMS:19 Kind:check_end Late:false Fact:{Stage:content_validate State:ok BeginMS:18 EndMS:-1 DurationMS:-1 Check:tag_count Detail:{Reason: Field: Target:-1 Actual:-1 Limit:-1 Start:-1 End:-1 ExpectedType: ActualType:}} Provider:<nil> Outcome: Refunded:false}"
2026/09/22 10:16:34 INFO generation_trace event="{RelatedRunID: ActorKind: RequestID:req_g_kyZbqKvE8hi9jUVjp0nw RunID:01a0c6e6-9015-7370-aa93-5aa8b249bcf9 ModelID:01a0c6e6-8ff6-71ad-96ce-894a47539c5b Sequence:134 ElapsedMS:19 Kind:check_begin Late:false Fact:{Stage:content_validate State:running BeginMS:18 EndMS:-1 DurationMS:-1 Check:tag_content Detail:{Reason: Field: Target:-1 Actual:-1 Limit:-1 Start:-1 End:-1 ExpectedType: ActualType:}} Provider:<nil> Outcome: Refunded:false}"
2026/09/22 10:16:34 INFO generation_trace event="{RelatedRunID: ActorKind: RequestID:req_g_kyZbqKvE8hi9jUVjp0nw RunID:01a0c6e6-9015-7370-aa93-5aa8b249bcf9 ModelID:01a0c6e6-8ff6-71ad-96ce-894a47539c5b Sequence:135 ElapsedMS:19 Kind:check_end Late:false Fact:{Stage:content_validate State:ok BeginMS:18 EndMS:-1 DurationMS:-1 Check:tag_content Detail:{Reason: Field: Target:-1 Actual:-1 Limit:-1 Start:-1 End:-1 ExpectedType: ActualType:}} Provider:<nil> Outcome: Refunded:false}"
2026/09/22 10:16:34 INFO generation_trace event="{RelatedRunID: ActorKind: RequestID:req_g_kyZbqKvE8hi9jUVjp0nw RunID:01a0c6e6-9015-7370-aa93-5aa8b249bcf9 ModelID:01a0c6e6-8ff6-71ad-96ce-894a47539c5b Sequence:136 ElapsedMS:19 Kind:check_begin Late:false Fact:{Stage:content_validate State:running BeginMS:18 EndMS:-1 DurationMS:-1 Check:tag_duplicate Detail:{Reason: Field: Target:-1 Actual:-1 Limit:-1 Start:-1 End:-1 ExpectedType: ActualType:}} Provider:<nil> Outcome: Refunded:false}"
2026/09/22 10:16:34 INFO generation_trace event="{RelatedRunID: ActorKind: RequestID:req_g_kyZbqKvE8hi9jUVjp0nw RunID:01a0c6e6-9015-7370-aa93-5aa8b249bcf9 ModelID:01a0c6e6-8ff6-71ad-96ce-894a47539c5b Sequence:137 ElapsedMS:19 Kind:check_end Late:false Fact:{Stage:content_validate State:ok BeginMS:18 EndMS:-1 DurationMS:-1 Check:tag_duplicate Detail:{Reason: Field: Target:-1 Actual:-1 Limit:-1 Start:-1 End:-1 ExpectedType: ActualType:}} Provider:<nil> Outcome: Refunded:false}"
2026/09/22 10:16:34 INFO generation_trace event="{RelatedRunID: ActorKind: RequestID:req_g_kyZbqKvE8hi9jUVjp0nw RunID:01a0c6e6-9015-7370-aa93-5aa8b249bcf9 ModelID:01a0c6e6-8ff6-71ad-96ce-894a47539c5b Sequence:138 ElapsedMS:19 Kind:check_begin Late:false Fact:{Stage:content_validate State:running BeginMS:18 EndMS:-1 DurationMS:-1 Check:target_count Detail:{Reason: Field: Target:-1 Actual:-1 Limit:-1 Start:-1 End:-1 ExpectedType: ActualType:}} Provider:<nil> Outcome: Refunded:false}"
2026/09/22 10:16:34 INFO generation_trace event="{RelatedRunID: ActorKind: RequestID:req_g_kyZbqKvE8hi9jUVjp0nw RunID:01a0c6e6-9015-7370-aa93-5aa8b249bcf9 ModelID:01a0c6e6-8ff6-71ad-96ce-894a47539c5b Sequence:139 ElapsedMS:19 Kind:check_end Late:false Fact:{Stage:content_validate State:ok BeginMS:18 EndMS:-1 DurationMS:-1 Check:target_count Detail:{Reason: Field: Target:-1 Actual:-1 Limit:-1 Start:-1 End:-1 ExpectedType: ActualType:}} Provider:<nil> Outcome: Refunded:false}"
2026/09/22 10:16:34 INFO generation_trace event="{RelatedRunID: ActorKind: RequestID:req_g_kyZbqKvE8hi9jUVjp0nw RunID:01a0c6e6-9015-7370-aa93-5aa8b249bcf9 ModelID:01a0c6e6-8ff6-71ad-96ce-894a47539c5b Sequence:140 ElapsedMS:19 Kind:check_begin Late:false Fact:{Stage:content_validate State:running BeginMS:18 EndMS:-1 DurationMS:-1 Check:passage_index Detail:{Reason: Field: Target:-1 Actual:-1 Limit:-1 Start:-1 End:-1 ExpectedType: ActualType:}} Provider:<nil> Outcome: Refunded:false}"
2026/09/22 10:16:34 INFO generation_trace event="{RelatedRunID: ActorKind: RequestID:req_g_kyZbqKvE8hi9jUVjp0nw RunID:01a0c6e6-9015-7370-aa93-5aa8b249bcf9 ModelID:01a0c6e6-8ff6-71ad-96ce-894a47539c5b Sequence:141 ElapsedMS:19 Kind:check_end Late:false Fact:{Stage:content_validate State:ok BeginMS:18 EndMS:-1 DurationMS:-1 Check:passage_index Detail:{Reason: Field: Target:-1 Actual:-1 Limit:-1 Start:-1 End:-1 ExpectedType: ActualType:}} Provider:<nil> Outcome: Refunded:false}"
2026/09/22 10:16:34 INFO generation_trace event="{RelatedRunID: ActorKind: RequestID:req_g_kyZbqKvE8hi9jUVjp0nw RunID:01a0c6e6-9015-7370-aa93-5aa8b249bcf9 ModelID:01a0c6e6-8ff6-71ad-96ce-894a47539c5b Sequence:142 ElapsedMS:19 Kind:check_begin Late:false Fact:{Stage:content_validate State:running BeginMS:18 EndMS:-1 DurationMS:-1 Check:context Detail:{Reason: Field: Target:0 Actual:-1 Limit:-1 Start:-1 End:-1 ExpectedType: ActualType:}} Provider:<nil> Outcome: Refunded:false}"
2026/09/22 10:16:34 INFO generation_trace event="{RelatedRunID: ActorKind: RequestID:req_g_kyZbqKvE8hi9jUVjp0nw RunID:01a0c6e6-9015-7370-aa93-5aa8b249bcf9 ModelID:01a0c6e6-8ff6-71ad-96ce-894a47539c5b Sequence:143 ElapsedMS:20 Kind:check_end Late:false Fact:{Stage:content_validate State:ok BeginMS:18 EndMS:-1 DurationMS:-1 Check:context Detail:{Reason: Field: Target:0 Actual:-1 Limit:-1 Start:-1 End:-1 ExpectedType: ActualType:}} Provider:<nil> Outcome: Refunded:false}"
2026/09/22 10:16:34 INFO generation_trace event="{RelatedRunID: ActorKind: RequestID:req_g_kyZbqKvE8hi9jUVjp0nw RunID:01a0c6e6-9015-7370-aa93-5aa8b249bcf9 ModelID:01a0c6e6-8ff6-71ad-96ce-894a47539c5b Sequence:144 ElapsedMS:20 Kind:check_begin Late:false Fact:{Stage:content_validate State:running BeginMS:18 EndMS:-1 DurationMS:-1 Check:source_entry Detail:{Reason: Field: Target:0 Actual:-1 Limit:-1 Start:-1 End:-1 ExpectedType: ActualType:}} Provider:<nil> Outcome: Refunded:false}"
2026/09/22 10:16:34 INFO generation_trace event="{RelatedRunID: ActorKind: RequestID:req_g_kyZbqKvE8hi9jUVjp0nw RunID:01a0c6e6-9015-7370-aa93-5aa8b249bcf9 ModelID:01a0c6e6-8ff6-71ad-96ce-894a47539c5b Sequence:145 ElapsedMS:20 Kind:check_end Late:false Fact:{Stage:content_validate State:ok BeginMS:18 EndMS:-1 DurationMS:-1 Check:source_entry Detail:{Reason: Field: Target:0 Actual:-1 Limit:-1 Start:-1 End:-1 ExpectedType: ActualType:}} Provider:<nil> Outcome: Refunded:false}"
2026/09/22 10:16:34 INFO generation_trace event="{RelatedRunID: ActorKind: RequestID:req_g_kyZbqKvE8hi9jUVjp0nw RunID:01a0c6e6-9015-7370-aa93-5aa8b249bcf9 ModelID:01a0c6e6-8ff6-71ad-96ce-894a47539c5b Sequence:146 ElapsedMS:20 Kind:check_begin Late:false Fact:{Stage:content_validate State:running BeginMS:18 EndMS:-1 DurationMS:-1 Check:meaning_content Detail:{Reason: Field: Target:0 Actual:-1 Limit:-1 Start:-1 End:-1 ExpectedType: ActualType:}} Provider:<nil> Outcome: Refunded:false}"
2026/09/22 10:16:34 INFO generation_trace event="{RelatedRunID: ActorKind: RequestID:req_g_kyZbqKvE8hi9jUVjp0nw RunID:01a0c6e6-9015-7370-aa93-5aa8b249bcf9 ModelID:01a0c6e6-8ff6-71ad-96ce-894a47539c5b Sequence:147 ElapsedMS:20 Kind:check_end Late:false Fact:{Stage:content_validate State:ok BeginMS:18 EndMS:-1 DurationMS:-1 Check:meaning_content Detail:{Reason: Field: Target:0 Actual:-1 Limit:-1 Start:-1 End:-1 ExpectedType: ActualType:}} Provider:<nil> Outcome: Refunded:false}"
2026/09/22 10:16:34 INFO generation_trace event="{RelatedRunID: ActorKind: RequestID:req_g_kyZbqKvE8hi9jUVjp0nw RunID:01a0c6e6-9015-7370-aa93-5aa8b249bcf9 ModelID:01a0c6e6-8ff6-71ad-96ce-894a47539c5b Sequence:148 ElapsedMS:20 Kind:check_begin Late:false Fact:{Stage:content_validate State:running BeginMS:18 EndMS:-1 DurationMS:-1 Check:meaning_repeated Detail:{Reason: Field: Target:0 Actual:-1 Limit:-1 Start:-1 End:-1 ExpectedType: ActualType:}} Provider:<nil> Outcome: Refunded:false}"
2026/09/22 10:16:34 INFO generation_trace event="{RelatedRunID: ActorKind: RequestID:req_g_kyZbqKvE8hi9jUVjp0nw RunID:01a0c6e6-9015-7370-aa93-5aa8b249bcf9 ModelID:01a0c6e6-8ff6-71ad-96ce-894a47539c5b Sequence:149 ElapsedMS:20 Kind:check_end Late:false Fact:{Stage:content_validate State:ok BeginMS:18 EndMS:-1 DurationMS:-1 Check:meaning_repeated Detail:{Reason: Field: Target:0 Actual:-1 Limit:-1 Start:-1 End:-1 ExpectedType: ActualType:}} Provider:<nil> Outcome: Refunded:false}"
2026/09/22 10:16:34 INFO generation_trace event="{RelatedRunID: ActorKind: RequestID:req_g_kyZbqKvE8hi9jUVjp0nw RunID:01a0c6e6-9015-7370-aa93-5aa8b249bcf9 ModelID:01a0c6e6-8ff6-71ad-96ce-894a47539c5b Sequence:150 ElapsedMS:20 Kind:check_begin Late:false Fact:{Stage:content_validate State:running BeginMS:18 EndMS:-1 DurationMS:-1 Check:hint_annotations Detail:{Reason: Field: Target:0 Actual:-1 Limit:-1 Start:-1 End:-1 ExpectedType: ActualType:}} Provider:<nil> Outcome: Refunded:false}"
2026/09/22 10:16:34 INFO generation_trace event="{RelatedRunID: ActorKind: RequestID:req_g_kyZbqKvE8hi9jUVjp0nw RunID:01a0c6e6-9015-7370-aa93-5aa8b249bcf9 ModelID:01a0c6e6-8ff6-71ad-96ce-894a47539c5b Sequence:151 ElapsedMS:20 Kind:check_end Late:false Fact:{Stage:content_validate State:ok BeginMS:18 EndMS:-1 DurationMS:-1 Check:hint_annotations Detail:{Reason: Field: Target:0 Actual:-1 Limit:-1 Start:-1 End:-1 ExpectedType: ActualType:}} Provider:<nil> Outcome: Refunded:false}"
2026/09/22 10:16:34 INFO generation_trace event="{RelatedRunID: ActorKind: RequestID:req_g_kyZbqKvE8hi9jUVjp0nw RunID:01a0c6e6-9015-7370-aa93-5aa8b249bcf9 ModelID:01a0c6e6-8ff6-71ad-96ce-894a47539c5b Sequence:152 ElapsedMS:20 Kind:check_begin Late:false Fact:{Stage:content_validate State:running BeginMS:18 EndMS:-1 DurationMS:-1 Check:hint_ownership Detail:{Reason: Field: Target:0 Actual:-1 Limit:-1 Start:-1 End:-1 ExpectedType: ActualType:}} Provider:<nil> Outcome: Refunded:false}"
2026/09/22 10:16:34 INFO generation_trace event="{RelatedRunID: ActorKind: RequestID:req_g_kyZbqKvE8hi9jUVjp0nw RunID:01a0c6e6-9015-7370-aa93-5aa8b249bcf9 ModelID:01a0c6e6-8ff6-71ad-96ce-894a47539c5b Sequence:153 ElapsedMS:20 Kind:check_end Late:false Fact:{Stage:content_validate State:ok BeginMS:18 EndMS:-1 DurationMS:-1 Check:hint_ownership Detail:{Reason: Field: Target:0 Actual:-1 Limit:-1 Start:-1 End:-1 ExpectedType: ActualType:}} Provider:<nil> Outcome: Refunded:false}"
2026/09/22 10:16:34 INFO generation_trace event="{RelatedRunID: ActorKind: RequestID:req_g_kyZbqKvE8hi9jUVjp0nw RunID:01a0c6e6-9015-7370-aa93-5aa8b249bcf9 ModelID:01a0c6e6-8ff6-71ad-96ce-894a47539c5b Sequence:154 ElapsedMS:20 Kind:check_begin Late:false Fact:{Stage:content_validate State:running BeginMS:18 EndMS:-1 DurationMS:-1 Check:hint_content Detail:{Reason: Field: Target:0 Actual:-1 Limit:-1 Start:-1 End:-1 ExpectedType: ActualType:}} Provider:<nil> Outcome: Refunded:false}"
2026/09/22 10:16:34 INFO generation_trace event="{RelatedRunID: ActorKind: RequestID:req_g_kyZbqKvE8hi9jUVjp0nw RunID:01a0c6e6-9015-7370-aa93-5aa8b249bcf9 ModelID:01a0c6e6-8ff6-71ad-96ce-894a47539c5b Sequence:155 ElapsedMS:20 Kind:check_end Late:false Fact:{Stage:content_validate State:ok BeginMS:18 EndMS:-1 DurationMS:-1 Check:hint_content Detail:{Reason: Field: Target:0 Actual:-1 Limit:-1 Start:-1 End:-1 ExpectedType: ActualType:}} Provider:<nil> Outcome: Refunded:false}"
2026/09/22 10:16:34 INFO generation_trace event="{RelatedRunID: ActorKind: RequestID:req_g_kyZbqKvE8hi9jUVjp0nw RunID:01a0c6e6-9015-7370-aa93-5aa8b249bcf9 ModelID:01a0c6e6-8ff6-71ad-96ce-894a47539c5b Sequence:156 ElapsedMS:20 Kind:check_begin Late:false Fact:{Stage:content_validate State:running BeginMS:18 EndMS:-1 DurationMS:-1 Check:passage_annotation_presence Detail:{Reason: Field: Target:0 Actual:-1 Limit:-1 Start:-1 End:-1 ExpectedType: ActualType:}} Provider:<nil> Outcome: Refunded:false}"
2026/09/22 10:16:34 INFO generation_trace event="{RelatedRunID: ActorKind: RequestID:req_g_kyZbqKvE8hi9jUVjp0nw RunID:01a0c6e6-9015-7370-aa93-5aa8b249bcf9 ModelID:01a0c6e6-8ff6-71ad-96ce-894a47539c5b Sequence:157 ElapsedMS:20 Kind:check_end Late:false Fact:{Stage:content_validate State:ok BeginMS:18 EndMS:-1 DurationMS:-1 Check:passage_annotation_presence Detail:{Reason: Field: Target:0 Actual:-1 Limit:-1 Start:-1 End:-1 ExpectedType: ActualType:}} Provider:<nil> Outcome: Refunded:false}"
2026/09/22 10:16:34 INFO generation_trace event="{RelatedRunID: ActorKind: RequestID:req_g_kyZbqKvE8hi9jUVjp0nw RunID:01a0c6e6-9015-7370-aa93-5aa8b249bcf9 ModelID:01a0c6e6-8ff6-71ad-96ce-894a47539c5b Sequence:158 ElapsedMS:20 Kind:check_begin Late:false Fact:{Stage:content_validate State:running BeginMS:18 EndMS:-1 DurationMS:-1 Check:hint_annotation_presence Detail:{Reason: Field: Target:0 Actual:-1 Limit:-1 Start:-1 End:-1 ExpectedType: ActualType:}} Provider:<nil> Outcome: Refunded:false}"
2026/09/22 10:16:34 INFO generation_trace event="{RelatedRunID: ActorKind: RequestID:req_g_kyZbqKvE8hi9jUVjp0nw RunID:01a0c6e6-9015-7370-aa93-5aa8b249bcf9 ModelID:01a0c6e6-8ff6-71ad-96ce-894a47539c5b Sequence:159 ElapsedMS:20 Kind:check_end Late:false Fact:{Stage:content_validate State:ok BeginMS:18 EndMS:-1 DurationMS:-1 Check:hint_annotation_presence Detail:{Reason: Field: Target:0 Actual:-1 Limit:-1 Start:-1 End:-1 ExpectedType: ActualType:}} Provider:<nil> Outcome: Refunded:false}"
2026/09/22 10:16:34 INFO generation_trace event="{RelatedRunID: ActorKind: RequestID:req_g_kyZbqKvE8hi9jUVjp0nw RunID:01a0c6e6-9015-7370-aa93-5aa8b249bcf9 ModelID:01a0c6e6-8ff6-71ad-96ce-894a47539c5b Sequence:160 ElapsedMS:21 Kind:check_begin Late:false Fact:{Stage:content_validate State:running BeginMS:18 EndMS:-1 DurationMS:-1 Check:hint_index Detail:{Reason: Field: Target:0 Actual:-1 Limit:-1 Start:-1 End:-1 ExpectedType: ActualType:}} Provider:<nil> Outcome: Refunded:false}"
2026/09/22 10:16:34 INFO generation_trace event="{RelatedRunID: ActorKind: RequestID:req_g_kyZbqKvE8hi9jUVjp0nw RunID:01a0c6e6-9015-7370-aa93-5aa8b249bcf9 ModelID:01a0c6e6-8ff6-71ad-96ce-894a47539c5b Sequence:161 ElapsedMS:21 Kind:check_end Late:false Fact:{Stage:content_validate State:ok BeginMS:18 EndMS:-1 DurationMS:-1 Check:hint_index Detail:{Reason: Field: Target:0 Actual:-1 Limit:-1 Start:-1 End:-1 ExpectedType: ActualType:}} Provider:<nil> Outcome: Refunded:false}"
2026/09/22 10:16:34 INFO generation_trace event="{RelatedRunID: ActorKind: RequestID:req_g_kyZbqKvE8hi9jUVjp0nw RunID:01a0c6e6-9015-7370-aa93-5aa8b249bcf9 ModelID:01a0c6e6-8ff6-71ad-96ce-894a47539c5b Sequence:162 ElapsedMS:21 Kind:check_begin Late:false Fact:{Stage:content_validate State:running BeginMS:18 EndMS:-1 DurationMS:-1 Check:hint_scan Detail:{Reason: Field: Target:0 Actual:-1 Limit:-1 Start:-1 End:-1 ExpectedType: ActualType:}} Provider:<nil> Outcome: Refunded:false}"
2026/09/22 10:16:34 INFO generation_trace event="{RelatedRunID: ActorKind: RequestID:req_g_kyZbqKvE8hi9jUVjp0nw RunID:01a0c6e6-9015-7370-aa93-5aa8b249bcf9 ModelID:01a0c6e6-8ff6-71ad-96ce-894a47539c5b Sequence:163 ElapsedMS:21 Kind:check_end Late:false Fact:{Stage:content_validate State:ok BeginMS:18 EndMS:-1 DurationMS:-1 Check:hint_scan Detail:{Reason: Field: Target:0 Actual:-1 Limit:-1 Start:-1 End:-1 ExpectedType: ActualType:}} Provider:<nil> Outcome: Refunded:false}"
2026/09/22 10:16:34 INFO generation_trace event="{RelatedRunID: ActorKind: RequestID:req_g_kyZbqKvE8hi9jUVjp0nw RunID:01a0c6e6-9015-7370-aa93-5aa8b249bcf9 ModelID:01a0c6e6-8ff6-71ad-96ce-894a47539c5b Sequence:164 ElapsedMS:21 Kind:check_begin Late:false Fact:{Stage:content_validate State:running BeginMS:18 EndMS:-1 DurationMS:-1 Check:passage_scan Detail:{Reason: Field: Target:0 Actual:-1 Limit:-1 Start:-1 End:-1 ExpectedType: ActualType:}} Provider:<nil> Outcome: Refunded:false}"
2026/09/22 10:16:34 INFO generation_trace event="{RelatedRunID: ActorKind: RequestID:req_g_kyZbqKvE8hi9jUVjp0nw RunID:01a0c6e6-9015-7370-aa93-5aa8b249bcf9 ModelID:01a0c6e6-8ff6-71ad-96ce-894a47539c5b Sequence:165 ElapsedMS:21 Kind:check_end Late:false Fact:{Stage:content_validate State:ok BeginMS:18 EndMS:-1 DurationMS:-1 Check:passage_scan Detail:{Reason: Field: Target:0 Actual:-1 Limit:-1 Start:-1 End:-1 ExpectedType: ActualType:}} Provider:<nil> Outcome: Refunded:false}"
2026/09/22 10:16:34 INFO generation_trace event="{RelatedRunID: ActorKind: RequestID:req_g_kyZbqKvE8hi9jUVjp0nw RunID:01a0c6e6-9015-7370-aa93-5aa8b249bcf9 ModelID:01a0c6e6-8ff6-71ad-96ce-894a47539c5b Sequence:166 ElapsedMS:21 Kind:check_begin Late:false Fact:{Stage:content_validate State:running BeginMS:18 EndMS:-1 DurationMS:-1 Check:passage_relations Detail:{Reason: Field: Target:0 Actual:-1 Limit:-1 Start:-1 End:-1 ExpectedType: ActualType:}} Provider:<nil> Outcome: Refunded:false}"
2026/09/22 10:16:34 INFO generation_trace event="{RelatedRunID: ActorKind: RequestID:req_g_kyZbqKvE8hi9jUVjp0nw RunID:01a0c6e6-9015-7370-aa93-5aa8b249bcf9 ModelID:01a0c6e6-8ff6-71ad-96ce-894a47539c5b Sequence:167 ElapsedMS:21 Kind:check_end Late:false Fact:{Stage:content_validate State:ok BeginMS:18 EndMS:-1 DurationMS:-1 Check:passage_relations Detail:{Reason: Field: Target:0 Actual:-1 Limit:-1 Start:-1 End:-1 ExpectedType: ActualType:}} Provider:<nil> Outcome: Refunded:false}"
2026/09/22 10:16:34 INFO generation_trace event="{RelatedRunID: ActorKind: RequestID:req_g_kyZbqKvE8hi9jUVjp0nw RunID:01a0c6e6-9015-7370-aa93-5aa8b249bcf9 ModelID:01a0c6e6-8ff6-71ad-96ce-894a47539c5b Sequence:168 ElapsedMS:21 Kind:check_begin Late:false Fact:{Stage:content_validate State:running BeginMS:18 EndMS:-1 DurationMS:-1 Check:hint_relations Detail:{Reason: Field: Target:0 Actual:-1 Limit:-1 Start:-1 End:-1 ExpectedType: ActualType:}} Provider:<nil> Outcome: Refunded:false}"
2026/09/22 10:16:34 INFO generation_trace event="{RelatedRunID: ActorKind: RequestID:req_g_kyZbqKvE8hi9jUVjp0nw RunID:01a0c6e6-9015-7370-aa93-5aa8b249bcf9 ModelID:01a0c6e6-8ff6-71ad-96ce-894a47539c5b Sequence:169 ElapsedMS:21 Kind:check_end Late:false Fact:{Stage:content_validate State:ok BeginMS:18 EndMS:-1 DurationMS:-1 Check:hint_relations Detail:{Reason: Field: Target:0 Actual:-1 Limit:-1 Start:-1 End:-1 ExpectedType: ActualType:}} Provider:<nil> Outcome: Refunded:false}"
2026/09/22 10:16:34 INFO generation_trace event="{RelatedRunID: ActorKind: RequestID:req_g_kyZbqKvE8hi9jUVjp0nw RunID:01a0c6e6-9015-7370-aa93-5aa8b249bcf9 ModelID:01a0c6e6-8ff6-71ad-96ce-894a47539c5b Sequence:170 ElapsedMS:21 Kind:check_begin Late:false Fact:{Stage:content_validate State:running BeginMS:18 EndMS:-1 DurationMS:-1 Check:passage_presence Detail:{Reason: Field: Target:0 Actual:-1 Limit:-1 Start:-1 End:-1 ExpectedType: ActualType:}} Provider:<nil> Outcome: Refunded:false}"
2026/09/22 10:16:34 INFO generation_trace event="{RelatedRunID: ActorKind: RequestID:req_g_kyZbqKvE8hi9jUVjp0nw RunID:01a0c6e6-9015-7370-aa93-5aa8b249bcf9 ModelID:01a0c6e6-8ff6-71ad-96ce-894a47539c5b Sequence:171 ElapsedMS:21 Kind:check_end Late:false Fact:{Stage:content_validate State:ok BeginMS:18 EndMS:-1 DurationMS:-1 Check:passage_presence Detail:{Reason: Field: Target:0 Actual:-1 Limit:-1 Start:-1 End:-1 ExpectedType: ActualType:}} Provider:<nil> Outcome: Refunded:false}"
2026/09/22 10:16:34 INFO generation_trace event="{RelatedRunID: ActorKind: RequestID:req_g_kyZbqKvE8hi9jUVjp0nw RunID:01a0c6e6-9015-7370-aa93-5aa8b249bcf9 ModelID:01a0c6e6-8ff6-71ad-96ce-894a47539c5b Sequence:172 ElapsedMS:21 Kind:check_begin Late:false Fact:{Stage:content_validate State:running BeginMS:18 EndMS:-1 DurationMS:-1 Check:hint_presence Detail:{Reason: Field: Target:0 Actual:-1 Limit:-1 Start:-1 End:-1 ExpectedType: ActualType:}} Provider:<nil> Outcome: Refunded:false}"
2026/09/22 10:16:34 INFO generation_trace event="{RelatedRunID: ActorKind: RequestID:req_g_kyZbqKvE8hi9jUVjp0nw RunID:01a0c6e6-9015-7370-aa93-5aa8b249bcf9 ModelID:01a0c6e6-8ff6-71ad-96ce-894a47539c5b Sequence:173 ElapsedMS:21 Kind:check_end Late:false Fact:{Stage:content_validate State:ok BeginMS:18 EndMS:-1 DurationMS:-1 Check:hint_presence Detail:{Reason: Field: Target:0 Actual:-1 Limit:-1 Start:-1 End:-1 ExpectedType: ActualType:}} Provider:<nil> Outcome: Refunded:false}"
2026/09/22 10:16:34 INFO generation_trace event="{RelatedRunID: ActorKind: RequestID:req_g_kyZbqKvE8hi9jUVjp0nw RunID:01a0c6e6-9015-7370-aa93-5aa8b249bcf9 ModelID:01a0c6e6-8ff6-71ad-96ce-894a47539c5b Sequence:174 ElapsedMS:21 Kind:check_begin Late:false Fact:{Stage:content_validate State:running BeginMS:18 EndMS:-1 DurationMS:-1 Check:collision Detail:{Reason: Field: Target:-1 Actual:-1 Limit:-1 Start:-1 End:-1 ExpectedType: ActualType:}} Provider:<nil> Outcome: Refunded:false}"
2026/09/22 10:16:34 INFO generation_trace event="{RelatedRunID: ActorKind: RequestID:req_g_kyZbqKvE8hi9jUVjp0nw RunID:01a0c6e6-9015-7370-aa93-5aa8b249bcf9 ModelID:01a0c6e6-8ff6-71ad-96ce-894a47539c5b Sequence:175 ElapsedMS:21 Kind:check_end Late:false Fact:{Stage:content_validate State:ok BeginMS:18 EndMS:-1 DurationMS:-1 Check:collision Detail:{Reason: Field: Target:-1 Actual:-1 Limit:-1 Start:-1 End:-1 ExpectedType: ActualType:}} Provider:<nil> Outcome: Refunded:false}"
2026/09/22 10:16:34 INFO generation_trace event="{RelatedRunID: ActorKind: RequestID:req_g_kyZbqKvE8hi9jUVjp0nw RunID:01a0c6e6-9015-7370-aa93-5aa8b249bcf9 ModelID:01a0c6e6-8ff6-71ad-96ce-894a47539c5b Sequence:176 ElapsedMS:21 Kind:check_begin Late:false Fact:{Stage:content_validate State:running BeginMS:18 EndMS:-1 DurationMS:-1 Check:context Detail:{Reason: Field: Target:-1 Actual:-1 Limit:-1 Start:-1 End:-1 ExpectedType: ActualType:}} Provider:<nil> Outcome: Refunded:false}"
2026/09/22 10:16:34 INFO generation_trace event="{RelatedRunID: ActorKind: RequestID:req_g_kyZbqKvE8hi9jUVjp0nw RunID:01a0c6e6-9015-7370-aa93-5aa8b249bcf9 ModelID:01a0c6e6-8ff6-71ad-96ce-894a47539c5b Sequence:177 ElapsedMS:22 Kind:check_end Late:false Fact:{Stage:content_validate State:ok BeginMS:18 EndMS:22 DurationMS:4 Check:context Detail:{Reason: Field: Target:-1 Actual:-1 Limit:-1 Start:-1 End:-1 ExpectedType: ActualType:}} Provider:<nil> Outcome: Refunded:false}"
2026/09/22 10:16:34 INFO generation_trace event="{RelatedRunID: ActorKind: RequestID:req_g_kyZbqKvE8hi9jUVjp0nw RunID:01a0c6e6-9015-7370-aa93-5aa8b249bcf9 ModelID:01a0c6e6-8ff6-71ad-96ce-894a47539c5b Sequence:178 ElapsedMS:22 Kind:stage_end Late:false Fact:{Stage:content_validate State:ok BeginMS:18 EndMS:22 DurationMS:4 Check:context Detail:{Reason: Field: Target:-1 Actual:-1 Limit:-1 Start:-1 End:-1 ExpectedType: ActualType:}} Provider:<nil> Outcome: Refunded:false}"
2026/09/22 10:16:34 INFO generation_trace event="{RelatedRunID: ActorKind: RequestID:req_g_kyZbqKvE8hi9jUVjp0nw RunID:01a0c6e6-9015-7370-aa93-5aa8b249bcf9 ModelID:01a0c6e6-8ff6-71ad-96ce-894a47539c5b Sequence:179 ElapsedMS:22 Kind:stage_begin Late:false Fact:{Stage:draft_commit State:running BeginMS:22 EndMS:-1 DurationMS:-1 Check: Detail:{Reason: Field: Target:-1 Actual:-1 Limit:-1 Start:-1 End:-1 ExpectedType: ActualType:}} Provider:<nil> Outcome: Refunded:false}"
2026/09/22 10:16:34 INFO generation_trace event="{RelatedRunID: ActorKind: RequestID:req_g_kyZbqKvE8hi9jUVjp0nw RunID:01a0c6e6-9015-7370-aa93-5aa8b249bcf9 ModelID:01a0c6e6-8ff6-71ad-96ce-894a47539c5b Sequence:180 ElapsedMS:22 Kind:check_begin Late:false Fact:{Stage:draft_commit State:running BeginMS:22 EndMS:-1 DurationMS:-1 Check:snapshot Detail:{Reason: Field: Target:-1 Actual:-1 Limit:-1 Start:-1 End:-1 ExpectedType: ActualType:}} Provider:<nil> Outcome: Refunded:false}"
2026/09/22 10:16:34 INFO generation_trace event="{RelatedRunID: ActorKind: RequestID:req_g_kyZbqKvE8hi9jUVjp0nw RunID:01a0c6e6-9015-7370-aa93-5aa8b249bcf9 ModelID:01a0c6e6-8ff6-71ad-96ce-894a47539c5b Sequence:181 ElapsedMS:22 Kind:check_end Late:false Fact:{Stage:draft_commit State:ok BeginMS:22 EndMS:-1 DurationMS:-1 Check:snapshot Detail:{Reason: Field: Target:-1 Actual:-1 Limit:-1 Start:-1 End:-1 ExpectedType: ActualType:}} Provider:<nil> Outcome: Refunded:false}"
2026/09/22 10:16:34 INFO generation_trace event="{RelatedRunID: ActorKind: RequestID:req_g_kyZbqKvE8hi9jUVjp0nw RunID:01a0c6e6-9015-7370-aa93-5aa8b249bcf9 ModelID:01a0c6e6-8ff6-71ad-96ce-894a47539c5b Sequence:182 ElapsedMS:22 Kind:check_begin Late:false Fact:{Stage:draft_commit State:running BeginMS:22 EndMS:-1 DurationMS:-1 Check:draft_encode Detail:{Reason: Field: Target:-1 Actual:-1 Limit:-1 Start:-1 End:-1 ExpectedType: ActualType:}} Provider:<nil> Outcome: Refunded:false}"
2026/09/22 10:16:34 INFO generation_trace event="{RelatedRunID: ActorKind: RequestID:req_g_kyZbqKvE8hi9jUVjp0nw RunID:01a0c6e6-9015-7370-aa93-5aa8b249bcf9 ModelID:01a0c6e6-8ff6-71ad-96ce-894a47539c5b Sequence:183 ElapsedMS:22 Kind:check_end Late:false Fact:{Stage:draft_commit State:ok BeginMS:22 EndMS:-1 DurationMS:-1 Check:draft_encode Detail:{Reason: Field: Target:-1 Actual:-1 Limit:-1 Start:-1 End:-1 ExpectedType: ActualType:}} Provider:<nil> Outcome: Refunded:false}"
2026/09/22 10:16:34 INFO generation_trace event="{RelatedRunID: ActorKind: RequestID:req_g_kyZbqKvE8hi9jUVjp0nw RunID:01a0c6e6-9015-7370-aa93-5aa8b249bcf9 ModelID:01a0c6e6-8ff6-71ad-96ce-894a47539c5b Sequence:184 ElapsedMS:22 Kind:check_begin Late:false Fact:{Stage:draft_commit State:running BeginMS:22 EndMS:-1 DurationMS:-1 Check:transaction_begin Detail:{Reason: Field: Target:-1 Actual:-1 Limit:-1 Start:-1 End:-1 ExpectedType: ActualType:}} Provider:<nil> Outcome: Refunded:false}"
2026/09/22 10:16:34 INFO generation_trace event="{RelatedRunID: ActorKind: RequestID:req_g_kyZbqKvE8hi9jUVjp0nw RunID:01a0c6e6-9015-7370-aa93-5aa8b249bcf9 ModelID:01a0c6e6-8ff6-71ad-96ce-894a47539c5b Sequence:185 ElapsedMS:22 Kind:check_end Late:false Fact:{Stage:draft_commit State:ok BeginMS:22 EndMS:-1 DurationMS:-1 Check:transaction_begin Detail:{Reason: Field: Target:-1 Actual:-1 Limit:-1 Start:-1 End:-1 ExpectedType: ActualType:}} Provider:<nil> Outcome: Refunded:false}"
2026/09/22 10:16:34 INFO generation_trace event="{RelatedRunID: ActorKind: RequestID:req_g_kyZbqKvE8hi9jUVjp0nw RunID:01a0c6e6-9015-7370-aa93-5aa8b249bcf9 ModelID:01a0c6e6-8ff6-71ad-96ce-894a47539c5b Sequence:186 ElapsedMS:22 Kind:check_begin Late:false Fact:{Stage:draft_commit State:running BeginMS:22 EndMS:-1 DurationMS:-1 Check:cas Detail:{Reason: Field: Target:-1 Actual:-1 Limit:-1 Start:-1 End:-1 ExpectedType: ActualType:}} Provider:<nil> Outcome: Refunded:false}"
2026/09/22 10:16:34 INFO generation_trace event="{RelatedRunID: ActorKind: RequestID:req_g_kyZbqKvE8hi9jUVjp0nw RunID:01a0c6e6-9015-7370-aa93-5aa8b249bcf9 ModelID:01a0c6e6-8ff6-71ad-96ce-894a47539c5b Sequence:187 ElapsedMS:24 Kind:check_end Late:false Fact:{Stage:draft_commit State:ok BeginMS:22 EndMS:-1 DurationMS:-1 Check:cas Detail:{Reason: Field: Target:-1 Actual:-1 Limit:-1 Start:-1 End:-1 ExpectedType: ActualType:}} Provider:<nil> Outcome: Refunded:false}"
2026/09/22 10:16:34 INFO generation_trace event="{RelatedRunID: ActorKind: RequestID:req_g_kyZbqKvE8hi9jUVjp0nw RunID:01a0c6e6-9015-7370-aa93-5aa8b249bcf9 ModelID:01a0c6e6-8ff6-71ad-96ce-894a47539c5b Sequence:188 ElapsedMS:24 Kind:check_begin Late:false Fact:{Stage:draft_commit State:running BeginMS:22 EndMS:-1 DurationMS:-1 Check:draft_insert Detail:{Reason: Field: Target:-1 Actual:-1 Limit:-1 Start:-1 End:-1 ExpectedType: ActualType:}} Provider:<nil> Outcome: Refunded:false}"
2026/09/22 10:16:34 INFO generation_trace event="{RelatedRunID: ActorKind: RequestID:req_g_kyZbqKvE8hi9jUVjp0nw RunID:01a0c6e6-9015-7370-aa93-5aa8b249bcf9 ModelID:01a0c6e6-8ff6-71ad-96ce-894a47539c5b Sequence:189 ElapsedMS:24 Kind:check_end Late:false Fact:{Stage:draft_commit State:ok BeginMS:22 EndMS:-1 DurationMS:-1 Check:draft_insert Detail:{Reason: Field: Target:-1 Actual:-1 Limit:-1 Start:-1 End:-1 ExpectedType: ActualType:}} Provider:<nil> Outcome: Refunded:false}"
2026/09/22 10:16:34 INFO generation_trace event="{RelatedRunID: ActorKind: RequestID:req_g_kyZbqKvE8hi9jUVjp0nw RunID:01a0c6e6-9015-7370-aa93-5aa8b249bcf9 ModelID:01a0c6e6-8ff6-71ad-96ce-894a47539c5b Sequence:190 ElapsedMS:24 Kind:check_begin Late:false Fact:{Stage:draft_commit State:running BeginMS:22 EndMS:-1 DurationMS:-1 Check:transaction_commit Detail:{Reason: Field: Target:-1 Actual:-1 Limit:-1 Start:-1 End:-1 ExpectedType: ActualType:}} Provider:<nil> Outcome: Refunded:false}"
2026/09/22 10:16:34 INFO generation_trace event="{RelatedRunID: ActorKind: RequestID:req_g_kyZbqKvE8hi9jUVjp0nw RunID:01a0c6e6-9015-7370-aa93-5aa8b249bcf9 ModelID:01a0c6e6-8ff6-71ad-96ce-894a47539c5b Sequence:191 ElapsedMS:25 Kind:outcome_confirmed Late:false Fact:{Stage: State: BeginMS:0 EndMS:0 DurationMS:0 Check: Detail:{Reason: Field: Target:0 Actual:0 Limit:0 Start:0 End:0 ExpectedType: ActualType:}} Provider:<nil> Outcome:valid Refunded:false}"
2026/09/22 10:16:34 INFO generation_trace event="{RelatedRunID: ActorKind: RequestID:req_g_kyZbqKvE8hi9jUVjp0nw RunID:01a0c6e6-9015-7370-aa93-5aa8b249bcf9 ModelID:01a0c6e6-8ff6-71ad-96ce-894a47539c5b Sequence:192 ElapsedMS:25 Kind:check_end Late:false Fact:{Stage:draft_commit State:ok BeginMS:22 EndMS:25 DurationMS:3 Check:transaction_commit Detail:{Reason: Field: Target:-1 Actual:-1 Limit:-1 Start:-1 End:-1 ExpectedType: ActualType:}} Provider:<nil> Outcome: Refunded:false}"
2026/09/22 10:16:34 INFO generation_trace event="{RelatedRunID: ActorKind: RequestID:req_g_kyZbqKvE8hi9jUVjp0nw RunID:01a0c6e6-9015-7370-aa93-5aa8b249bcf9 ModelID:01a0c6e6-8ff6-71ad-96ce-894a47539c5b Sequence:193 ElapsedMS:25 Kind:stage_end Late:false Fact:{Stage:draft_commit State:ok BeginMS:22 EndMS:25 DurationMS:3 Check:transaction_commit Detail:{Reason: Field: Target:-1 Actual:-1 Limit:-1 Start:-1 End:-1 ExpectedType: ActualType:}} Provider:<nil> Outcome: Refunded:false}"
2026/09/22 10:16:34 INFO generation_trace event="{RelatedRunID: ActorKind: RequestID:req_g_kyZbqKvE8hi9jUVjp0nw RunID:01a0c6e6-9015-7370-aa93-5aa8b249bcf9 ModelID:01a0c6e6-8ff6-71ad-96ce-894a47539c5b Sequence:194 ElapsedMS:25 Kind:fact Late:false Fact:{Stage:delivery State:running BeginMS:12 EndMS:-1 DurationMS:-1 Check:validated Detail:{Reason: Field: Target:-1 Actual:917 Limit:-1 Start:-1 End:-1 ExpectedType: ActualType:}} Provider:<nil> Outcome: Refunded:false}"
2026/09/22 10:16:34 INFO generation_trace event="{RelatedRunID: ActorKind: RequestID:req_g_kyZbqKvE8hi9jUVjp0nw RunID:01a0c6e6-9015-7370-aa93-5aa8b249bcf9 ModelID:01a0c6e6-8ff6-71ad-96ce-894a47539c5b Sequence:195 ElapsedMS:25 Kind:stage_end Late:false Fact:{Stage:delivery State:ok BeginMS:12 EndMS:25 DurationMS:13 Check: Detail:{Reason: Field: Target:-1 Actual:-1 Limit:-1 Start:-1 End:-1 ExpectedType: ActualType:}} Provider:<nil> Outcome: Refunded:false}"
2026/09/22 10:16:34 INFO ai_generation_request_finished request_id=req_g_kyZbqKvE8hi9jUVjp0nw run_id=01a0c6e6-9015-7370-aa93-5aa8b249bcf9 model_id=01a0c6e6-8ff6-71ad-96ce-894a47539c5b elapsed_ms=24
2026/09/22 10:16:34 INFO http_request request_id=req_g_kyZbqKvE8hi9jUVjp0nw method=POST route=/api/v1/generations/stream status=200 duration_ms=25
2026/09/22 10:16:34 INFO generation_trace event="{RelatedRunID: ActorKind: RequestID:req_g_kyZbqKvE8hi9jUVjp0nw RunID:01a0c6e6-9015-7370-aa93-5aa8b249bcf9 ModelID:01a0c6e6-8ff6-71ad-96ce-894a47539c5b Sequence:196 ElapsedMS:25 Kind:check_end Late:false Fact:{Stage:request State:ok BeginMS:0 EndMS:25 DurationMS:25 Check:body Detail:{Reason: Field: Target:-1 Actual:-1 Limit:-1 Start:-1 End:-1 ExpectedType: ActualType:}} Provider:<nil> Outcome: Refunded:false}"
2026/09/22 10:16:34 INFO generation_trace event="{RelatedRunID: ActorKind: RequestID:req_g_kyZbqKvE8hi9jUVjp0nw RunID:01a0c6e6-9015-7370-aa93-5aa8b249bcf9 ModelID:01a0c6e6-8ff6-71ad-96ce-894a47539c5b Sequence:197 ElapsedMS:25 Kind:stage_end Late:false Fact:{Stage:request State:ok BeginMS:0 EndMS:25 DurationMS:25 Check:body Detail:{Reason: Field: Target:-1 Actual:-1 Limit:-1 Start:-1 End:-1 ExpectedType: ActualType:}} Provider:<nil> Outcome: Refunded:false}"
2026/09/22 10:16:34 INFO generation_summary summary="{RequestID:req_g_kyZbqKvE8hi9jUVjp0nw RunID:01a0c6e6-9015-7370-aa93-5aa8b249bcf9 ModelID:01a0c6e6-8ff6-71ad-96ce-894a47539c5b ElapsedMS:25 Stages:[{Stage:request State:ok BeginMS:0 EndMS:25 DurationMS:25 Check:body Detail:{Reason: Field: Target:-1 Actual:-1 Limit:-1 Start:-1 End:-1 ExpectedType: ActualType:}} {Stage:preflight State:ok BeginMS:1 EndMS:9 DurationMS:8 Check:transaction_commit Detail:{Reason: Field: Target:-1 Actual:-1 Limit:-1 Start:-1 End:-1 ExpectedType: ActualType:}} {Stage:provider_open State:ok BeginMS:9 EndMS:12 DurationMS:3 Check:response_headers Detail:{Reason: Field: Target:-1 Actual:-1 Limit:-1 Start:-1 End:-1 ExpectedType: ActualType:}} {Stage:provider_stream State:ok BeginMS:13 EndMS:14 DurationMS:1 Check: Detail:{Reason: Field: Target:-1 Actual:-1 Limit:-1 Start:-1 End:-1 ExpectedType: ActualType:}} {Stage:passage_decode State:ok BeginMS:13 EndMS:17 DurationMS:4 Check:clean_consistency Detail:{Reason: Field: Target:-1 Actual:-1 Limit:-1 Start:-1 End:-1 ExpectedType: ActualType:}} {Stage:candidate_decode State:ok BeginMS:14 EndMS:17 DurationMS:3 Check:hint_size Detail:{Reason: Field: Target:-1 Actual:-1 Limit:-1 Start:-1 End:-1 ExpectedType: ActualType:}} {Stage:content_validate State:ok BeginMS:18 EndMS:22 DurationMS:4 Check:context Detail:{Reason: Field: Target:-1 Actual:-1 Limit:-1 Start:-1 End:-1 ExpectedType: ActualType:}} {Stage:draft_commit State:ok BeginMS:22 EndMS:25 DurationMS:3 Check:transaction_commit Detail:{Reason: Field: Target:-1 Actual:-1 Limit:-1 Start:-1 End:-1 ExpectedType: ActualType:}} {Stage:settlement State:not_run BeginMS:-1 EndMS:-1 DurationMS:-1 Check: Detail:{Reason: Field: Target:-1 Actual:-1 Limit:-1 Start:-1 End:-1 ExpectedType: ActualType:}} {Stage:delivery State:ok BeginMS:12 EndMS:25 DurationMS:13 Check: Detail:{Reason: Field: Target:-1 Actual:-1 Limit:-1 Start:-1 End:-1 ExpectedType: ActualType:}} {Stage:continuation State:not_run BeginMS:-1 EndMS:-1 DurationMS:-1 Check: Detail:{Reason: Field: Target:-1 Actual:-1 Limit:-1 Start:-1 End:-1 ExpectedType: ActualType:}}] FirstFailure:<nil> Outcome:valid Refunded:false Pending:false}"
2026/09/22 10:16:34 INFO http_request request_id=req_V6_3hyGaXthtGNY0hQjYPg method=POST route=/api/v1/generations/{run_id}/visitor-claim status=200 duration_ms=3
2026/09/22 10:16:34 INFO generation_trace event="{RelatedRunID: ActorKind: RequestID:req_1x_h_FuuhiJMj3ZBEbc1Aw RunID: ModelID: Sequence:1 ElapsedMS:0 Kind:stage_begin Late:false Fact:{Stage:request State:running BeginMS:0 EndMS:-1 DurationMS:-1 Check: Detail:{Reason: Field: Target:-1 Actual:-1 Limit:-1 Start:-1 End:-1 ExpectedType: ActualType:}} Provider:<nil> Outcome: Refunded:false}"
2026/09/22 10:16:34 INFO generation_trace event="{RelatedRunID: ActorKind: RequestID:req_1x_h_FuuhiJMj3ZBEbc1Aw RunID: ModelID: Sequence:2 ElapsedMS:0 Kind:check_begin Late:false Fact:{Stage:request State:running BeginMS:0 EndMS:-1 DurationMS:-1 Check:identity Detail:{Reason: Field: Target:-1 Actual:-1 Limit:-1 Start:-1 End:-1 ExpectedType: ActualType:}} Provider:<nil> Outcome: Refunded:false}"
2026/09/22 10:16:34 INFO generation_trace event="{RelatedRunID: ActorKind:visitor RequestID:req_1x_h_FuuhiJMj3ZBEbc1Aw RunID: ModelID: Sequence:3 ElapsedMS:0 Kind:actor_resolved Late:false Fact:{Stage: State: BeginMS:0 EndMS:0 DurationMS:0 Check: Detail:{Reason: Field: Target:0 Actual:0 Limit:0 Start:0 End:0 ExpectedType: ActualType:}} Provider:<nil> Outcome: Refunded:false}"
2026/09/22 10:16:34 INFO generation_trace event="{RelatedRunID: ActorKind: RequestID:req_1x_h_FuuhiJMj3ZBEbc1Aw RunID: ModelID: Sequence:4 ElapsedMS:0 Kind:check_end Late:false Fact:{Stage:request State:ok BeginMS:0 EndMS:-1 DurationMS:-1 Check:identity Detail:{Reason: Field: Target:-1 Actual:-1 Limit:-1 Start:-1 End:-1 ExpectedType: ActualType:}} Provider:<nil> Outcome: Refunded:false}"
2026/09/22 10:16:34 INFO generation_trace event="{RelatedRunID: ActorKind: RequestID:req_1x_h_FuuhiJMj3ZBEbc1Aw RunID: ModelID: Sequence:5 ElapsedMS:0 Kind:check_begin Late:false Fact:{Stage:request State:running BeginMS:0 EndMS:-1 DurationMS:-1 Check:origin Detail:{Reason: Field: Target:-1 Actual:-1 Limit:-1 Start:-1 End:-1 ExpectedType: ActualType:}} Provider:<nil> Outcome: Refunded:false}"
2026/09/22 10:16:34 INFO generation_trace event="{RelatedRunID: ActorKind: RequestID:req_1x_h_FuuhiJMj3ZBEbc1Aw RunID: ModelID: Sequence:6 ElapsedMS:0 Kind:check_end Late:false Fact:{Stage:request State:ok BeginMS:0 EndMS:-1 DurationMS:-1 Check:origin Detail:{Reason: Field: Target:-1 Actual:-1 Limit:-1 Start:-1 End:-1 ExpectedType: ActualType:}} Provider:<nil> Outcome: Refunded:false}"
2026/09/22 10:16:34 INFO generation_trace event="{RelatedRunID: ActorKind: RequestID:req_1x_h_FuuhiJMj3ZBEbc1Aw RunID: ModelID: Sequence:7 ElapsedMS:0 Kind:check_begin Late:false Fact:{Stage:request State:running BeginMS:0 EndMS:-1 DurationMS:-1 Check:content_type Detail:{Reason: Field: Target:-1 Actual:-1 Limit:-1 Start:-1 End:-1 ExpectedType: ActualType:}} Provider:<nil> Outcome: Refunded:false}"
2026/09/22 10:16:34 INFO generation_trace event="{RelatedRunID: ActorKind: RequestID:req_1x_h_FuuhiJMj3ZBEbc1Aw RunID: ModelID: Sequence:8 ElapsedMS:0 Kind:check_end Late:false Fact:{Stage:request State:ok BeginMS:0 EndMS:-1 DurationMS:-1 Check:content_type Detail:{Reason: Field: Target:-1 Actual:-1 Limit:-1 Start:-1 End:-1 ExpectedType: ActualType:}} Provider:<nil> Outcome: Refunded:false}"
2026/09/22 10:16:34 INFO generation_trace event="{RelatedRunID: ActorKind: RequestID:req_1x_h_FuuhiJMj3ZBEbc1Aw RunID: ModelID: Sequence:9 ElapsedMS:0 Kind:check_begin Late:false Fact:{Stage:request State:running BeginMS:0 EndMS:-1 DurationMS:-1 Check:csrf Detail:{Reason: Field: Target:-1 Actual:-1 Limit:-1 Start:-1 End:-1 ExpectedType: ActualType:}} Provider:<nil> Outcome: Refunded:false}"
2026/09/22 10:16:34 INFO generation_trace event="{RelatedRunID: ActorKind: RequestID:req_1x_h_FuuhiJMj3ZBEbc1Aw RunID: ModelID: Sequence:10 ElapsedMS:0 Kind:check_end Late:false Fact:{Stage:request State:ok BeginMS:0 EndMS:-1 DurationMS:-1 Check:csrf Detail:{Reason: Field: Target:-1 Actual:-1 Limit:-1 Start:-1 End:-1 ExpectedType: ActualType:}} Provider:<nil> Outcome: Refunded:false}"
2026/09/22 10:16:34 INFO generation_trace event="{RelatedRunID: ActorKind: RequestID:req_1x_h_FuuhiJMj3ZBEbc1Aw RunID: ModelID: Sequence:11 ElapsedMS:1 Kind:check_begin Late:false Fact:{Stage:request State:running BeginMS:0 EndMS:-1 DurationMS:-1 Check:body Detail:{Reason: Field: Target:-1 Actual:-1 Limit:-1 Start:-1 End:-1 ExpectedType: ActualType:}} Provider:<nil> Outcome: Refunded:false}"
2026/09/22 10:16:34 INFO generation_trace event="{RelatedRunID: ActorKind: RequestID:req_1x_h_FuuhiJMj3ZBEbc1Aw RunID: ModelID: Sequence:12 ElapsedMS:1 Kind:stage_begin Late:false Fact:{Stage:preflight State:running BeginMS:1 EndMS:-1 DurationMS:-1 Check: Detail:{Reason: Field: Target:-1 Actual:-1 Limit:-1 Start:-1 End:-1 ExpectedType: ActualType:}} Provider:<nil> Outcome: Refunded:false}"
2026/09/22 10:16:34 INFO generation_trace event="{RelatedRunID: ActorKind: RequestID:req_1x_h_FuuhiJMj3ZBEbc1Aw RunID: ModelID: Sequence:13 ElapsedMS:1 Kind:check_begin Late:false Fact:{Stage:preflight State:running BeginMS:1 EndMS:-1 DurationMS:-1 Check:input Detail:{Reason: Field: Target:-1 Actual:-1 Limit:-1 Start:-1 End:-1 ExpectedType: ActualType:}} Provider:<nil> Outcome: Refunded:false}"
2026/09/22 10:16:34 INFO generation_trace event="{RelatedRunID: ActorKind: RequestID:req_1x_h_FuuhiJMj3ZBEbc1Aw RunID: ModelID: Sequence:14 ElapsedMS:1 Kind:check_end Late:false Fact:{Stage:preflight State:ok BeginMS:1 EndMS:-1 DurationMS:-1 Check:input Detail:{Reason: Field: Target:-1 Actual:-1 Limit:-1 Start:-1 End:-1 ExpectedType: ActualType:}} Provider:<nil> Outcome: Refunded:false}"
2026/09/22 10:16:34 INFO generation_trace event="{RelatedRunID: ActorKind: RequestID:req_1x_h_FuuhiJMj3ZBEbc1Aw RunID: ModelID: Sequence:15 ElapsedMS:1 Kind:check_begin Late:false Fact:{Stage:preflight State:running BeginMS:1 EndMS:-1 DurationMS:-1 Check:transaction_begin Detail:{Reason: Field: Target:-1 Actual:-1 Limit:-1 Start:-1 End:-1 ExpectedType: ActualType:}} Provider:<nil> Outcome: Refunded:false}"
2026/09/22 10:16:34 INFO generation_trace event="{RelatedRunID: ActorKind: RequestID:req_1x_h_FuuhiJMj3ZBEbc1Aw RunID: ModelID: Sequence:16 ElapsedMS:1 Kind:check_end Late:false Fact:{Stage:preflight State:ok BeginMS:1 EndMS:-1 DurationMS:-1 Check:transaction_begin Detail:{Reason: Field: Target:-1 Actual:-1 Limit:-1 Start:-1 End:-1 ExpectedType: ActualType:}} Provider:<nil> Outcome: Refunded:false}"
2026/09/22 10:16:34 INFO generation_trace event="{RelatedRunID: ActorKind: RequestID:req_1x_h_FuuhiJMj3ZBEbc1Aw RunID: ModelID: Sequence:17 ElapsedMS:1 Kind:check_begin Late:false Fact:{Stage:preflight State:running BeginMS:1 EndMS:-1 DurationMS:-1 Check:credentials Detail:{Reason: Field: Target:-1 Actual:-1 Limit:-1 Start:-1 End:-1 ExpectedType: ActualType:}} Provider:<nil> Outcome: Refunded:false}"
2026/09/22 10:16:34 INFO generation_trace event="{RelatedRunID: ActorKind: RequestID:req_1x_h_FuuhiJMj3ZBEbc1Aw RunID: ModelID: Sequence:18 ElapsedMS:1 Kind:check_end Late:false Fact:{Stage:preflight State:ok BeginMS:1 EndMS:-1 DurationMS:-1 Check:credentials Detail:{Reason: Field: Target:-1 Actual:-1 Limit:-1 Start:-1 End:-1 ExpectedType: ActualType:}} Provider:<nil> Outcome: Refunded:false}"
2026/09/22 10:16:34 INFO generation_trace event="{RelatedRunID: ActorKind: RequestID:req_1x_h_FuuhiJMj3ZBEbc1Aw RunID: ModelID: Sequence:19 ElapsedMS:2 Kind:check_begin Late:false Fact:{Stage:preflight State:running BeginMS:1 EndMS:-1 DurationMS:-1 Check:actor_lock Detail:{Reason: Field: Target:-1 Actual:-1 Limit:-1 Start:-1 End:-1 ExpectedType: ActualType:}} Provider:<nil> Outcome: Refunded:false}"
2026/09/22 10:16:34 INFO generation_trace event="{RelatedRunID: ActorKind: RequestID:req_1x_h_FuuhiJMj3ZBEbc1Aw RunID: ModelID: Sequence:20 ElapsedMS:2 Kind:check_end Late:false Fact:{Stage:preflight State:ok BeginMS:1 EndMS:-1 DurationMS:-1 Check:actor_lock Detail:{Reason: Field: Target:-1 Actual:-1 Limit:-1 Start:-1 End:-1 ExpectedType: ActualType:}} Provider:<nil> Outcome: Refunded:false}"
2026/09/22 10:16:34 INFO generation_trace event="{RelatedRunID: ActorKind: RequestID:req_1x_h_FuuhiJMj3ZBEbc1Aw RunID: ModelID: Sequence:21 ElapsedMS:2 Kind:check_begin Late:false Fact:{Stage:preflight State:running BeginMS:1 EndMS:-1 DurationMS:-1 Check:group_policy Detail:{Reason: Field: Target:-1 Actual:-1 Limit:-1 Start:-1 End:-1 ExpectedType: ActualType:}} Provider:<nil> Outcome: Refunded:false}"
2026/09/22 10:16:34 INFO generation_trace event="{RelatedRunID: ActorKind: RequestID:req_1x_h_FuuhiJMj3ZBEbc1Aw RunID: ModelID: Sequence:22 ElapsedMS:2 Kind:check_end Late:false Fact:{Stage:preflight State:ok BeginMS:1 EndMS:-1 DurationMS:-1 Check:group_policy Detail:{Reason: Field: Target:-1 Actual:-1 Limit:-1 Start:-1 End:-1 ExpectedType: ActualType:}} Provider:<nil> Outcome: Refunded:false}"
2026/09/22 10:16:34 INFO generation_trace event="{RelatedRunID: ActorKind: RequestID:req_1x_h_FuuhiJMj3ZBEbc1Aw RunID: ModelID: Sequence:23 ElapsedMS:2 Kind:check_begin Late:false Fact:{Stage:preflight State:running BeginMS:1 EndMS:-1 DurationMS:-1 Check:model_assignment Detail:{Reason: Field: Target:-1 Actual:-1 Limit:-1 Start:-1 End:-1 ExpectedType: ActualType:}} Provider:<nil> Outcome: Refunded:false}"
2026/09/22 10:16:34 INFO generation_trace event="{RelatedRunID: ActorKind: RequestID:req_1x_h_FuuhiJMj3ZBEbc1Aw RunID: ModelID: Sequence:24 ElapsedMS:2 Kind:check_end Late:false Fact:{Stage:preflight State:ok BeginMS:1 EndMS:-1 DurationMS:-1 Check:model_assignment Detail:{Reason: Field: Target:-1 Actual:-1 Limit:-1 Start:-1 End:-1 ExpectedType: ActualType:}} Provider:<nil> Outcome: Refunded:false}"
2026/09/22 10:16:34 INFO generation_trace event="{RelatedRunID: ActorKind: RequestID:req_1x_h_FuuhiJMj3ZBEbc1Aw RunID: ModelID: Sequence:25 ElapsedMS:2 Kind:check_begin Late:false Fact:{Stage:preflight State:running BeginMS:1 EndMS:-1 DurationMS:-1 Check:length_assignment Detail:{Reason: Field: Target:-1 Actual:-1 Limit:-1 Start:-1 End:-1 ExpectedType: ActualType:}} Provider:<nil> Outcome: Refunded:false}"
2026/09/22 10:16:34 INFO generation_trace event="{RelatedRunID: ActorKind: RequestID:req_1x_h_FuuhiJMj3ZBEbc1Aw RunID: ModelID: Sequence:26 ElapsedMS:3 Kind:check_end Late:false Fact:{Stage:preflight State:ok BeginMS:1 EndMS:-1 DurationMS:-1 Check:length_assignment Detail:{Reason: Field: Target:-1 Actual:-1 Limit:-1 Start:-1 End:-1 ExpectedType: ActualType:}} Provider:<nil> Outcome: Refunded:false}"
2026/09/22 10:16:34 INFO generation_trace event="{RelatedRunID: ActorKind: RequestID:req_1x_h_FuuhiJMj3ZBEbc1Aw RunID: ModelID: Sequence:27 ElapsedMS:3 Kind:check_begin Late:false Fact:{Stage:preflight State:running BeginMS:1 EndMS:-1 DurationMS:-1 Check:vocabulary Detail:{Reason: Field: Target:-1 Actual:-1 Limit:-1 Start:-1 End:-1 ExpectedType: ActualType:}} Provider:<nil> Outcome: Refunded:false}"
2026/09/22 10:16:34 INFO generation_trace event="{RelatedRunID: ActorKind: RequestID:req_1x_h_FuuhiJMj3ZBEbc1Aw RunID: ModelID: Sequence:28 ElapsedMS:3 Kind:check_end Late:false Fact:{Stage:preflight State:ok BeginMS:1 EndMS:-1 DurationMS:-1 Check:vocabulary Detail:{Reason: Field: Target:-1 Actual:-1 Limit:-1 Start:-1 End:-1 ExpectedType: ActualType:}} Provider:<nil> Outcome: Refunded:false}"
2026/09/22 10:16:34 INFO generation_trace event="{RelatedRunID: ActorKind: RequestID:req_1x_h_FuuhiJMj3ZBEbc1Aw RunID: ModelID: Sequence:29 ElapsedMS:3 Kind:check_begin Late:false Fact:{Stage:preflight State:running BeginMS:1 EndMS:-1 DurationMS:-1 Check:quota Detail:{Reason: Field: Target:-1 Actual:-1 Limit:-1 Start:-1 End:-1 ExpectedType: ActualType:}} Provider:<nil> Outcome: Refunded:false}"
2026/09/22 10:16:34 INFO generation_trace event="{RelatedRunID: ActorKind: RequestID:req_1x_h_FuuhiJMj3ZBEbc1Aw RunID: ModelID: Sequence:30 ElapsedMS:3 Kind:fact Late:false Fact:{Stage:preflight State:running BeginMS:1 EndMS:-1 DurationMS:-1 Check:transaction_rollback Detail:{Reason:rolled_back Field: Target:-1 Actual:-1 Limit:-1 Start:-1 End:-1 ExpectedType: ActualType:}} Provider:<nil> Outcome: Refunded:false}"
2026/09/22 10:16:34 INFO generation_trace event="{RelatedRunID: ActorKind: RequestID:req_1x_h_FuuhiJMj3ZBEbc1Aw RunID: ModelID: Sequence:31 ElapsedMS:3 Kind:check_end Late:false Fact:{Stage:preflight State:failed BeginMS:1 EndMS:3 DurationMS:2 Check:quota Detail:{Reason:quota_exhausted Field: Target:-1 Actual:-1 Limit:-1 Start:-1 End:-1 ExpectedType: ActualType:}} Provider:<nil> Outcome: Refunded:false}"
2026/09/22 10:16:34 INFO generation_trace event="{RelatedRunID: ActorKind: RequestID:req_1x_h_FuuhiJMj3ZBEbc1Aw RunID: ModelID: Sequence:32 ElapsedMS:3 Kind:stage_end Late:false Fact:{Stage:preflight State:failed BeginMS:1 EndMS:3 DurationMS:2 Check:quota Detail:{Reason:quota_exhausted Field: Target:-1 Actual:-1 Limit:-1 Start:-1 End:-1 ExpectedType: ActualType:}} Provider:<nil> Outcome: Refunded:false}"
2026/09/22 10:16:34 WARN ai_generation_failure request_id=req_1x_h_FuuhiJMj3ZBEbc1Aw run_id="" model_id="" prompt_version="" validator_version=m001-v5-wn31-r2 phase=preflight stage=preflight reason=quota_exhausted field="" target_index=-1
2026/09/22 10:16:34 INFO http_request request_id=req_1x_h_FuuhiJMj3ZBEbc1Aw method=POST route=/api/v1/generations/stream status=429 duration_ms=4
2026/09/22 10:16:34 INFO generation_trace event="{RelatedRunID: ActorKind: RequestID:req_1x_h_FuuhiJMj3ZBEbc1Aw RunID: ModelID: Sequence:33 ElapsedMS:4 Kind:check_end Late:false Fact:{Stage:request State:ok BeginMS:0 EndMS:4 DurationMS:4 Check:body Detail:{Reason: Field: Target:-1 Actual:-1 Limit:-1 Start:-1 End:-1 ExpectedType: ActualType:}} Provider:<nil> Outcome: Refunded:false}"
2026/09/22 10:16:34 INFO generation_trace event="{RelatedRunID: ActorKind: RequestID:req_1x_h_FuuhiJMj3ZBEbc1Aw RunID: ModelID: Sequence:34 ElapsedMS:4 Kind:stage_end Late:false Fact:{Stage:request State:ok BeginMS:0 EndMS:4 DurationMS:4 Check:body Detail:{Reason: Field: Target:-1 Actual:-1 Limit:-1 Start:-1 End:-1 ExpectedType: ActualType:}} Provider:<nil> Outcome: Refunded:false}"
2026/09/22 10:16:34 INFO generation_summary summary="{RequestID:req_1x_h_FuuhiJMj3ZBEbc1Aw RunID: ModelID: ElapsedMS:4 Stages:[{Stage:request State:ok BeginMS:0 EndMS:4 DurationMS:4 Check:body Detail:{Reason: Field: Target:-1 Actual:-1 Limit:-1 Start:-1 End:-1 ExpectedType: ActualType:}} {Stage:preflight State:failed BeginMS:1 EndMS:3 DurationMS:2 Check:quota Detail:{Reason:quota_exhausted Field: Target:-1 Actual:-1 Limit:-1 Start:-1 End:-1 ExpectedType: ActualType:}} {Stage:provider_open State:not_run BeginMS:-1 EndMS:-1 DurationMS:-1 Check: Detail:{Reason: Field: Target:-1 Actual:-1 Limit:-1 Start:-1 End:-1 ExpectedType: ActualType:}} {Stage:provider_stream State:not_run BeginMS:-1 EndMS:-1 DurationMS:-1 Check: Detail:{Reason: Field: Target:-1 Actual:-1 Limit:-1 Start:-1 End:-1 ExpectedType: ActualType:}} {Stage:passage_decode State:not_run BeginMS:-1 EndMS:-1 DurationMS:-1 Check: Detail:{Reason: Field: Target:-1 Actual:-1 Limit:-1 Start:-1 End:-1 ExpectedType: ActualType:}} {Stage:candidate_decode State:not_run BeginMS:-1 EndMS:-1 DurationMS:-1 Check: Detail:{Reason: Field: Target:-1 Actual:-1 Limit:-1 Start:-1 End:-1 ExpectedType: ActualType:}} {Stage:content_validate State:not_run BeginMS:-1 EndMS:-1 DurationMS:-1 Check: Detail:{Reason: Field: Target:-1 Actual:-1 Limit:-1 Start:-1 End:-1 ExpectedType: ActualType:}} {Stage:draft_commit State:not_run BeginMS:-1 EndMS:-1 DurationMS:-1 Check: Detail:{Reason: Field: Target:-1 Actual:-1 Limit:-1 Start:-1 End:-1 ExpectedType: ActualType:}} {Stage:settlement State:not_run BeginMS:-1 EndMS:-1 DurationMS:-1 Check: Detail:{Reason: Field: Target:-1 Actual:-1 Limit:-1 Start:-1 End:-1 ExpectedType: ActualType:}} {Stage:delivery State:not_run BeginMS:-1 EndMS:-1 DurationMS:-1 Check: Detail:{Reason: Field: Target:-1 Actual:-1 Limit:-1 Start:-1 End:-1 ExpectedType: ActualType:}} {Stage:continuation State:not_run BeginMS:-1 EndMS:-1 DurationMS:-1 Check: Detail:{Reason: Field: Target:-1 Actual:-1 Limit:-1 Start:-1 End:-1 ExpectedType: ActualType:}}] FirstFailure:0xc0000de790 Outcome:unknown Refunded:false Pending:false}"
2026/09/22 10:16:34 INFO http_request request_id=req_0BB7UCZXs-YzDHs5PzoTnw method=POST route=/api/v1/auth/register status=201 duration_ms=746
2026/09/22 10:16:34 INFO http_request request_id=req_JbNwYB3-72BTd623kkQwZQ method=POST route=/api/v1/visitor-claims/consume status=201 duration_ms=11
2026/09/22 10:16:34 INFO http_request request_id=req_aoougo0dAmUjMdrzuEWWdw method=POST route=/api/v1/visitor-claims/consume status=200 duration_ms=1
2026/09/22 10:16:34 INFO http_request request_id=req_DYaoK0ksjEWmDG4vVYc35A method=GET route=/api/v1/bootstrap status=200 duration_ms=0
2026/09/22 10:16:35 INFO http_request request_id=req_RpGjvVBLCnxKVcuJZS2_xA method=POST route=/api/v1/auth/register status=201 duration_ms=770
2026/09/22 10:16:35 INFO http_request request_id=req_jadU5vy6K4vJeM13qYO_pQ method=GET route=/api/v1/generation-options status=200 duration_ms=4
2026/09/22 10:16:35 INFO generation_trace event="{RelatedRunID: ActorKind: RequestID:req_19UdWQbc18Vey92HMCR7HQ RunID: ModelID: Sequence:1 ElapsedMS:0 Kind:stage_begin Late:false Fact:{Stage:request State:running BeginMS:0 EndMS:-1 DurationMS:-1 Check: Detail:{Reason: Field: Target:-1 Actual:-1 Limit:-1 Start:-1 End:-1 ExpectedType: ActualType:}} Provider:<nil> Outcome: Refunded:false}"
2026/09/22 10:16:35 INFO generation_trace event="{RelatedRunID: ActorKind: RequestID:req_19UdWQbc18Vey92HMCR7HQ RunID: ModelID: Sequence:2 ElapsedMS:0 Kind:check_begin Late:false Fact:{Stage:request State:running BeginMS:0 EndMS:-1 DurationMS:-1 Check:identity Detail:{Reason: Field: Target:-1 Actual:-1 Limit:-1 Start:-1 End:-1 ExpectedType: ActualType:}} Provider:<nil> Outcome: Refunded:false}"
2026/09/22 10:16:35 INFO generation_trace event="{RelatedRunID: ActorKind:account RequestID:req_19UdWQbc18Vey92HMCR7HQ RunID: ModelID: Sequence:3 ElapsedMS:0 Kind:actor_resolved Late:false Fact:{Stage: State: BeginMS:0 EndMS:0 DurationMS:0 Check: Detail:{Reason: Field: Target:0 Actual:0 Limit:0 Start:0 End:0 ExpectedType: ActualType:}} Provider:<nil> Outcome: Refunded:false}"
2026/09/22 10:16:35 INFO generation_trace event="{RelatedRunID: ActorKind: RequestID:req_19UdWQbc18Vey92HMCR7HQ RunID: ModelID: Sequence:4 ElapsedMS:0 Kind:check_end Late:false Fact:{Stage:request State:ok BeginMS:0 EndMS:-1 DurationMS:-1 Check:identity Detail:{Reason: Field: Target:-1 Actual:-1 Limit:-1 Start:-1 End:-1 ExpectedType: ActualType:}} Provider:<nil> Outcome: Refunded:false}"
2026/09/22 10:16:35 INFO generation_trace event="{RelatedRunID: ActorKind: RequestID:req_19UdWQbc18Vey92HMCR7HQ RunID: ModelID: Sequence:5 ElapsedMS:0 Kind:check_begin Late:false Fact:{Stage:request State:running BeginMS:0 EndMS:-1 DurationMS:-1 Check:origin Detail:{Reason: Field: Target:-1 Actual:-1 Limit:-1 Start:-1 End:-1 ExpectedType: ActualType:}} Provider:<nil> Outcome: Refunded:false}"
2026/09/22 10:16:35 INFO generation_trace event="{RelatedRunID: ActorKind: RequestID:req_19UdWQbc18Vey92HMCR7HQ RunID: ModelID: Sequence:6 ElapsedMS:0 Kind:check_end Late:false Fact:{Stage:request State:ok BeginMS:0 EndMS:-1 DurationMS:-1 Check:origin Detail:{Reason: Field: Target:-1 Actual:-1 Limit:-1 Start:-1 End:-1 ExpectedType: ActualType:}} Provider:<nil> Outcome: Refunded:false}"
2026/09/22 10:16:35 INFO generation_trace event="{RelatedRunID: ActorKind: RequestID:req_19UdWQbc18Vey92HMCR7HQ RunID: ModelID: Sequence:7 ElapsedMS:0 Kind:check_begin Late:false Fact:{Stage:request State:running BeginMS:0 EndMS:-1 DurationMS:-1 Check:content_type Detail:{Reason: Field: Target:-1 Actual:-1 Limit:-1 Start:-1 End:-1 ExpectedType: ActualType:}} Provider:<nil> Outcome: Refunded:false}"
2026/09/22 10:16:35 INFO generation_trace event="{RelatedRunID: ActorKind: RequestID:req_19UdWQbc18Vey92HMCR7HQ RunID: ModelID: Sequence:8 ElapsedMS:0 Kind:check_end Late:false Fact:{Stage:request State:ok BeginMS:0 EndMS:-1 DurationMS:-1 Check:content_type Detail:{Reason: Field: Target:-1 Actual:-1 Limit:-1 Start:-1 End:-1 ExpectedType: ActualType:}} Provider:<nil> Outcome: Refunded:false}"
2026/09/22 10:16:35 INFO generation_trace event="{RelatedRunID: ActorKind: RequestID:req_19UdWQbc18Vey92HMCR7HQ RunID: ModelID: Sequence:9 ElapsedMS:0 Kind:check_begin Late:false Fact:{Stage:request State:running BeginMS:0 EndMS:-1 DurationMS:-1 Check:csrf Detail:{Reason: Field: Target:-1 Actual:-1 Limit:-1 Start:-1 End:-1 ExpectedType: ActualType:}} Provider:<nil> Outcome: Refunded:false}"
2026/09/22 10:16:35 INFO generation_trace event="{RelatedRunID: ActorKind: RequestID:req_19UdWQbc18Vey92HMCR7HQ RunID: ModelID: Sequence:10 ElapsedMS:0 Kind:check_end Late:false Fact:{Stage:request State:ok BeginMS:0 EndMS:-1 DurationMS:-1 Check:csrf Detail:{Reason: Field: Target:-1 Actual:-1 Limit:-1 Start:-1 End:-1 ExpectedType: ActualType:}} Provider:<nil> Outcome: Refunded:false}"
2026/09/22 10:16:35 INFO generation_trace event="{RelatedRunID: ActorKind: RequestID:req_19UdWQbc18Vey92HMCR7HQ RunID: ModelID: Sequence:11 ElapsedMS:1 Kind:check_begin Late:false Fact:{Stage:request State:running BeginMS:0 EndMS:-1 DurationMS:-1 Check:body Detail:{Reason: Field: Target:-1 Actual:-1 Limit:-1 Start:-1 End:-1 ExpectedType: ActualType:}} Provider:<nil> Outcome: Refunded:false}"
2026/09/22 10:16:35 INFO generation_trace event="{RelatedRunID: ActorKind: RequestID:req_19UdWQbc18Vey92HMCR7HQ RunID: ModelID: Sequence:12 ElapsedMS:1 Kind:stage_begin Late:false Fact:{Stage:preflight State:running BeginMS:1 EndMS:-1 DurationMS:-1 Check: Detail:{Reason: Field: Target:-1 Actual:-1 Limit:-1 Start:-1 End:-1 ExpectedType: ActualType:}} Provider:<nil> Outcome: Refunded:false}"
2026/09/22 10:16:35 INFO generation_trace event="{RelatedRunID: ActorKind: RequestID:req_19UdWQbc18Vey92HMCR7HQ RunID: ModelID: Sequence:13 ElapsedMS:1 Kind:check_begin Late:false Fact:{Stage:preflight State:running BeginMS:1 EndMS:-1 DurationMS:-1 Check:input Detail:{Reason: Field: Target:-1 Actual:-1 Limit:-1 Start:-1 End:-1 ExpectedType: ActualType:}} Provider:<nil> Outcome: Refunded:false}"
2026/09/22 10:16:35 INFO generation_trace event="{RelatedRunID: ActorKind: RequestID:req_19UdWQbc18Vey92HMCR7HQ RunID: ModelID: Sequence:14 ElapsedMS:1 Kind:check_end Late:false Fact:{Stage:preflight State:ok BeginMS:1 EndMS:-1 DurationMS:-1 Check:input Detail:{Reason: Field: Target:-1 Actual:-1 Limit:-1 Start:-1 End:-1 ExpectedType: ActualType:}} Provider:<nil> Outcome: Refunded:false}"
2026/09/22 10:16:35 INFO generation_trace event="{RelatedRunID: ActorKind: RequestID:req_19UdWQbc18Vey92HMCR7HQ RunID: ModelID: Sequence:15 ElapsedMS:1 Kind:check_begin Late:false Fact:{Stage:preflight State:running BeginMS:1 EndMS:-1 DurationMS:-1 Check:transaction_begin Detail:{Reason: Field: Target:-1 Actual:-1 Limit:-1 Start:-1 End:-1 ExpectedType: ActualType:}} Provider:<nil> Outcome: Refunded:false}"
2026/09/22 10:16:35 INFO generation_trace event="{RelatedRunID: ActorKind: RequestID:req_19UdWQbc18Vey92HMCR7HQ RunID: ModelID: Sequence:16 ElapsedMS:1 Kind:check_end Late:false Fact:{Stage:preflight State:ok BeginMS:1 EndMS:-1 DurationMS:-1 Check:transaction_begin Detail:{Reason: Field: Target:-1 Actual:-1 Limit:-1 Start:-1 End:-1 ExpectedType: ActualType:}} Provider:<nil> Outcome: Refunded:false}"
2026/09/22 10:16:35 INFO generation_trace event="{RelatedRunID: ActorKind: RequestID:req_19UdWQbc18Vey92HMCR7HQ RunID: ModelID: Sequence:17 ElapsedMS:1 Kind:check_begin Late:false Fact:{Stage:preflight State:running BeginMS:1 EndMS:-1 DurationMS:-1 Check:credentials Detail:{Reason: Field: Target:-1 Actual:-1 Limit:-1 Start:-1 End:-1 ExpectedType: ActualType:}} Provider:<nil> Outcome: Refunded:false}"
2026/09/22 10:16:35 INFO generation_trace event="{RelatedRunID: ActorKind: RequestID:req_19UdWQbc18Vey92HMCR7HQ RunID: ModelID: Sequence:18 ElapsedMS:1 Kind:check_end Late:false Fact:{Stage:preflight State:ok BeginMS:1 EndMS:-1 DurationMS:-1 Check:credentials Detail:{Reason: Field: Target:-1 Actual:-1 Limit:-1 Start:-1 End:-1 ExpectedType: ActualType:}} Provider:<nil> Outcome: Refunded:false}"
2026/09/22 10:16:35 INFO generation_trace event="{RelatedRunID: ActorKind: RequestID:req_19UdWQbc18Vey92HMCR7HQ RunID: ModelID: Sequence:19 ElapsedMS:1 Kind:check_begin Late:false Fact:{Stage:preflight State:running BeginMS:1 EndMS:-1 DurationMS:-1 Check:actor_lock Detail:{Reason: Field: Target:-1 Actual:-1 Limit:-1 Start:-1 End:-1 ExpectedType: ActualType:}} Provider:<nil> Outcome: Refunded:false}"
2026/09/22 10:16:35 INFO generation_trace event="{RelatedRunID: ActorKind: RequestID:req_19UdWQbc18Vey92HMCR7HQ RunID: ModelID: Sequence:20 ElapsedMS:2 Kind:check_end Late:false Fact:{Stage:preflight State:ok BeginMS:1 EndMS:-1 DurationMS:-1 Check:actor_lock Detail:{Reason: Field: Target:-1 Actual:-1 Limit:-1 Start:-1 End:-1 ExpectedType: ActualType:}} Provider:<nil> Outcome: Refunded:false}"
2026/09/22 10:16:35 INFO generation_trace event="{RelatedRunID: ActorKind: RequestID:req_19UdWQbc18Vey92HMCR7HQ RunID: ModelID: Sequence:21 ElapsedMS:2 Kind:check_begin Late:false Fact:{Stage:preflight State:running BeginMS:1 EndMS:-1 DurationMS:-1 Check:group_policy Detail:{Reason: Field: Target:-1 Actual:-1 Limit:-1 Start:-1 End:-1 ExpectedType: ActualType:}} Provider:<nil> Outcome: Refunded:false}"
2026/09/22 10:16:35 INFO generation_trace event="{RelatedRunID: ActorKind: RequestID:req_19UdWQbc18Vey92HMCR7HQ RunID: ModelID: Sequence:22 ElapsedMS:2 Kind:check_end Late:false Fact:{Stage:preflight State:ok BeginMS:1 EndMS:-1 DurationMS:-1 Check:group_policy Detail:{Reason: Field: Target:-1 Actual:-1 Limit:-1 Start:-1 End:-1 ExpectedType: ActualType:}} Provider:<nil> Outcome: Refunded:false}"
2026/09/22 10:16:35 INFO generation_trace event="{RelatedRunID: ActorKind: RequestID:req_19UdWQbc18Vey92HMCR7HQ RunID: ModelID: Sequence:23 ElapsedMS:2 Kind:check_begin Late:false Fact:{Stage:preflight State:running BeginMS:1 EndMS:-1 DurationMS:-1 Check:model_assignment Detail:{Reason: Field: Target:-1 Actual:-1 Limit:-1 Start:-1 End:-1 ExpectedType: ActualType:}} Provider:<nil> Outcome: Refunded:false}"
2026/09/22 10:16:35 INFO generation_trace event="{RelatedRunID: ActorKind: RequestID:req_19UdWQbc18Vey92HMCR7HQ RunID: ModelID: Sequence:24 ElapsedMS:3 Kind:check_end Late:false Fact:{Stage:preflight State:ok BeginMS:1 EndMS:-1 DurationMS:-1 Check:model_assignment Detail:{Reason: Field: Target:-1 Actual:-1 Limit:-1 Start:-1 End:-1 ExpectedType: ActualType:}} Provider:<nil> Outcome: Refunded:false}"
2026/09/22 10:16:35 INFO generation_trace event="{RelatedRunID: ActorKind: RequestID:req_19UdWQbc18Vey92HMCR7HQ RunID: ModelID: Sequence:25 ElapsedMS:3 Kind:check_begin Late:false Fact:{Stage:preflight State:running BeginMS:1 EndMS:-1 DurationMS:-1 Check:length_assignment Detail:{Reason: Field: Target:-1 Actual:-1 Limit:-1 Start:-1 End:-1 ExpectedType: ActualType:}} Provider:<nil> Outcome: Refunded:false}"
2026/09/22 10:16:35 INFO generation_trace event="{RelatedRunID: ActorKind: RequestID:req_19UdWQbc18Vey92HMCR7HQ RunID: ModelID: Sequence:26 ElapsedMS:3 Kind:check_end Late:false Fact:{Stage:preflight State:ok BeginMS:1 EndMS:-1 DurationMS:-1 Check:length_assignment Detail:{Reason: Field: Target:-1 Actual:-1 Limit:-1 Start:-1 End:-1 ExpectedType: ActualType:}} Provider:<nil> Outcome: Refunded:false}"
2026/09/22 10:16:35 INFO generation_trace event="{RelatedRunID: ActorKind: RequestID:req_19UdWQbc18Vey92HMCR7HQ RunID: ModelID: Sequence:27 ElapsedMS:3 Kind:check_begin Late:false Fact:{Stage:preflight State:running BeginMS:1 EndMS:-1 DurationMS:-1 Check:vocabulary Detail:{Reason: Field: Target:-1 Actual:-1 Limit:-1 Start:-1 End:-1 ExpectedType: ActualType:}} Provider:<nil> Outcome: Refunded:false}"
2026/09/22 10:16:35 INFO generation_trace event="{RelatedRunID: ActorKind: RequestID:req_19UdWQbc18Vey92HMCR7HQ RunID: ModelID: Sequence:28 ElapsedMS:3 Kind:check_end Late:false Fact:{Stage:preflight State:ok BeginMS:1 EndMS:-1 DurationMS:-1 Check:vocabulary Detail:{Reason: Field: Target:-1 Actual:-1 Limit:-1 Start:-1 End:-1 ExpectedType: ActualType:}} Provider:<nil> Outcome: Refunded:false}"
2026/09/22 10:16:35 INFO generation_trace event="{RelatedRunID: ActorKind: RequestID:req_19UdWQbc18Vey92HMCR7HQ RunID: ModelID: Sequence:29 ElapsedMS:3 Kind:check_begin Late:false Fact:{Stage:preflight State:running BeginMS:1 EndMS:-1 DurationMS:-1 Check:quota Detail:{Reason: Field: Target:-1 Actual:-1 Limit:-1 Start:-1 End:-1 ExpectedType: ActualType:}} Provider:<nil> Outcome: Refunded:false}"
2026/09/22 10:16:35 INFO generation_trace event="{RelatedRunID: ActorKind: RequestID:req_19UdWQbc18Vey92HMCR7HQ RunID: ModelID: Sequence:30 ElapsedMS:3 Kind:check_end Late:false Fact:{Stage:preflight State:ok BeginMS:1 EndMS:-1 DurationMS:-1 Check:quota Detail:{Reason: Field: Target:-1 Actual:-1 Limit:-1 Start:-1 End:-1 ExpectedType: ActualType:}} Provider:<nil> Outcome: Refunded:false}"
2026/09/22 10:16:35 INFO generation_trace event="{RelatedRunID: ActorKind: RequestID:req_19UdWQbc18Vey92HMCR7HQ RunID: ModelID: Sequence:31 ElapsedMS:3 Kind:check_begin Late:false Fact:{Stage:preflight State:running BeginMS:1 EndMS:-1 DurationMS:-1 Check:reserve Detail:{Reason: Field: Target:-1 Actual:-1 Limit:-1 Start:-1 End:-1 ExpectedType: ActualType:}} Provider:<nil> Outcome: Refunded:false}"
2026/09/22 10:16:35 INFO generation_trace event="{RelatedRunID: ActorKind: RequestID:req_19UdWQbc18Vey92HMCR7HQ RunID: ModelID: Sequence:32 ElapsedMS:5 Kind:check_end Late:false Fact:{Stage:preflight State:ok BeginMS:1 EndMS:-1 DurationMS:-1 Check:reserve Detail:{Reason: Field: Target:-1 Actual:-1 Limit:-1 Start:-1 End:-1 ExpectedType: ActualType:}} Provider:<nil> Outcome: Refunded:false}"
2026/09/22 10:16:35 INFO generation_trace event="{RelatedRunID: ActorKind: RequestID:req_19UdWQbc18Vey92HMCR7HQ RunID: ModelID: Sequence:33 ElapsedMS:5 Kind:check_begin Late:false Fact:{Stage:preflight State:running BeginMS:1 EndMS:-1 DurationMS:-1 Check:entries Detail:{Reason: Field: Target:-1 Actual:-1 Limit:-1 Start:-1 End:-1 ExpectedType: ActualType:}} Provider:<nil> Outcome: Refunded:false}"
2026/09/22 10:16:35 INFO generation_trace event="{RelatedRunID: ActorKind: RequestID:req_19UdWQbc18Vey92HMCR7HQ RunID: ModelID: Sequence:34 ElapsedMS:6 Kind:check_end Late:false Fact:{Stage:preflight State:ok BeginMS:1 EndMS:-1 DurationMS:-1 Check:entries Detail:{Reason: Field: Target:-1 Actual:-1 Limit:-1 Start:-1 End:-1 ExpectedType: ActualType:}} Provider:<nil> Outcome: Refunded:false}"
2026/09/22 10:16:35 INFO generation_trace event="{RelatedRunID: ActorKind: RequestID:req_19UdWQbc18Vey92HMCR7HQ RunID: ModelID: Sequence:35 ElapsedMS:6 Kind:check_begin Late:false Fact:{Stage:preflight State:running BeginMS:1 EndMS:-1 DurationMS:-1 Check:token Detail:{Reason: Field: Target:-1 Actual:-1 Limit:-1 Start:-1 End:-1 ExpectedType: ActualType:}} Provider:<nil> Outcome: Refunded:false}"
2026/09/22 10:16:35 INFO generation_trace event="{RelatedRunID: ActorKind: RequestID:req_19UdWQbc18Vey92HMCR7HQ RunID: ModelID: Sequence:36 ElapsedMS:6 Kind:check_end Late:false Fact:{Stage:preflight State:ok BeginMS:1 EndMS:-1 DurationMS:-1 Check:token Detail:{Reason: Field: Target:-1 Actual:-1 Limit:-1 Start:-1 End:-1 ExpectedType: ActualType:}} Provider:<nil> Outcome: Refunded:false}"
2026/09/22 10:16:35 INFO generation_trace event="{RelatedRunID: ActorKind: RequestID:req_19UdWQbc18Vey92HMCR7HQ RunID: ModelID: Sequence:37 ElapsedMS:6 Kind:check_begin Late:false Fact:{Stage:preflight State:running BeginMS:1 EndMS:-1 DurationMS:-1 Check:transaction_commit Detail:{Reason: Field: Target:-1 Actual:-1 Limit:-1 Start:-1 End:-1 ExpectedType: ActualType:}} Provider:<nil> Outcome: Refunded:false}"
2026/09/22 10:16:35 INFO generation_trace event="{RelatedRunID: ActorKind: RequestID:req_19UdWQbc18Vey92HMCR7HQ RunID:01a0c6e6-9637-7884-a774-cc0587336f15 ModelID:01a0c6e6-8ff6-71ad-96ce-894a47539c5b Sequence:38 ElapsedMS:6 Kind:run_bound Late:false Fact:{Stage: State: BeginMS:0 EndMS:0 DurationMS:0 Check: Detail:{Reason: Field: Target:0 Actual:0 Limit:0 Start:0 End:0 ExpectedType: ActualType:}} Provider:<nil> Outcome: Refunded:false}"
2026/09/22 10:16:35 INFO generation_trace event="{RelatedRunID: ActorKind: RequestID:req_19UdWQbc18Vey92HMCR7HQ RunID:01a0c6e6-9637-7884-a774-cc0587336f15 ModelID:01a0c6e6-8ff6-71ad-96ce-894a47539c5b Sequence:39 ElapsedMS:6 Kind:check_end Late:false Fact:{Stage:preflight State:ok BeginMS:1 EndMS:6 DurationMS:5 Check:transaction_commit Detail:{Reason: Field: Target:-1 Actual:-1 Limit:-1 Start:-1 End:-1 ExpectedType: ActualType:}} Provider:<nil> Outcome: Refunded:false}"
2026/09/22 10:16:35 INFO generation_trace event="{RelatedRunID: ActorKind: RequestID:req_19UdWQbc18Vey92HMCR7HQ RunID:01a0c6e6-9637-7884-a774-cc0587336f15 ModelID:01a0c6e6-8ff6-71ad-96ce-894a47539c5b Sequence:40 ElapsedMS:6 Kind:stage_end Late:false Fact:{Stage:preflight State:ok BeginMS:1 EndMS:6 DurationMS:5 Check:transaction_commit Detail:{Reason: Field: Target:-1 Actual:-1 Limit:-1 Start:-1 End:-1 ExpectedType: ActualType:}} Provider:<nil> Outcome: Refunded:false}"
2026/09/22 10:16:35 INFO generation_trace event="{RelatedRunID: ActorKind: RequestID:req_19UdWQbc18Vey92HMCR7HQ RunID:01a0c6e6-9637-7884-a774-cc0587336f15 ModelID:01a0c6e6-8ff6-71ad-96ce-894a47539c5b Sequence:41 ElapsedMS:6 Kind:stage_begin Late:false Fact:{Stage:provider_open State:running BeginMS:6 EndMS:-1 DurationMS:-1 Check: Detail:{Reason: Field: Target:-1 Actual:-1 Limit:-1 Start:-1 End:-1 ExpectedType: ActualType:}} Provider:<nil> Outcome: Refunded:false}"
2026/09/22 10:16:35 INFO generation_trace event="{RelatedRunID: ActorKind: RequestID:req_19UdWQbc18Vey92HMCR7HQ RunID:01a0c6e6-9637-7884-a774-cc0587336f15 ModelID:01a0c6e6-8ff6-71ad-96ce-894a47539c5b Sequence:42 ElapsedMS:7 Kind:check_begin Late:false Fact:{Stage:provider_open State:running BeginMS:6 EndMS:-1 DurationMS:-1 Check:credentials Detail:{Reason: Field: Target:-1 Actual:-1 Limit:-1 Start:-1 End:-1 ExpectedType: ActualType:}} Provider:<nil> Outcome: Refunded:false}"
2026/09/22 10:16:35 INFO generation_trace event="{RelatedRunID: ActorKind: RequestID:req_19UdWQbc18Vey92HMCR7HQ RunID:01a0c6e6-9637-7884-a774-cc0587336f15 ModelID:01a0c6e6-8ff6-71ad-96ce-894a47539c5b Sequence:43 ElapsedMS:7 Kind:check_end Late:false Fact:{Stage:provider_open State:ok BeginMS:6 EndMS:-1 DurationMS:-1 Check:credentials Detail:{Reason: Field: Target:-1 Actual:-1 Limit:-1 Start:-1 End:-1 ExpectedType: ActualType:}} Provider:<nil> Outcome: Refunded:false}"
2026/09/22 10:16:35 INFO generation_trace event="{RelatedRunID: ActorKind: RequestID:req_19UdWQbc18Vey92HMCR7HQ RunID:01a0c6e6-9637-7884-a774-cc0587336f15 ModelID:01a0c6e6-8ff6-71ad-96ce-894a47539c5b Sequence:44 ElapsedMS:7 Kind:check_begin Late:false Fact:{Stage:provider_open State:running BeginMS:6 EndMS:-1 DurationMS:-1 Check:request_encode Detail:{Reason: Field: Target:-1 Actual:-1 Limit:-1 Start:-1 End:-1 ExpectedType: ActualType:}} Provider:<nil> Outcome: Refunded:false}"
2026/09/22 10:16:35 INFO generation_trace event="{RelatedRunID: ActorKind: RequestID:req_19UdWQbc18Vey92HMCR7HQ RunID:01a0c6e6-9637-7884-a774-cc0587336f15 ModelID:01a0c6e6-8ff6-71ad-96ce-894a47539c5b Sequence:45 ElapsedMS:7 Kind:check_end Late:false Fact:{Stage:provider_open State:ok BeginMS:6 EndMS:-1 DurationMS:-1 Check:request_encode Detail:{Reason: Field: Target:-1 Actual:-1 Limit:-1 Start:-1 End:-1 ExpectedType: ActualType:}} Provider:<nil> Outcome: Refunded:false}"
2026/09/22 10:16:35 INFO generation_trace event="{RelatedRunID: ActorKind: RequestID:req_19UdWQbc18Vey92HMCR7HQ RunID:01a0c6e6-9637-7884-a774-cc0587336f15 ModelID:01a0c6e6-8ff6-71ad-96ce-894a47539c5b Sequence:46 ElapsedMS:8 Kind:check_begin Late:false Fact:{Stage:provider_open State:running BeginMS:6 EndMS:-1 DurationMS:-1 Check:request_create Detail:{Reason: Field: Target:-1 Actual:-1 Limit:-1 Start:-1 End:-1 ExpectedType: ActualType:}} Provider:<nil> Outcome: Refunded:false}"
2026/09/22 10:16:35 INFO generation_trace event="{RelatedRunID: ActorKind: RequestID:req_19UdWQbc18Vey92HMCR7HQ RunID:01a0c6e6-9637-7884-a774-cc0587336f15 ModelID:01a0c6e6-8ff6-71ad-96ce-894a47539c5b Sequence:47 ElapsedMS:8 Kind:check_end Late:false Fact:{Stage:provider_open State:ok BeginMS:6 EndMS:-1 DurationMS:-1 Check:request_create Detail:{Reason: Field: Target:-1 Actual:-1 Limit:-1 Start:-1 End:-1 ExpectedType: ActualType:}} Provider:<nil> Outcome: Refunded:false}"
2026/09/22 10:16:35 INFO generation_trace event="{RelatedRunID: ActorKind: RequestID:req_19UdWQbc18Vey92HMCR7HQ RunID:01a0c6e6-9637-7884-a774-cc0587336f15 ModelID:01a0c6e6-8ff6-71ad-96ce-894a47539c5b Sequence:48 ElapsedMS:8 Kind:check_begin Late:false Fact:{Stage:provider_open State:running BeginMS:6 EndMS:-1 DurationMS:-1 Check:request_send Detail:{Reason: Field: Target:-1 Actual:-1 Limit:-1 Start:-1 End:-1 ExpectedType: ActualType:}} Provider:<nil> Outcome: Refunded:false}"
2026/09/22 10:16:35 INFO generation_trace event="{RelatedRunID: ActorKind: RequestID:req_19UdWQbc18Vey92HMCR7HQ RunID:01a0c6e6-9637-7884-a774-cc0587336f15 ModelID:01a0c6e6-8ff6-71ad-96ce-894a47539c5b Sequence:49 ElapsedMS:9 Kind:check_end Late:false Fact:{Stage:provider_open State:ok BeginMS:6 EndMS:-1 DurationMS:-1 Check:request_send Detail:{Reason: Field: Target:-1 Actual:-1 Limit:-1 Start:-1 End:-1 ExpectedType: ActualType:}} Provider:<nil> Outcome: Refunded:false}"
2026/09/22 10:16:35 INFO generation_trace event="{RelatedRunID: ActorKind: RequestID:req_19UdWQbc18Vey92HMCR7HQ RunID:01a0c6e6-9637-7884-a774-cc0587336f15 ModelID:01a0c6e6-8ff6-71ad-96ce-894a47539c5b Sequence:50 ElapsedMS:9 Kind:check_begin Late:false Fact:{Stage:provider_open State:running BeginMS:6 EndMS:-1 DurationMS:-1 Check:response_headers Detail:{Reason: Field: Target:-1 Actual:-1 Limit:-1 Start:-1 End:-1 ExpectedType: ActualType:}} Provider:<nil> Outcome: Refunded:false}"
2026/09/22 10:16:35 INFO generation_trace event="{RelatedRunID: ActorKind: RequestID:req_19UdWQbc18Vey92HMCR7HQ RunID:01a0c6e6-9637-7884-a774-cc0587336f15 ModelID:01a0c6e6-8ff6-71ad-96ce-894a47539c5b Sequence:51 ElapsedMS:9 Kind:provider Late:false Fact:{Stage:provider_open State:running BeginMS:6 EndMS:-1 DurationMS:-1 Check:response_headers Detail:{Reason: Field: Target:-1 Actual:-1 Limit:-1 Start:-1 End:-1 ExpectedType: ActualType:}} Provider:0xc000ba6000 Outcome: Refunded:false}"
2026/09/22 10:16:35 INFO generation_trace event="{RelatedRunID: ActorKind: RequestID:req_19UdWQbc18Vey92HMCR7HQ RunID:01a0c6e6-9637-7884-a774-cc0587336f15 ModelID:01a0c6e6-8ff6-71ad-96ce-894a47539c5b Sequence:52 ElapsedMS:9 Kind:check_end Late:false Fact:{Stage:provider_open State:ok BeginMS:6 EndMS:9 DurationMS:3 Check:response_headers Detail:{Reason: Field: Target:-1 Actual:-1 Limit:-1 Start:-1 End:-1 ExpectedType: ActualType:}} Provider:<nil> Outcome: Refunded:false}"
2026/09/22 10:16:35 INFO generation_trace event="{RelatedRunID: ActorKind: RequestID:req_19UdWQbc18Vey92HMCR7HQ RunID:01a0c6e6-9637-7884-a774-cc0587336f15 ModelID:01a0c6e6-8ff6-71ad-96ce-894a47539c5b Sequence:53 ElapsedMS:9 Kind:stage_end Late:false Fact:{Stage:provider_open State:ok BeginMS:6 EndMS:9 DurationMS:3 Check:response_headers Detail:{Reason: Field: Target:-1 Actual:-1 Limit:-1 Start:-1 End:-1 ExpectedType: ActualType:}} Provider:<nil> Outcome: Refunded:false}"
2026/09/22 10:16:35 INFO generation_trace event="{RelatedRunID: ActorKind: RequestID:req_19UdWQbc18Vey92HMCR7HQ RunID:01a0c6e6-9637-7884-a774-cc0587336f15 ModelID:01a0c6e6-8ff6-71ad-96ce-894a47539c5b Sequence:54 ElapsedMS:9 Kind:stage_begin Late:false Fact:{Stage:delivery State:running BeginMS:9 EndMS:-1 DurationMS:-1 Check: Detail:{Reason: Field: Target:-1 Actual:-1 Limit:-1 Start:-1 End:-1 ExpectedType: ActualType:}} Provider:<nil> Outcome: Refunded:false}"
2026/09/22 10:16:35 INFO generation_trace event="{RelatedRunID: ActorKind: RequestID:req_19UdWQbc18Vey92HMCR7HQ RunID:01a0c6e6-9637-7884-a774-cc0587336f15 ModelID:01a0c6e6-8ff6-71ad-96ce-894a47539c5b Sequence:55 ElapsedMS:10 Kind:fact Late:false Fact:{Stage:delivery State:running BeginMS:9 EndMS:-1 DurationMS:-1 Check:started Detail:{Reason: Field: Target:-1 Actual:192 Limit:-1 Start:-1 End:-1 ExpectedType: ActualType:}} Provider:<nil> Outcome: Refunded:false}"
2026/09/22 10:16:35 INFO generation_trace event="{RelatedRunID: ActorKind: RequestID:req_19UdWQbc18Vey92HMCR7HQ RunID:01a0c6e6-9637-7884-a774-cc0587336f15 ModelID:01a0c6e6-8ff6-71ad-96ce-894a47539c5b Sequence:56 ElapsedMS:10 Kind:stage_begin Late:false Fact:{Stage:provider_stream State:running BeginMS:10 EndMS:-1 DurationMS:-1 Check: Detail:{Reason: Field: Target:-1 Actual:-1 Limit:-1 Start:-1 End:-1 ExpectedType: ActualType:}} Provider:<nil> Outcome: Refunded:false}"
2026/09/22 10:16:35 INFO generation_trace event="{RelatedRunID: ActorKind: RequestID:req_19UdWQbc18Vey92HMCR7HQ RunID:01a0c6e6-9637-7884-a774-cc0587336f15 ModelID:01a0c6e6-8ff6-71ad-96ce-894a47539c5b Sequence:57 ElapsedMS:10 Kind:fact Late:false Fact:{Stage:provider_stream State:running BeginMS:10 EndMS:-1 DurationMS:-1 Check:frame Detail:{Reason: Field: Target:-1 Actual:1 Limit:-1 Start:-1 End:690 ExpectedType: ActualType:}} Provider:<nil> Outcome: Refunded:false}"
2026/09/22 10:16:35 INFO generation_trace event="{RelatedRunID: ActorKind: RequestID:req_19UdWQbc18Vey92HMCR7HQ RunID:01a0c6e6-9637-7884-a774-cc0587336f15 ModelID:01a0c6e6-8ff6-71ad-96ce-894a47539c5b Sequence:58 ElapsedMS:10 Kind:provider Late:false Fact:{Stage:provider_stream State:running BeginMS:10 EndMS:-1 DurationMS:-1 Check: Detail:{Reason: Field: Target:-1 Actual:-1 Limit:-1 Start:-1 End:-1 ExpectedType: ActualType:}} Provider:0xc00403f360 Outcome: Refunded:false}"
2026/09/22 10:16:35 INFO generation_trace event="{RelatedRunID: ActorKind: RequestID:req_19UdWQbc18Vey92HMCR7HQ RunID:01a0c6e6-9637-7884-a774-cc0587336f15 ModelID:01a0c6e6-8ff6-71ad-96ce-894a47539c5b Sequence:59 ElapsedMS:10 Kind:first_provider_content Late:false Fact:{Stage:provider_stream State:running BeginMS:10 EndMS:-1 DurationMS:-1 Check:content Detail:{Reason: Field: Target:-1 Actual:632 Limit:16777216 Start:0 End:632 ExpectedType: ActualType:}} Provider:<nil> Outcome: Refunded:false}"
2026/09/22 10:16:35 INFO generation_trace event="{RelatedRunID: ActorKind: RequestID:req_19UdWQbc18Vey92HMCR7HQ RunID:01a0c6e6-9637-7884-a774-cc0587336f15 ModelID:01a0c6e6-8ff6-71ad-96ce-894a47539c5b Sequence:60 ElapsedMS:10 Kind:fact Late:false Fact:{Stage:provider_stream State:running BeginMS:10 EndMS:-1 DurationMS:-1 Check:content Detail:{Reason: Field: Target:-1 Actual:632 Limit:16777216 Start:0 End:632 ExpectedType: ActualType:}} Provider:<nil> Outcome: Refunded:false}"
2026/09/22 10:16:35 INFO generation_trace event="{RelatedRunID: ActorKind: RequestID:req_19UdWQbc18Vey92HMCR7HQ RunID:01a0c6e6-9637-7884-a774-cc0587336f15 ModelID:01a0c6e6-8ff6-71ad-96ce-894a47539c5b Sequence:61 ElapsedMS:10 Kind:stage_begin Late:false Fact:{Stage:passage_decode State:running BeginMS:10 EndMS:-1 DurationMS:-1 Check: Detail:{Reason: Field: Target:-1 Actual:-1 Limit:-1 Start:-1 End:-1 ExpectedType: ActualType:}} Provider:<nil> Outcome: Refunded:false}"
2026/09/22 10:16:35 INFO generation_trace event="{RelatedRunID: ActorKind: RequestID:req_19UdWQbc18Vey92HMCR7HQ RunID:01a0c6e6-9637-7884-a774-cc0587336f15 ModelID:01a0c6e6-8ff6-71ad-96ce-894a47539c5b Sequence:62 ElapsedMS:10 Kind:stage_end Late:false Fact:{Stage:provider_stream State:ok BeginMS:10 EndMS:10 DurationMS:0 Check: Detail:{Reason: Field: Target:-1 Actual:-1 Limit:-1 Start:-1 End:-1 ExpectedType: ActualType:}} Provider:<nil> Outcome: Refunded:false}"
2026/09/22 10:16:35 INFO generation_trace event="{RelatedRunID: ActorKind: RequestID:req_19UdWQbc18Vey92HMCR7HQ RunID:01a0c6e6-9637-7884-a774-cc0587336f15 ModelID:01a0c6e6-8ff6-71ad-96ce-894a47539c5b Sequence:63 ElapsedMS:10 Kind:stage_begin Late:false Fact:{Stage:candidate_decode State:running BeginMS:10 EndMS:-1 DurationMS:-1 Check: Detail:{Reason: Field: Target:-1 Actual:-1 Limit:-1 Start:-1 End:-1 ExpectedType: ActualType:}} Provider:<nil> Outcome: Refunded:false}"
2026/09/22 10:16:35 INFO generation_trace event="{RelatedRunID: ActorKind: RequestID:req_19UdWQbc18Vey92HMCR7HQ RunID:01a0c6e6-9637-7884-a774-cc0587336f15 ModelID:01a0c6e6-8ff6-71ad-96ce-894a47539c5b Sequence:64 ElapsedMS:11 Kind:check_begin Late:false Fact:{Stage:candidate_decode State:running BeginMS:10 EndMS:-1 DurationMS:-1 Check:json_schema Detail:{Reason: Field: Target:-1 Actual:-1 Limit:-1 Start:-1 End:-1 ExpectedType: ActualType:}} Provider:<nil> Outcome: Refunded:false}"
2026/09/22 10:16:35 INFO generation_trace event="{RelatedRunID: ActorKind: RequestID:req_19UdWQbc18Vey92HMCR7HQ RunID:01a0c6e6-9637-7884-a774-cc0587336f15 ModelID:01a0c6e6-8ff6-71ad-96ce-894a47539c5b Sequence:65 ElapsedMS:11 Kind:check_end Late:false Fact:{Stage:candidate_decode State:ok BeginMS:10 EndMS:-1 DurationMS:-1 Check:json_schema Detail:{Reason: Field: Target:-1 Actual:-1 Limit:-1 Start:-1 End:-1 ExpectedType: ActualType:}} Provider:<nil> Outcome: Refunded:false}"
2026/09/22 10:16:35 INFO generation_trace event="{RelatedRunID: ActorKind: RequestID:req_19UdWQbc18Vey92HMCR7HQ RunID:01a0c6e6-9637-7884-a774-cc0587336f15 ModelID:01a0c6e6-8ff6-71ad-96ce-894a47539c5b Sequence:66 ElapsedMS:11 Kind:check_begin Late:false Fact:{Stage:candidate_decode State:running BeginMS:10 EndMS:-1 DurationMS:-1 Check:candidate_bytes Detail:{Reason: Field: Target:-1 Actual:-1 Limit:-1 Start:-1 End:-1 ExpectedType: ActualType:}} Provider:<nil> Outcome: Refunded:false}"
2026/09/22 10:16:35 INFO generation_trace event="{RelatedRunID: ActorKind: RequestID:req_19UdWQbc18Vey92HMCR7HQ RunID:01a0c6e6-9637-7884-a774-cc0587336f15 ModelID:01a0c6e6-8ff6-71ad-96ce-894a47539c5b Sequence:67 ElapsedMS:11 Kind:fact Late:false Fact:{Stage:candidate_decode State:running BeginMS:10 EndMS:-1 DurationMS:-1 Check:candidate_bytes Detail:{Reason: Field: Target:-1 Actual:632 Limit:16777216 Start:-1 End:-1 ExpectedType: ActualType:}} Provider:<nil> Outcome: Refunded:false}"
2026/09/22 10:16:35 INFO generation_trace event="{RelatedRunID: ActorKind: RequestID:req_19UdWQbc18Vey92HMCR7HQ RunID:01a0c6e6-9637-7884-a774-cc0587336f15 ModelID:01a0c6e6-8ff6-71ad-96ce-894a47539c5b Sequence:68 ElapsedMS:11 Kind:check_end Late:false Fact:{Stage:candidate_decode State:ok BeginMS:10 EndMS:-1 DurationMS:-1 Check:candidate_bytes Detail:{Reason: Field: Target:-1 Actual:-1 Limit:-1 Start:-1 End:-1 ExpectedType: ActualType:}} Provider:<nil> Outcome: Refunded:false}"
2026/09/22 10:16:35 INFO generation_trace event="{RelatedRunID: ActorKind: RequestID:req_19UdWQbc18Vey92HMCR7HQ RunID:01a0c6e6-9637-7884-a774-cc0587336f15 ModelID:01a0c6e6-8ff6-71ad-96ce-894a47539c5b Sequence:69 ElapsedMS:11 Kind:check_begin Late:false Fact:{Stage:candidate_decode State:running BeginMS:10 EndMS:-1 DurationMS:-1 Check:candidate_encoding Detail:{Reason: Field: Target:-1 Actual:-1 Limit:-1 Start:-1 End:-1 ExpectedType: ActualType:}} Provider:<nil> Outcome: Refunded:false}"
2026/09/22 10:16:35 INFO generation_trace event="{RelatedRunID: ActorKind: RequestID:req_19UdWQbc18Vey92HMCR7HQ RunID:01a0c6e6-9637-7884-a774-cc0587336f15 ModelID:01a0c6e6-8ff6-71ad-96ce-894a47539c5b Sequence:70 ElapsedMS:11 Kind:check_end Late:false Fact:{Stage:candidate_decode State:ok BeginMS:10 EndMS:-1 DurationMS:-1 Check:candidate_encoding Detail:{Reason: Field: Target:-1 Actual:-1 Limit:-1 Start:-1 End:-1 ExpectedType: ActualType:}} Provider:<nil> Outcome: Refunded:false}"
2026/09/22 10:16:35 INFO generation_trace event="{RelatedRunID: ActorKind: RequestID:req_19UdWQbc18Vey92HMCR7HQ RunID:01a0c6e6-9637-7884-a774-cc0587336f15 ModelID:01a0c6e6-8ff6-71ad-96ce-894a47539c5b Sequence:71 ElapsedMS:11 Kind:check_begin Late:false Fact:{Stage:candidate_decode State:running BeginMS:10 EndMS:-1 DurationMS:-1 Check:candidate_nonempty Detail:{Reason: Field: Target:-1 Actual:-1 Limit:-1 Start:-1 End:-1 ExpectedType: ActualType:}} Provider:<nil> Outcome: Refunded:false}"
2026/09/22 10:16:35 INFO generation_trace event="{RelatedRunID: ActorKind: RequestID:req_19UdWQbc18Vey92HMCR7HQ RunID:01a0c6e6-9637-7884-a774-cc0587336f15 ModelID:01a0c6e6-8ff6-71ad-96ce-894a47539c5b Sequence:72 ElapsedMS:11 Kind:check_end Late:false Fact:{Stage:candidate_decode State:ok BeginMS:10 EndMS:-1 DurationMS:-1 Check:candidate_nonempty Detail:{Reason: Field: Target:-1 Actual:-1 Limit:-1 Start:-1 End:-1 ExpectedType: ActualType:}} Provider:<nil> Outcome: Refunded:false}"
2026/09/22 10:16:35 INFO generation_trace event="{RelatedRunID: ActorKind: RequestID:req_19UdWQbc18Vey92HMCR7HQ RunID:01a0c6e6-9637-7884-a774-cc0587336f15 ModelID:01a0c6e6-8ff6-71ad-96ce-894a47539c5b Sequence:73 ElapsedMS:11 Kind:check_begin Late:false Fact:{Stage:candidate_decode State:running BeginMS:10 EndMS:-1 DurationMS:-1 Check:passage_first Detail:{Reason: Field: Target:-1 Actual:-1 Limit:-1 Start:-1 End:-1 ExpectedType: ActualType:}} Provider:<nil> Outcome: Refunded:false}"
2026/09/22 10:16:35 INFO generation_trace event="{RelatedRunID: ActorKind: RequestID:req_19UdWQbc18Vey92HMCR7HQ RunID:01a0c6e6-9637-7884-a774-cc0587336f15 ModelID:01a0c6e6-8ff6-71ad-96ce-894a47539c5b Sequence:74 ElapsedMS:11 Kind:check_end Late:false Fact:{Stage:candidate_decode State:ok BeginMS:10 EndMS:-1 DurationMS:-1 Check:passage_first Detail:{Reason: Field: Target:-1 Actual:-1 Limit:-1 Start:-1 End:-1 ExpectedType: ActualType:}} Provider:<nil> Outcome: Refunded:false}"
2026/09/22 10:16:35 INFO generation_trace event="{RelatedRunID: ActorKind: RequestID:req_19UdWQbc18Vey92HMCR7HQ RunID:01a0c6e6-9637-7884-a774-cc0587336f15 ModelID:01a0c6e6-8ff6-71ad-96ce-894a47539c5b Sequence:75 ElapsedMS:11 Kind:check_begin Late:false Fact:{Stage:candidate_decode State:running BeginMS:10 EndMS:-1 DurationMS:-1 Check:json_tokens Detail:{Reason: Field: Target:-1 Actual:-1 Limit:-1 Start:-1 End:-1 ExpectedType: ActualType:}} Provider:<nil> Outcome: Refunded:false}"
2026/09/22 10:16:35 INFO generation_trace event="{RelatedRunID: ActorKind: RequestID:req_19UdWQbc18Vey92HMCR7HQ RunID:01a0c6e6-9637-7884-a774-cc0587336f15 ModelID:01a0c6e6-8ff6-71ad-96ce-894a47539c5b Sequence:76 ElapsedMS:11 Kind:first_browser_content Late:false Fact:{Stage:delivery State:running BeginMS:9 EndMS:-1 DurationMS:-1 Check:delta Detail:{Reason: Field: Target:-1 Actual:465 Limit:-1 Start:-1 End:-1 ExpectedType: ActualType:}} Provider:<nil> Outcome: Refunded:false}"
2026/09/22 10:16:35 INFO generation_trace event="{RelatedRunID: ActorKind: RequestID:req_19UdWQbc18Vey92HMCR7HQ RunID:01a0c6e6-9637-7884-a774-cc0587336f15 ModelID:01a0c6e6-8ff6-71ad-96ce-894a47539c5b Sequence:77 ElapsedMS:11 Kind:fact Late:false Fact:{Stage:delivery State:running BeginMS:9 EndMS:-1 DurationMS:-1 Check:delta Detail:{Reason: Field: Target:-1 Actual:465 Limit:-1 Start:-1 End:-1 ExpectedType: ActualType:}} Provider:<nil> Outcome: Refunded:false}"
2026/09/22 10:16:35 INFO generation_trace event="{RelatedRunID: ActorKind: RequestID:req_19UdWQbc18Vey92HMCR7HQ RunID:01a0c6e6-9637-7884-a774-cc0587336f15 ModelID:01a0c6e6-8ff6-71ad-96ce-894a47539c5b Sequence:78 ElapsedMS:12 Kind:check_end Late:false Fact:{Stage:candidate_decode State:ok BeginMS:10 EndMS:-1 DurationMS:-1 Check:json_tokens Detail:{Reason: Field: Target:-1 Actual:-1 Limit:-1 Start:-1 End:-1 ExpectedType: ActualType:}} Provider:<nil> Outcome: Refunded:false}"
2026/09/22 10:16:35 INFO generation_trace event="{RelatedRunID: ActorKind: RequestID:req_19UdWQbc18Vey92HMCR7HQ RunID:01a0c6e6-9637-7884-a774-cc0587336f15 ModelID:01a0c6e6-8ff6-71ad-96ce-894a47539c5b Sequence:79 ElapsedMS:12 Kind:check_begin Late:false Fact:{Stage:candidate_decode State:running BeginMS:10 EndMS:-1 DurationMS:-1 Check:candidate_keys Detail:{Reason: Field: Target:-1 Actual:-1 Limit:-1 Start:-1 End:-1 ExpectedType: ActualType:}} Provider:<nil> Outcome: Refunded:false}"
2026/09/22 10:16:35 INFO generation_trace event="{RelatedRunID: ActorKind: RequestID:req_19UdWQbc18Vey92HMCR7HQ RunID:01a0c6e6-9637-7884-a774-cc0587336f15 ModelID:01a0c6e6-8ff6-71ad-96ce-894a47539c5b Sequence:80 ElapsedMS:12 Kind:check_end Late:false Fact:{Stage:candidate_decode State:ok BeginMS:10 EndMS:-1 DurationMS:-1 Check:candidate_keys Detail:{Reason: Field: Target:-1 Actual:-1 Limit:-1 Start:-1 End:-1 ExpectedType: ActualType:}} Provider:<nil> Outcome: Refunded:false}"
2026/09/22 10:16:35 INFO generation_trace event="{RelatedRunID: ActorKind: RequestID:req_19UdWQbc18Vey92HMCR7HQ RunID:01a0c6e6-9637-7884-a774-cc0587336f15 ModelID:01a0c6e6-8ff6-71ad-96ce-894a47539c5b Sequence:81 ElapsedMS:12 Kind:check_begin Late:false Fact:{Stage:candidate_decode State:running BeginMS:10 EndMS:-1 DurationMS:-1 Check:targets_type Detail:{Reason: Field: Target:-1 Actual:-1 Limit:-1 Start:-1 End:-1 ExpectedType: ActualType:}} Provider:<nil> Outcome: Refunded:false}"
2026/09/22 10:16:35 INFO generation_trace event="{RelatedRunID: ActorKind: RequestID:req_19UdWQbc18Vey92HMCR7HQ RunID:01a0c6e6-9637-7884-a774-cc0587336f15 ModelID:01a0c6e6-8ff6-71ad-96ce-894a47539c5b Sequence:82 ElapsedMS:12 Kind:check_end Late:false Fact:{Stage:candidate_decode State:ok BeginMS:10 EndMS:-1 DurationMS:-1 Check:targets_type Detail:{Reason: Field: Target:-1 Actual:-1 Limit:-1 Start:-1 End:-1 ExpectedType: ActualType:}} Provider:<nil> Outcome: Refunded:false}"
2026/09/22 10:16:35 INFO generation_trace event="{RelatedRunID: ActorKind: RequestID:req_19UdWQbc18Vey92HMCR7HQ RunID:01a0c6e6-9637-7884-a774-cc0587336f15 ModelID:01a0c6e6-8ff6-71ad-96ce-894a47539c5b Sequence:83 ElapsedMS:12 Kind:check_begin Late:false Fact:{Stage:candidate_decode State:running BeginMS:10 EndMS:-1 DurationMS:-1 Check:target_keys Detail:{Reason: Field: Target:0 Actual:-1 Limit:-1 Start:-1 End:-1 ExpectedType: ActualType:}} Provider:<nil> Outcome: Refunded:false}"
2026/09/22 10:16:35 INFO generation_trace event="{RelatedRunID: ActorKind: RequestID:req_19UdWQbc18Vey92HMCR7HQ RunID:01a0c6e6-9637-7884-a774-cc0587336f15 ModelID:01a0c6e6-8ff6-71ad-96ce-894a47539c5b Sequence:84 ElapsedMS:12 Kind:fact Late:false Fact:{Stage:candidate_decode State:running BeginMS:10 EndMS:-1 DurationMS:-1 Check:target_keys Detail:{Reason: Field:targets Target:0 Actual:2 Limit:2 Start:-1 End:-1 ExpectedType: ActualType:}} Provider:<nil> Outcome: Refunded:false}"
2026/09/22 10:16:35 INFO generation_trace event="{RelatedRunID: ActorKind: RequestID:req_19UdWQbc18Vey92HMCR7HQ RunID:01a0c6e6-9637-7884-a774-cc0587336f15 ModelID:01a0c6e6-8ff6-71ad-96ce-894a47539c5b Sequence:85 ElapsedMS:12 Kind:check_end Late:false Fact:{Stage:candidate_decode State:ok BeginMS:10 EndMS:-1 DurationMS:-1 Check:target_keys Detail:{Reason: Field: Target:0 Actual:-1 Limit:-1 Start:-1 End:-1 ExpectedType: ActualType:}} Provider:<nil> Outcome: Refunded:false}"
2026/09/22 10:16:35 INFO generation_trace event="{RelatedRunID: ActorKind: RequestID:req_19UdWQbc18Vey92HMCR7HQ RunID:01a0c6e6-9637-7884-a774-cc0587336f15 ModelID:01a0c6e6-8ff6-71ad-96ce-894a47539c5b Sequence:86 ElapsedMS:12 Kind:check_begin Late:false Fact:{Stage:candidate_decode State:running BeginMS:10 EndMS:-1 DurationMS:-1 Check:json_decode Detail:{Reason: Field: Target:0 Actual:-1 Limit:-1 Start:-1 End:-1 ExpectedType: ActualType:}} Provider:<nil> Outcome: Refunded:false}"
2026/09/22 10:16:35 INFO generation_trace event="{RelatedRunID: ActorKind: RequestID:req_19UdWQbc18Vey92HMCR7HQ RunID:01a0c6e6-9637-7884-a774-cc0587336f15 ModelID:01a0c6e6-8ff6-71ad-96ce-894a47539c5b Sequence:87 ElapsedMS:12 Kind:check_end Late:false Fact:{Stage:candidate_decode State:ok BeginMS:10 EndMS:-1 DurationMS:-1 Check:json_decode Detail:{Reason: Field: Target:0 Actual:-1 Limit:-1 Start:-1 End:-1 ExpectedType: ActualType:}} Provider:<nil> Outcome: Refunded:false}"
2026/09/22 10:16:35 INFO generation_trace event="{RelatedRunID: ActorKind: RequestID:req_19UdWQbc18Vey92HMCR7HQ RunID:01a0c6e6-9637-7884-a774-cc0587336f15 ModelID:01a0c6e6-8ff6-71ad-96ce-894a47539c5b Sequence:88 ElapsedMS:12 Kind:check_begin Late:false Fact:{Stage:candidate_decode State:running BeginMS:10 EndMS:-1 DurationMS:-1 Check:json_decode Detail:{Reason: Field: Target:-1 Actual:-1 Limit:-1 Start:-1 End:-1 ExpectedType: ActualType:}} Provider:<nil> Outcome: Refunded:false}"
2026/09/22 10:16:35 INFO generation_trace event="{RelatedRunID: ActorKind: RequestID:req_19UdWQbc18Vey92HMCR7HQ RunID:01a0c6e6-9637-7884-a774-cc0587336f15 ModelID:01a0c6e6-8ff6-71ad-96ce-894a47539c5b Sequence:89 ElapsedMS:12 Kind:check_end Late:false Fact:{Stage:candidate_decode State:ok BeginMS:10 EndMS:-1 DurationMS:-1 Check:json_decode Detail:{Reason: Field: Target:-1 Actual:-1 Limit:-1 Start:-1 End:-1 ExpectedType: ActualType:}} Provider:<nil> Outcome: Refunded:false}"
2026/09/22 10:16:35 INFO generation_trace event="{RelatedRunID: ActorKind: RequestID:req_19UdWQbc18Vey92HMCR7HQ RunID:01a0c6e6-9637-7884-a774-cc0587336f15 ModelID:01a0c6e6-8ff6-71ad-96ce-894a47539c5b Sequence:90 ElapsedMS:12 Kind:check_begin Late:false Fact:{Stage:candidate_decode State:running BeginMS:10 EndMS:-1 DurationMS:-1 Check:json_tail Detail:{Reason: Field: Target:-1 Actual:-1 Limit:-1 Start:-1 End:-1 ExpectedType: ActualType:}} Provider:<nil> Outcome: Refunded:false}"
2026/09/22 10:16:35 INFO generation_trace event="{RelatedRunID: ActorKind: RequestID:req_19UdWQbc18Vey92HMCR7HQ RunID:01a0c6e6-9637-7884-a774-cc0587336f15 ModelID:01a0c6e6-8ff6-71ad-96ce-894a47539c5b Sequence:91 ElapsedMS:13 Kind:check_end Late:false Fact:{Stage:candidate_decode State:ok BeginMS:10 EndMS:-1 DurationMS:-1 Check:json_tail Detail:{Reason: Field: Target:-1 Actual:-1 Limit:-1 Start:-1 End:-1 ExpectedType: ActualType:}} Provider:<nil> Outcome: Refunded:false}"
2026/09/22 10:16:35 INFO generation_trace event="{RelatedRunID: ActorKind: RequestID:req_19UdWQbc18Vey92HMCR7HQ RunID:01a0c6e6-9637-7884-a774-cc0587336f15 ModelID:01a0c6e6-8ff6-71ad-96ce-894a47539c5b Sequence:92 ElapsedMS:13 Kind:check_begin Late:false Fact:{Stage:candidate_decode State:running BeginMS:10 EndMS:-1 DurationMS:-1 Check:passage_nonempty Detail:{Reason: Field: Target:-1 Actual:-1 Limit:-1 Start:-1 End:-1 ExpectedType: ActualType:}} Provider:<nil> Outcome: Refunded:false}"
2026/09/22 10:16:35 INFO generation_trace event="{RelatedRunID: ActorKind: RequestID:req_19UdWQbc18Vey92HMCR7HQ RunID:01a0c6e6-9637-7884-a774-cc0587336f15 ModelID:01a0c6e6-8ff6-71ad-96ce-894a47539c5b Sequence:93 ElapsedMS:13 Kind:check_end Late:false Fact:{Stage:candidate_decode State:ok BeginMS:10 EndMS:-1 DurationMS:-1 Check:passage_nonempty Detail:{Reason: Field: Target:-1 Actual:-1 Limit:-1 Start:-1 End:-1 ExpectedType: ActualType:}} Provider:<nil> Outcome: Refunded:false}"
2026/09/22 10:16:35 INFO generation_trace event="{RelatedRunID: ActorKind: RequestID:req_19UdWQbc18Vey92HMCR7HQ RunID:01a0c6e6-9637-7884-a774-cc0587336f15 ModelID:01a0c6e6-8ff6-71ad-96ce-894a47539c5b Sequence:94 ElapsedMS:13 Kind:check_begin Late:false Fact:{Stage:candidate_decode State:running BeginMS:10 EndMS:-1 DurationMS:-1 Check:tag_count Detail:{Reason: Field: Target:-1 Actual:-1 Limit:-1 Start:-1 End:-1 ExpectedType: ActualType:}} Provider:<nil> Outcome: Refunded:false}"
2026/09/22 10:16:35 INFO generation_trace event="{RelatedRunID: ActorKind: RequestID:req_19UdWQbc18Vey92HMCR7HQ RunID:01a0c6e6-9637-7884-a774-cc0587336f15 ModelID:01a0c6e6-8ff6-71ad-96ce-894a47539c5b Sequence:95 ElapsedMS:13 Kind:fact Late:false Fact:{Stage:candidate_decode State:running BeginMS:10 EndMS:-1 DurationMS:-1 Check:tag_count Detail:{Reason: Field:tags Target:-1 Actual:1 Limit:3 Start:-1 End:-1 ExpectedType: ActualType:}} Provider:<nil> Outcome: Refunded:false}"
2026/09/22 10:16:35 INFO generation_trace event="{RelatedRunID: ActorKind: RequestID:req_19UdWQbc18Vey92HMCR7HQ RunID:01a0c6e6-9637-7884-a774-cc0587336f15 ModelID:01a0c6e6-8ff6-71ad-96ce-894a47539c5b Sequence:96 ElapsedMS:13 Kind:check_end Late:false Fact:{Stage:candidate_decode State:ok BeginMS:10 EndMS:-1 DurationMS:-1 Check:tag_count Detail:{Reason: Field: Target:-1 Actual:-1 Limit:-1 Start:-1 End:-1 ExpectedType: ActualType:}} Provider:<nil> Outcome: Refunded:false}"
2026/09/22 10:16:35 INFO generation_trace event="{RelatedRunID: ActorKind: RequestID:req_19UdWQbc18Vey92HMCR7HQ RunID:01a0c6e6-9637-7884-a774-cc0587336f15 ModelID:01a0c6e6-8ff6-71ad-96ce-894a47539c5b Sequence:97 ElapsedMS:13 Kind:check_begin Late:false Fact:{Stage:candidate_decode State:running BeginMS:10 EndMS:-1 DurationMS:-1 Check:targets_nonnull Detail:{Reason: Field: Target:-1 Actual:-1 Limit:-1 Start:-1 End:-1 ExpectedType: ActualType:}} Provider:<nil> Outcome: Refunded:false}"
2026/09/22 10:16:35 INFO generation_trace event="{RelatedRunID: ActorKind: RequestID:req_19UdWQbc18Vey92HMCR7HQ RunID:01a0c6e6-9637-7884-a774-cc0587336f15 ModelID:01a0c6e6-8ff6-71ad-96ce-894a47539c5b Sequence:98 ElapsedMS:13 Kind:check_end Late:false Fact:{Stage:candidate_decode State:ok BeginMS:10 EndMS:-1 DurationMS:-1 Check:targets_nonnull Detail:{Reason: Field: Target:-1 Actual:-1 Limit:-1 Start:-1 End:-1 ExpectedType: ActualType:}} Provider:<nil> Outcome: Refunded:false}"
2026/09/22 10:16:35 INFO generation_trace event="{RelatedRunID: ActorKind: RequestID:req_19UdWQbc18Vey92HMCR7HQ RunID:01a0c6e6-9637-7884-a774-cc0587336f15 ModelID:01a0c6e6-8ff6-71ad-96ce-894a47539c5b Sequence:99 ElapsedMS:13 Kind:check_begin Late:false Fact:{Stage:candidate_decode State:running BeginMS:10 EndMS:-1 DurationMS:-1 Check:tag_size Detail:{Reason: Field: Target:-1 Actual:-1 Limit:-1 Start:-1 End:-1 ExpectedType: ActualType:}} Provider:<nil> Outcome: Refunded:false}"
2026/09/22 10:16:35 INFO generation_trace event="{RelatedRunID: ActorKind: RequestID:req_19UdWQbc18Vey92HMCR7HQ RunID:01a0c6e6-9637-7884-a774-cc0587336f15 ModelID:01a0c6e6-8ff6-71ad-96ce-894a47539c5b Sequence:100 ElapsedMS:13 Kind:fact Late:false Fact:{Stage:candidate_decode State:running BeginMS:10 EndMS:-1 DurationMS:-1 Check:tag_size Detail:{Reason: Field:tags Target:-1 Actual:5 Limit:100 Start:-1 End:-1 ExpectedType: ActualType:}} Provider:<nil> Outcome: Refunded:false}"
2026/09/22 10:16:35 INFO generation_trace event="{RelatedRunID: ActorKind: RequestID:req_19UdWQbc18Vey92HMCR7HQ RunID:01a0c6e6-9637-7884-a774-cc0587336f15 ModelID:01a0c6e6-8ff6-71ad-96ce-894a47539c5b Sequence:101 ElapsedMS:13 Kind:check_end Late:false Fact:{Stage:candidate_decode State:ok BeginMS:10 EndMS:-1 DurationMS:-1 Check:tag_size Detail:{Reason: Field: Target:-1 Actual:-1 Limit:-1 Start:-1 End:-1 ExpectedType: ActualType:}} Provider:<nil> Outcome: Refunded:false}"
2026/09/22 10:16:35 INFO generation_trace event="{RelatedRunID: ActorKind: RequestID:req_19UdWQbc18Vey92HMCR7HQ RunID:01a0c6e6-9637-7884-a774-cc0587336f15 ModelID:01a0c6e6-8ff6-71ad-96ce-894a47539c5b Sequence:102 ElapsedMS:13 Kind:check_begin Late:false Fact:{Stage:candidate_decode State:running BeginMS:10 EndMS:-1 DurationMS:-1 Check:source_entry_size Detail:{Reason: Field: Target:0 Actual:-1 Limit:-1 Start:-1 End:-1 ExpectedType: ActualType:}} Provider:<nil> Outcome: Refunded:false}"
2026/09/22 10:16:35 INFO generation_trace event="{RelatedRunID: ActorKind: RequestID:req_19UdWQbc18Vey92HMCR7HQ RunID:01a0c6e6-9637-7884-a774-cc0587336f15 ModelID:01a0c6e6-8ff6-71ad-96ce-894a47539c5b Sequence:103 ElapsedMS:13 Kind:fact Late:false Fact:{Stage:candidate_decode State:running BeginMS:10 EndMS:-1 DurationMS:-1 Check:source_entry_size Detail:{Reason: Field:source_entry Target:0 Actual:5 Limit:128 Start:-1 End:-1 ExpectedType: ActualType:}} Provider:<nil> Outcome: Refunded:false}"
2026/09/22 10:16:35 INFO generation_trace event="{RelatedRunID: ActorKind: RequestID:req_19UdWQbc18Vey92HMCR7HQ RunID:01a0c6e6-9637-7884-a774-cc0587336f15 ModelID:01a0c6e6-8ff6-71ad-96ce-894a47539c5b Sequence:104 ElapsedMS:13 Kind:check_end Late:false Fact:{Stage:candidate_decode State:ok BeginMS:10 EndMS:-1 DurationMS:-1 Check:source_entry_size Detail:{Reason: Field: Target:0 Actual:-1 Limit:-1 Start:-1 End:-1 ExpectedType: ActualType:}} Provider:<nil> Outcome: Refunded:false}"
2026/09/22 10:16:35 INFO generation_trace event="{RelatedRunID: ActorKind: RequestID:req_19UdWQbc18Vey92HMCR7HQ RunID:01a0c6e6-9637-7884-a774-cc0587336f15 ModelID:01a0c6e6-8ff6-71ad-96ce-894a47539c5b Sequence:105 ElapsedMS:13 Kind:check_begin Late:false Fact:{Stage:candidate_decode State:running BeginMS:10 EndMS:-1 DurationMS:-1 Check:meaning_size Detail:{Reason: Field: Target:0 Actual:-1 Limit:-1 Start:-1 End:-1 ExpectedType: ActualType:}} Provider:<nil> Outcome: Refunded:false}"
2026/09/22 10:16:35 INFO generation_trace event="{RelatedRunID: ActorKind: RequestID:req_19UdWQbc18Vey92HMCR7HQ RunID:01a0c6e6-9637-7884-a774-cc0587336f15 ModelID:01a0c6e6-8ff6-71ad-96ce-894a47539c5b Sequence:106 ElapsedMS:13 Kind:fact Late:false Fact:{Stage:candidate_decode State:running BeginMS:10 EndMS:-1 DurationMS:-1 Check:meaning_size Detail:{Reason: Field:entry_meaning Target:0 Actual:28 Limit:500 Start:-1 End:-1 ExpectedType: ActualType:}} Provider:<nil> Outcome: Refunded:false}"
2026/09/22 10:16:35 INFO generation_trace event="{RelatedRunID: ActorKind: RequestID:req_19UdWQbc18Vey92HMCR7HQ RunID:01a0c6e6-9637-7884-a774-cc0587336f15 ModelID:01a0c6e6-8ff6-71ad-96ce-894a47539c5b Sequence:107 ElapsedMS:14 Kind:check_end Late:false Fact:{Stage:candidate_decode State:ok BeginMS:10 EndMS:-1 DurationMS:-1 Check:meaning_size Detail:{Reason: Field: Target:0 Actual:-1 Limit:-1 Start:-1 End:-1 ExpectedType: ActualType:}} Provider:<nil> Outcome: Refunded:false}"
2026/09/22 10:16:35 INFO generation_trace event="{RelatedRunID: ActorKind: RequestID:req_19UdWQbc18Vey92HMCR7HQ RunID:01a0c6e6-9637-7884-a774-cc0587336f15 ModelID:01a0c6e6-8ff6-71ad-96ce-894a47539c5b Sequence:108 ElapsedMS:14 Kind:check_begin Late:false Fact:{Stage:candidate_decode State:running BeginMS:10 EndMS:-1 DurationMS:-1 Check:hint_size Detail:{Reason: Field: Target:0 Actual:-1 Limit:-1 Start:-1 End:-1 ExpectedType: ActualType:}} Provider:<nil> Outcome: Refunded:false}"
2026/09/22 10:16:35 INFO generation_trace event="{RelatedRunID: ActorKind: RequestID:req_19UdWQbc18Vey92HMCR7HQ RunID:01a0c6e6-9637-7884-a774-cc0587336f15 ModelID:01a0c6e6-8ff6-71ad-96ce-894a47539c5b Sequence:109 ElapsedMS:14 Kind:fact Late:false Fact:{Stage:candidate_decode State:running BeginMS:10 EndMS:-1 DurationMS:-1 Check:hint_size Detail:{Reason: Field:hint_phrase Target:0 Actual:69 Limit:65500 Start:-1 End:-1 ExpectedType: ActualType:}} Provider:<nil> Outcome: Refunded:false}"
2026/09/22 10:16:35 INFO generation_trace event="{RelatedRunID: ActorKind: RequestID:req_19UdWQbc18Vey92HMCR7HQ RunID:01a0c6e6-9637-7884-a774-cc0587336f15 ModelID:01a0c6e6-8ff6-71ad-96ce-894a47539c5b Sequence:110 ElapsedMS:14 Kind:check_end Late:false Fact:{Stage:candidate_decode State:ok BeginMS:10 EndMS:14 DurationMS:4 Check:hint_size Detail:{Reason: Field: Target:-1 Actual:-1 Limit:-1 Start:-1 End:-1 ExpectedType: ActualType:}} Provider:<nil> Outcome: Refunded:false}"
2026/09/22 10:16:35 INFO generation_trace event="{RelatedRunID: ActorKind: RequestID:req_19UdWQbc18Vey92HMCR7HQ RunID:01a0c6e6-9637-7884-a774-cc0587336f15 ModelID:01a0c6e6-8ff6-71ad-96ce-894a47539c5b Sequence:111 ElapsedMS:14 Kind:stage_end Late:false Fact:{Stage:candidate_decode State:ok BeginMS:10 EndMS:14 DurationMS:4 Check:hint_size Detail:{Reason: Field: Target:-1 Actual:-1 Limit:-1 Start:-1 End:-1 ExpectedType: ActualType:}} Provider:<nil> Outcome: Refunded:false}"
2026/09/22 10:16:35 INFO generation_trace event="{RelatedRunID: ActorKind: RequestID:req_19UdWQbc18Vey92HMCR7HQ RunID:01a0c6e6-9637-7884-a774-cc0587336f15 ModelID:01a0c6e6-8ff6-71ad-96ce-894a47539c5b Sequence:112 ElapsedMS:14 Kind:check_begin Late:false Fact:{Stage:passage_decode State:running BeginMS:10 EndMS:-1 DurationMS:-1 Check:clean_consistency Detail:{Reason: Field: Target:-1 Actual:-1 Limit:-1 Start:-1 End:-1 ExpectedType: ActualType:}} Provider:<nil> Outcome: Refunded:false}"
2026/09/22 10:16:35 INFO generation_trace event="{RelatedRunID: ActorKind: RequestID:req_19UdWQbc18Vey92HMCR7HQ RunID:01a0c6e6-9637-7884-a774-cc0587336f15 ModelID:01a0c6e6-8ff6-71ad-96ce-894a47539c5b Sequence:113 ElapsedMS:14 Kind:check_end Late:false Fact:{Stage:passage_decode State:ok BeginMS:10 EndMS:14 DurationMS:4 Check:clean_consistency Detail:{Reason: Field: Target:-1 Actual:-1 Limit:-1 Start:-1 End:-1 ExpectedType: ActualType:}} Provider:<nil> Outcome: Refunded:false}"
2026/09/22 10:16:35 INFO generation_trace event="{RelatedRunID: ActorKind: RequestID:req_19UdWQbc18Vey92HMCR7HQ RunID:01a0c6e6-9637-7884-a774-cc0587336f15 ModelID:01a0c6e6-8ff6-71ad-96ce-894a47539c5b Sequence:114 ElapsedMS:14 Kind:stage_end Late:false Fact:{Stage:passage_decode State:ok BeginMS:10 EndMS:14 DurationMS:4 Check:clean_consistency Detail:{Reason: Field: Target:-1 Actual:-1 Limit:-1 Start:-1 End:-1 ExpectedType: ActualType:}} Provider:<nil> Outcome: Refunded:false}"
2026/09/22 10:16:35 INFO generation_trace event="{RelatedRunID: ActorKind: RequestID:req_19UdWQbc18Vey92HMCR7HQ RunID:01a0c6e6-9637-7884-a774-cc0587336f15 ModelID:01a0c6e6-8ff6-71ad-96ce-894a47539c5b Sequence:115 ElapsedMS:14 Kind:fact Late:false Fact:{Stage:provider_stream State:ok BeginMS:10 EndMS:10 DurationMS:0 Check:termination Detail:{Reason:done Field: Target:-1 Actual:-1 Limit:-1 Start:-1 End:-1 ExpectedType: ActualType:}} Provider:<nil> Outcome: Refunded:false}"
2026/09/22 10:16:35 INFO generation_trace event="{RelatedRunID: ActorKind: RequestID:req_19UdWQbc18Vey92HMCR7HQ RunID:01a0c6e6-9637-7884-a774-cc0587336f15 ModelID:01a0c6e6-8ff6-71ad-96ce-894a47539c5b Sequence:116 ElapsedMS:15 Kind:fact Late:false Fact:{Stage:provider_stream State:ok BeginMS:10 EndMS:10 DurationMS:0 Check:receiver_exit Detail:{Reason: Field: Target:-1 Actual:-1 Limit:-1 Start:-1 End:-1 ExpectedType: ActualType:}} Provider:<nil> Outcome: Refunded:false}"
2026/09/22 10:16:35 INFO generation_trace event="{RelatedRunID: ActorKind: RequestID:req_19UdWQbc18Vey92HMCR7HQ RunID:01a0c6e6-9637-7884-a774-cc0587336f15 ModelID:01a0c6e6-8ff6-71ad-96ce-894a47539c5b Sequence:117 ElapsedMS:15 Kind:stage_begin Late:false Fact:{Stage:content_validate State:running BeginMS:15 EndMS:-1 DurationMS:-1 Check: Detail:{Reason: Field: Target:-1 Actual:-1 Limit:-1 Start:-1 End:-1 ExpectedType: ActualType:}} Provider:<nil> Outcome: Refunded:false}"
2026/09/22 10:16:35 INFO generation_trace event="{RelatedRunID: ActorKind: RequestID:req_19UdWQbc18Vey92HMCR7HQ RunID:01a0c6e6-9637-7884-a774-cc0587336f15 ModelID:01a0c6e6-8ff6-71ad-96ce-894a47539c5b Sequence:118 ElapsedMS:15 Kind:check_begin Late:false Fact:{Stage:content_validate State:running BeginMS:15 EndMS:-1 DurationMS:-1 Check:lexicon Detail:{Reason: Field: Target:-1 Actual:-1 Limit:-1 Start:-1 End:-1 ExpectedType: ActualType:}} Provider:<nil> Outcome: Refunded:false}"
2026/09/22 10:16:35 INFO generation_trace event="{RelatedRunID: ActorKind: RequestID:req_19UdWQbc18Vey92HMCR7HQ RunID:01a0c6e6-9637-7884-a774-cc0587336f15 ModelID:01a0c6e6-8ff6-71ad-96ce-894a47539c5b Sequence:119 ElapsedMS:15 Kind:check_end Late:false Fact:{Stage:content_validate State:ok BeginMS:15 EndMS:-1 DurationMS:-1 Check:lexicon Detail:{Reason: Field: Target:-1 Actual:-1 Limit:-1 Start:-1 End:-1 ExpectedType: ActualType:}} Provider:<nil> Outcome: Refunded:false}"
2026/09/22 10:16:35 INFO generation_trace event="{RelatedRunID: ActorKind: RequestID:req_19UdWQbc18Vey92HMCR7HQ RunID:01a0c6e6-9637-7884-a774-cc0587336f15 ModelID:01a0c6e6-8ff6-71ad-96ce-894a47539c5b Sequence:120 ElapsedMS:15 Kind:check_begin Late:false Fact:{Stage:content_validate State:running BeginMS:15 EndMS:-1 DurationMS:-1 Check:context Detail:{Reason: Field: Target:-1 Actual:-1 Limit:-1 Start:-1 End:-1 ExpectedType: ActualType:}} Provider:<nil> Outcome: Refunded:false}"
2026/09/22 10:16:35 INFO generation_trace event="{RelatedRunID: ActorKind: RequestID:req_19UdWQbc18Vey92HMCR7HQ RunID:01a0c6e6-9637-7884-a774-cc0587336f15 ModelID:01a0c6e6-8ff6-71ad-96ce-894a47539c5b Sequence:121 ElapsedMS:15 Kind:check_end Late:false Fact:{Stage:content_validate State:ok BeginMS:15 EndMS:-1 DurationMS:-1 Check:context Detail:{Reason: Field: Target:-1 Actual:-1 Limit:-1 Start:-1 End:-1 ExpectedType: ActualType:}} Provider:<nil> Outcome: Refunded:false}"
2026/09/22 10:16:35 INFO generation_trace event="{RelatedRunID: ActorKind: RequestID:req_19UdWQbc18Vey92HMCR7HQ RunID:01a0c6e6-9637-7884-a774-cc0587336f15 ModelID:01a0c6e6-8ff6-71ad-96ce-894a47539c5b Sequence:122 ElapsedMS:15 Kind:check_begin Late:false Fact:{Stage:content_validate State:running BeginMS:15 EndMS:-1 DurationMS:-1 Check:passage_annotations Detail:{Reason: Field: Target:-1 Actual:-1 Limit:-1 Start:-1 End:-1 ExpectedType: ActualType:}} Provider:<nil> Outcome: Refunded:false}"
2026/09/22 10:16:35 INFO generation_trace event="{RelatedRunID: ActorKind: RequestID:req_19UdWQbc18Vey92HMCR7HQ RunID:01a0c6e6-9637-7884-a774-cc0587336f15 ModelID:01a0c6e6-8ff6-71ad-96ce-894a47539c5b Sequence:123 ElapsedMS:15 Kind:check_end Late:false Fact:{Stage:content_validate State:ok BeginMS:15 EndMS:-1 DurationMS:-1 Check:passage_annotations Detail:{Reason: Field: Target:-1 Actual:-1 Limit:-1 Start:-1 End:-1 ExpectedType: ActualType:}} Provider:<nil> Outcome: Refunded:false}"
2026/09/22 10:16:35 INFO generation_trace event="{RelatedRunID: ActorKind: RequestID:req_19UdWQbc18Vey92HMCR7HQ RunID:01a0c6e6-9637-7884-a774-cc0587336f15 ModelID:01a0c6e6-8ff6-71ad-96ce-894a47539c5b Sequence:124 ElapsedMS:15 Kind:check_begin Late:false Fact:{Stage:content_validate State:running BeginMS:15 EndMS:-1 DurationMS:-1 Check:passage_ownership Detail:{Reason: Field: Target:-1 Actual:-1 Limit:-1 Start:-1 End:-1 ExpectedType: ActualType:}} Provider:<nil> Outcome: Refunded:false}"
2026/09/22 10:16:35 INFO generation_trace event="{RelatedRunID: ActorKind: RequestID:req_19UdWQbc18Vey92HMCR7HQ RunID:01a0c6e6-9637-7884-a774-cc0587336f15 ModelID:01a0c6e6-8ff6-71ad-96ce-894a47539c5b Sequence:125 ElapsedMS:16 Kind:check_end Late:false Fact:{Stage:content_validate State:ok BeginMS:15 EndMS:-1 DurationMS:-1 Check:passage_ownership Detail:{Reason: Field: Target:-1 Actual:-1 Limit:-1 Start:-1 End:-1 ExpectedType: ActualType:}} Provider:<nil> Outcome: Refunded:false}"
2026/09/22 10:16:35 INFO generation_trace event="{RelatedRunID: ActorKind: RequestID:req_19UdWQbc18Vey92HMCR7HQ RunID:01a0c6e6-9637-7884-a774-cc0587336f15 ModelID:01a0c6e6-8ff6-71ad-96ce-894a47539c5b Sequence:126 ElapsedMS:16 Kind:check_begin Late:false Fact:{Stage:content_validate State:running BeginMS:15 EndMS:-1 DurationMS:-1 Check:passage_content Detail:{Reason: Field: Target:-1 Actual:-1 Limit:-1 Start:-1 End:-1 ExpectedType: ActualType:}} Provider:<nil> Outcome: Refunded:false}"
2026/09/22 10:16:35 INFO generation_trace event="{RelatedRunID: ActorKind: RequestID:req_19UdWQbc18Vey92HMCR7HQ RunID:01a0c6e6-9637-7884-a774-cc0587336f15 ModelID:01a0c6e6-8ff6-71ad-96ce-894a47539c5b Sequence:127 ElapsedMS:16 Kind:check_end Late:false Fact:{Stage:content_validate State:ok BeginMS:15 EndMS:-1 DurationMS:-1 Check:passage_content Detail:{Reason: Field: Target:-1 Actual:-1 Limit:-1 Start:-1 End:-1 ExpectedType: ActualType:}} Provider:<nil> Outcome: Refunded:false}"
2026/09/22 10:16:35 INFO generation_trace event="{RelatedRunID: ActorKind: RequestID:req_19UdWQbc18Vey92HMCR7HQ RunID:01a0c6e6-9637-7884-a774-cc0587336f15 ModelID:01a0c6e6-8ff6-71ad-96ce-894a47539c5b Sequence:128 ElapsedMS:16 Kind:check_begin Late:false Fact:{Stage:content_validate State:running BeginMS:15 EndMS:-1 DurationMS:-1 Check:word_count Detail:{Reason: Field: Target:-1 Actual:-1 Limit:-1 Start:-1 End:-1 ExpectedType: ActualType:}} Provider:<nil> Outcome: Refunded:false}"
2026/09/22 10:16:35 INFO generation_trace event="{RelatedRunID: ActorKind: RequestID:req_19UdWQbc18Vey92HMCR7HQ RunID:01a0c6e6-9637-7884-a774-cc0587336f15 ModelID:01a0c6e6-8ff6-71ad-96ce-894a47539c5b Sequence:129 ElapsedMS:16 Kind:check_end Late:false Fact:{Stage:content_validate State:ok BeginMS:15 EndMS:-1 DurationMS:-1 Check:word_count Detail:{Reason: Field: Target:-1 Actual:-1 Limit:-1 Start:-1 End:-1 ExpectedType: ActualType:}} Provider:<nil> Outcome: Refunded:false}"
2026/09/22 10:16:35 INFO generation_trace event="{RelatedRunID: ActorKind: RequestID:req_19UdWQbc18Vey92HMCR7HQ RunID:01a0c6e6-9637-7884-a774-cc0587336f15 ModelID:01a0c6e6-8ff6-71ad-96ce-894a47539c5b Sequence:130 ElapsedMS:16 Kind:check_begin Late:false Fact:{Stage:content_validate State:running BeginMS:15 EndMS:-1 DurationMS:-1 Check:passage_language Detail:{Reason: Field: Target:-1 Actual:-1 Limit:-1 Start:-1 End:-1 ExpectedType: ActualType:}} Provider:<nil> Outcome: Refunded:false}"
2026/09/22 10:16:35 INFO generation_trace event="{RelatedRunID: ActorKind: RequestID:req_19UdWQbc18Vey92HMCR7HQ RunID:01a0c6e6-9637-7884-a774-cc0587336f15 ModelID:01a0c6e6-8ff6-71ad-96ce-894a47539c5b Sequence:131 ElapsedMS:16 Kind:check_end Late:false Fact:{Stage:content_validate State:ok BeginMS:15 EndMS:-1 DurationMS:-1 Check:passage_language Detail:{Reason: Field: Target:-1 Actual:-1 Limit:-1 Start:-1 End:-1 ExpectedType: ActualType:}} Provider:<nil> Outcome: Refunded:false}"
2026/09/22 10:16:35 INFO generation_trace event="{RelatedRunID: ActorKind: RequestID:req_19UdWQbc18Vey92HMCR7HQ RunID:01a0c6e6-9637-7884-a774-cc0587336f15 ModelID:01a0c6e6-8ff6-71ad-96ce-894a47539c5b Sequence:132 ElapsedMS:16 Kind:check_begin Late:false Fact:{Stage:content_validate State:running BeginMS:15 EndMS:-1 DurationMS:-1 Check:tag_count Detail:{Reason: Field: Target:-1 Actual:-1 Limit:-1 Start:-1 End:-1 ExpectedType: ActualType:}} Provider:<nil> Outcome: Refunded:false}"
2026/09/22 10:16:35 INFO generation_trace event="{RelatedRunID: ActorKind: RequestID:req_19UdWQbc18Vey92HMCR7HQ RunID:01a0c6e6-9637-7884-a774-cc0587336f15 ModelID:01a0c6e6-8ff6-71ad-96ce-894a47539c5b Sequence:133 ElapsedMS:16 Kind:check_end Late:false Fact:{Stage:content_validate State:ok BeginMS:15 EndMS:-1 DurationMS:-1 Check:tag_count Detail:{Reason: Field: Target:-1 Actual:-1 Limit:-1 Start:-1 End:-1 ExpectedType: ActualType:}} Provider:<nil> Outcome: Refunded:false}"
2026/09/22 10:16:35 INFO generation_trace event="{RelatedRunID: ActorKind: RequestID:req_19UdWQbc18Vey92HMCR7HQ RunID:01a0c6e6-9637-7884-a774-cc0587336f15 ModelID:01a0c6e6-8ff6-71ad-96ce-894a47539c5b Sequence:134 ElapsedMS:16 Kind:check_begin Late:false Fact:{Stage:content_validate State:running BeginMS:15 EndMS:-1 DurationMS:-1 Check:tag_content Detail:{Reason: Field: Target:-1 Actual:-1 Limit:-1 Start:-1 End:-1 ExpectedType: ActualType:}} Provider:<nil> Outcome: Refunded:false}"
2026/09/22 10:16:35 INFO generation_trace event="{RelatedRunID: ActorKind: RequestID:req_19UdWQbc18Vey92HMCR7HQ RunID:01a0c6e6-9637-7884-a774-cc0587336f15 ModelID:01a0c6e6-8ff6-71ad-96ce-894a47539c5b Sequence:135 ElapsedMS:16 Kind:check_end Late:false Fact:{Stage:content_validate State:ok BeginMS:15 EndMS:-1 DurationMS:-1 Check:tag_content Detail:{Reason: Field: Target:-1 Actual:-1 Limit:-1 Start:-1 End:-1 ExpectedType: ActualType:}} Provider:<nil> Outcome: Refunded:false}"
2026/09/22 10:16:35 INFO generation_trace event="{RelatedRunID: ActorKind: RequestID:req_19UdWQbc18Vey92HMCR7HQ RunID:01a0c6e6-9637-7884-a774-cc0587336f15 ModelID:01a0c6e6-8ff6-71ad-96ce-894a47539c5b Sequence:136 ElapsedMS:16 Kind:check_begin Late:false Fact:{Stage:content_validate State:running BeginMS:15 EndMS:-1 DurationMS:-1 Check:tag_duplicate Detail:{Reason: Field: Target:-1 Actual:-1 Limit:-1 Start:-1 End:-1 ExpectedType: ActualType:}} Provider:<nil> Outcome: Refunded:false}"
2026/09/22 10:16:35 INFO generation_trace event="{RelatedRunID: ActorKind: RequestID:req_19UdWQbc18Vey92HMCR7HQ RunID:01a0c6e6-9637-7884-a774-cc0587336f15 ModelID:01a0c6e6-8ff6-71ad-96ce-894a47539c5b Sequence:137 ElapsedMS:16 Kind:check_end Late:false Fact:{Stage:content_validate State:ok BeginMS:15 EndMS:-1 DurationMS:-1 Check:tag_duplicate Detail:{Reason: Field: Target:-1 Actual:-1 Limit:-1 Start:-1 End:-1 ExpectedType: ActualType:}} Provider:<nil> Outcome: Refunded:false}"
2026/09/22 10:16:35 INFO generation_trace event="{RelatedRunID: ActorKind: RequestID:req_19UdWQbc18Vey92HMCR7HQ RunID:01a0c6e6-9637-7884-a774-cc0587336f15 ModelID:01a0c6e6-8ff6-71ad-96ce-894a47539c5b Sequence:138 ElapsedMS:16 Kind:check_begin Late:false Fact:{Stage:content_validate State:running BeginMS:15 EndMS:-1 DurationMS:-1 Check:target_count Detail:{Reason: Field: Target:-1 Actual:-1 Limit:-1 Start:-1 End:-1 ExpectedType: ActualType:}} Provider:<nil> Outcome: Refunded:false}"
2026/09/22 10:16:35 INFO generation_trace event="{RelatedRunID: ActorKind: RequestID:req_19UdWQbc18Vey92HMCR7HQ RunID:01a0c6e6-9637-7884-a774-cc0587336f15 ModelID:01a0c6e6-8ff6-71ad-96ce-894a47539c5b Sequence:139 ElapsedMS:16 Kind:check_end Late:false Fact:{Stage:content_validate State:ok BeginMS:15 EndMS:-1 DurationMS:-1 Check:target_count Detail:{Reason: Field: Target:-1 Actual:-1 Limit:-1 Start:-1 End:-1 ExpectedType: ActualType:}} Provider:<nil> Outcome: Refunded:false}"
2026/09/22 10:16:35 INFO generation_trace event="{RelatedRunID: ActorKind: RequestID:req_19UdWQbc18Vey92HMCR7HQ RunID:01a0c6e6-9637-7884-a774-cc0587336f15 ModelID:01a0c6e6-8ff6-71ad-96ce-894a47539c5b Sequence:140 ElapsedMS:16 Kind:check_begin Late:false Fact:{Stage:content_validate State:running BeginMS:15 EndMS:-1 DurationMS:-1 Check:passage_index Detail:{Reason: Field: Target:-1 Actual:-1 Limit:-1 Start:-1 End:-1 ExpectedType: ActualType:}} Provider:<nil> Outcome: Refunded:false}"
2026/09/22 10:16:35 INFO generation_trace event="{RelatedRunID: ActorKind: RequestID:req_19UdWQbc18Vey92HMCR7HQ RunID:01a0c6e6-9637-7884-a774-cc0587336f15 ModelID:01a0c6e6-8ff6-71ad-96ce-894a47539c5b Sequence:141 ElapsedMS:17 Kind:check_end Late:false Fact:{Stage:content_validate State:ok BeginMS:15 EndMS:-1 DurationMS:-1 Check:passage_index Detail:{Reason: Field: Target:-1 Actual:-1 Limit:-1 Start:-1 End:-1 ExpectedType: ActualType:}} Provider:<nil> Outcome: Refunded:false}"
2026/09/22 10:16:35 INFO generation_trace event="{RelatedRunID: ActorKind: RequestID:req_19UdWQbc18Vey92HMCR7HQ RunID:01a0c6e6-9637-7884-a774-cc0587336f15 ModelID:01a0c6e6-8ff6-71ad-96ce-894a47539c5b Sequence:142 ElapsedMS:17 Kind:check_begin Late:false Fact:{Stage:content_validate State:running BeginMS:15 EndMS:-1 DurationMS:-1 Check:context Detail:{Reason: Field: Target:0 Actual:-1 Limit:-1 Start:-1 End:-1 ExpectedType: ActualType:}} Provider:<nil> Outcome: Refunded:false}"
2026/09/22 10:16:35 INFO generation_trace event="{RelatedRunID: ActorKind: RequestID:req_19UdWQbc18Vey92HMCR7HQ RunID:01a0c6e6-9637-7884-a774-cc0587336f15 ModelID:01a0c6e6-8ff6-71ad-96ce-894a47539c5b Sequence:143 ElapsedMS:17 Kind:check_end Late:false Fact:{Stage:content_validate State:ok BeginMS:15 EndMS:-1 DurationMS:-1 Check:context Detail:{Reason: Field: Target:0 Actual:-1 Limit:-1 Start:-1 End:-1 ExpectedType: ActualType:}} Provider:<nil> Outcome: Refunded:false}"
2026/09/22 10:16:35 INFO generation_trace event="{RelatedRunID: ActorKind: RequestID:req_19UdWQbc18Vey92HMCR7HQ RunID:01a0c6e6-9637-7884-a774-cc0587336f15 ModelID:01a0c6e6-8ff6-71ad-96ce-894a47539c5b Sequence:144 ElapsedMS:17 Kind:check_begin Late:false Fact:{Stage:content_validate State:running BeginMS:15 EndMS:-1 DurationMS:-1 Check:source_entry Detail:{Reason: Field: Target:0 Actual:-1 Limit:-1 Start:-1 End:-1 ExpectedType: ActualType:}} Provider:<nil> Outcome: Refunded:false}"
2026/09/22 10:16:35 INFO generation_trace event="{RelatedRunID: ActorKind: RequestID:req_19UdWQbc18Vey92HMCR7HQ RunID:01a0c6e6-9637-7884-a774-cc0587336f15 ModelID:01a0c6e6-8ff6-71ad-96ce-894a47539c5b Sequence:145 ElapsedMS:17 Kind:check_end Late:false Fact:{Stage:content_validate State:ok BeginMS:15 EndMS:-1 DurationMS:-1 Check:source_entry Detail:{Reason: Field: Target:0 Actual:-1 Limit:-1 Start:-1 End:-1 ExpectedType: ActualType:}} Provider:<nil> Outcome: Refunded:false}"
2026/09/22 10:16:35 INFO generation_trace event="{RelatedRunID: ActorKind: RequestID:req_19UdWQbc18Vey92HMCR7HQ RunID:01a0c6e6-9637-7884-a774-cc0587336f15 ModelID:01a0c6e6-8ff6-71ad-96ce-894a47539c5b Sequence:146 ElapsedMS:17 Kind:check_begin Late:false Fact:{Stage:content_validate State:running BeginMS:15 EndMS:-1 DurationMS:-1 Check:meaning_content Detail:{Reason: Field: Target:0 Actual:-1 Limit:-1 Start:-1 End:-1 ExpectedType: ActualType:}} Provider:<nil> Outcome: Refunded:false}"
2026/09/22 10:16:35 INFO generation_trace event="{RelatedRunID: ActorKind: RequestID:req_19UdWQbc18Vey92HMCR7HQ RunID:01a0c6e6-9637-7884-a774-cc0587336f15 ModelID:01a0c6e6-8ff6-71ad-96ce-894a47539c5b Sequence:147 ElapsedMS:17 Kind:check_end Late:false Fact:{Stage:content_validate State:ok BeginMS:15 EndMS:-1 DurationMS:-1 Check:meaning_content Detail:{Reason: Field: Target:0 Actual:-1 Limit:-1 Start:-1 End:-1 ExpectedType: ActualType:}} Provider:<nil> Outcome: Refunded:false}"
2026/09/22 10:16:35 INFO generation_trace event="{RelatedRunID: ActorKind: RequestID:req_19UdWQbc18Vey92HMCR7HQ RunID:01a0c6e6-9637-7884-a774-cc0587336f15 ModelID:01a0c6e6-8ff6-71ad-96ce-894a47539c5b Sequence:148 ElapsedMS:17 Kind:check_begin Late:false Fact:{Stage:content_validate State:running BeginMS:15 EndMS:-1 DurationMS:-1 Check:meaning_repeated Detail:{Reason: Field: Target:0 Actual:-1 Limit:-1 Start:-1 End:-1 ExpectedType: ActualType:}} Provider:<nil> Outcome: Refunded:false}"
2026/09/22 10:16:35 INFO generation_trace event="{RelatedRunID: ActorKind: RequestID:req_19UdWQbc18Vey92HMCR7HQ RunID:01a0c6e6-9637-7884-a774-cc0587336f15 ModelID:01a0c6e6-8ff6-71ad-96ce-894a47539c5b Sequence:149 ElapsedMS:17 Kind:check_end Late:false Fact:{Stage:content_validate State:ok BeginMS:15 EndMS:-1 DurationMS:-1 Check:meaning_repeated Detail:{Reason: Field: Target:0 Actual:-1 Limit:-1 Start:-1 End:-1 ExpectedType: ActualType:}} Provider:<nil> Outcome: Refunded:false}"
2026/09/22 10:16:35 INFO generation_trace event="{RelatedRunID: ActorKind: RequestID:req_19UdWQbc18Vey92HMCR7HQ RunID:01a0c6e6-9637-7884-a774-cc0587336f15 ModelID:01a0c6e6-8ff6-71ad-96ce-894a47539c5b Sequence:150 ElapsedMS:17 Kind:check_begin Late:false Fact:{Stage:content_validate State:running BeginMS:15 EndMS:-1 DurationMS:-1 Check:hint_annotations Detail:{Reason: Field: Target:0 Actual:-1 Limit:-1 Start:-1 End:-1 ExpectedType: ActualType:}} Provider:<nil> Outcome: Refunded:false}"
2026/09/22 10:16:35 INFO generation_trace event="{RelatedRunID: ActorKind: RequestID:req_19UdWQbc18Vey92HMCR7HQ RunID:01a0c6e6-9637-7884-a774-cc0587336f15 ModelID:01a0c6e6-8ff6-71ad-96ce-894a47539c5b Sequence:151 ElapsedMS:17 Kind:check_end Late:false Fact:{Stage:content_validate State:ok BeginMS:15 EndMS:-1 DurationMS:-1 Check:hint_annotations Detail:{Reason: Field: Target:0 Actual:-1 Limit:-1 Start:-1 End:-1 ExpectedType: ActualType:}} Provider:<nil> Outcome: Refunded:false}"
2026/09/22 10:16:35 INFO generation_trace event="{RelatedRunID: ActorKind: RequestID:req_19UdWQbc18Vey92HMCR7HQ RunID:01a0c6e6-9637-7884-a774-cc0587336f15 ModelID:01a0c6e6-8ff6-71ad-96ce-894a47539c5b Sequence:152 ElapsedMS:17 Kind:check_begin Late:false Fact:{Stage:content_validate State:running BeginMS:15 EndMS:-1 DurationMS:-1 Check:hint_ownership Detail:{Reason: Field: Target:0 Actual:-1 Limit:-1 Start:-1 End:-1 ExpectedType: ActualType:}} Provider:<nil> Outcome: Refunded:false}"
2026/09/22 10:16:35 INFO generation_trace event="{RelatedRunID: ActorKind: RequestID:req_19UdWQbc18Vey92HMCR7HQ RunID:01a0c6e6-9637-7884-a774-cc0587336f15 ModelID:01a0c6e6-8ff6-71ad-96ce-894a47539c5b Sequence:153 ElapsedMS:17 Kind:check_end Late:false Fact:{Stage:content_validate State:ok BeginMS:15 EndMS:-1 DurationMS:-1 Check:hint_ownership Detail:{Reason: Field: Target:0 Actual:-1 Limit:-1 Start:-1 End:-1 ExpectedType: ActualType:}} Provider:<nil> Outcome: Refunded:false}"
2026/09/22 10:16:35 INFO generation_trace event="{RelatedRunID: ActorKind: RequestID:req_19UdWQbc18Vey92HMCR7HQ RunID:01a0c6e6-9637-7884-a774-cc0587336f15 ModelID:01a0c6e6-8ff6-71ad-96ce-894a47539c5b Sequence:154 ElapsedMS:17 Kind:check_begin Late:false Fact:{Stage:content_validate State:running BeginMS:15 EndMS:-1 DurationMS:-1 Check:hint_content Detail:{Reason: Field: Target:0 Actual:-1 Limit:-1 Start:-1 End:-1 ExpectedType: ActualType:}} Provider:<nil> Outcome: Refunded:false}"
2026/09/22 10:16:35 INFO generation_trace event="{RelatedRunID: ActorKind: RequestID:req_19UdWQbc18Vey92HMCR7HQ RunID:01a0c6e6-9637-7884-a774-cc0587336f15 ModelID:01a0c6e6-8ff6-71ad-96ce-894a47539c5b Sequence:155 ElapsedMS:17 Kind:check_end Late:false Fact:{Stage:content_validate State:ok BeginMS:15 EndMS:-1 DurationMS:-1 Check:hint_content Detail:{Reason: Field: Target:0 Actual:-1 Limit:-1 Start:-1 End:-1 ExpectedType: ActualType:}} Provider:<nil> Outcome: Refunded:false}"
2026/09/22 10:16:35 INFO generation_trace event="{RelatedRunID: ActorKind: RequestID:req_19UdWQbc18Vey92HMCR7HQ RunID:01a0c6e6-9637-7884-a774-cc0587336f15 ModelID:01a0c6e6-8ff6-71ad-96ce-894a47539c5b Sequence:156 ElapsedMS:18 Kind:check_begin Late:false Fact:{Stage:content_validate State:running BeginMS:15 EndMS:-1 DurationMS:-1 Check:passage_annotation_presence Detail:{Reason: Field: Target:0 Actual:-1 Limit:-1 Start:-1 End:-1 ExpectedType: ActualType:}} Provider:<nil> Outcome: Refunded:false}"
2026/09/22 10:16:35 INFO generation_trace event="{RelatedRunID: ActorKind: RequestID:req_19UdWQbc18Vey92HMCR7HQ RunID:01a0c6e6-9637-7884-a774-cc0587336f15 ModelID:01a0c6e6-8ff6-71ad-96ce-894a47539c5b Sequence:157 ElapsedMS:18 Kind:check_end Late:false Fact:{Stage:content_validate State:ok BeginMS:15 EndMS:-1 DurationMS:-1 Check:passage_annotation_presence Detail:{Reason: Field: Target:0 Actual:-1 Limit:-1 Start:-1 End:-1 ExpectedType: ActualType:}} Provider:<nil> Outcome: Refunded:false}"
2026/09/22 10:16:35 INFO generation_trace event="{RelatedRunID: ActorKind: RequestID:req_19UdWQbc18Vey92HMCR7HQ RunID:01a0c6e6-9637-7884-a774-cc0587336f15 ModelID:01a0c6e6-8ff6-71ad-96ce-894a47539c5b Sequence:158 ElapsedMS:18 Kind:check_begin Late:false Fact:{Stage:content_validate State:running BeginMS:15 EndMS:-1 DurationMS:-1 Check:hint_annotation_presence Detail:{Reason: Field: Target:0 Actual:-1 Limit:-1 Start:-1 End:-1 ExpectedType: ActualType:}} Provider:<nil> Outcome: Refunded:false}"
2026/09/22 10:16:35 INFO generation_trace event="{RelatedRunID: ActorKind: RequestID:req_19UdWQbc18Vey92HMCR7HQ RunID:01a0c6e6-9637-7884-a774-cc0587336f15 ModelID:01a0c6e6-8ff6-71ad-96ce-894a47539c5b Sequence:159 ElapsedMS:18 Kind:check_end Late:false Fact:{Stage:content_validate State:ok BeginMS:15 EndMS:-1 DurationMS:-1 Check:hint_annotation_presence Detail:{Reason: Field: Target:0 Actual:-1 Limit:-1 Start:-1 End:-1 ExpectedType: ActualType:}} Provider:<nil> Outcome: Refunded:false}"
2026/09/22 10:16:35 INFO generation_trace event="{RelatedRunID: ActorKind: RequestID:req_19UdWQbc18Vey92HMCR7HQ RunID:01a0c6e6-9637-7884-a774-cc0587336f15 ModelID:01a0c6e6-8ff6-71ad-96ce-894a47539c5b Sequence:160 ElapsedMS:18 Kind:check_begin Late:false Fact:{Stage:content_validate State:running BeginMS:15 EndMS:-1 DurationMS:-1 Check:hint_index Detail:{Reason: Field: Target:0 Actual:-1 Limit:-1 Start:-1 End:-1 ExpectedType: ActualType:}} Provider:<nil> Outcome: Refunded:false}"
2026/09/22 10:16:35 INFO generation_trace event="{RelatedRunID: ActorKind: RequestID:req_19UdWQbc18Vey92HMCR7HQ RunID:01a0c6e6-9637-7884-a774-cc0587336f15 ModelID:01a0c6e6-8ff6-71ad-96ce-894a47539c5b Sequence:161 ElapsedMS:18 Kind:check_end Late:false Fact:{Stage:content_validate State:ok BeginMS:15 EndMS:-1 DurationMS:-1 Check:hint_index Detail:{Reason: Field: Target:0 Actual:-1 Limit:-1 Start:-1 End:-1 ExpectedType: ActualType:}} Provider:<nil> Outcome: Refunded:false}"
2026/09/22 10:16:35 INFO generation_trace event="{RelatedRunID: ActorKind: RequestID:req_19UdWQbc18Vey92HMCR7HQ RunID:01a0c6e6-9637-7884-a774-cc0587336f15 ModelID:01a0c6e6-8ff6-71ad-96ce-894a47539c5b Sequence:162 ElapsedMS:18 Kind:check_begin Late:false Fact:{Stage:content_validate State:running BeginMS:15 EndMS:-1 DurationMS:-1 Check:hint_scan Detail:{Reason: Field: Target:0 Actual:-1 Limit:-1 Start:-1 End:-1 ExpectedType: ActualType:}} Provider:<nil> Outcome: Refunded:false}"
2026/09/22 10:16:35 INFO generation_trace event="{RelatedRunID: ActorKind: RequestID:req_19UdWQbc18Vey92HMCR7HQ RunID:01a0c6e6-9637-7884-a774-cc0587336f15 ModelID:01a0c6e6-8ff6-71ad-96ce-894a47539c5b Sequence:163 ElapsedMS:18 Kind:check_end Late:false Fact:{Stage:content_validate State:ok BeginMS:15 EndMS:-1 DurationMS:-1 Check:hint_scan Detail:{Reason: Field: Target:0 Actual:-1 Limit:-1 Start:-1 End:-1 ExpectedType: ActualType:}} Provider:<nil> Outcome: Refunded:false}"
2026/09/22 10:16:35 INFO generation_trace event="{RelatedRunID: ActorKind: RequestID:req_19UdWQbc18Vey92HMCR7HQ RunID:01a0c6e6-9637-7884-a774-cc0587336f15 ModelID:01a0c6e6-8ff6-71ad-96ce-894a47539c5b Sequence:164 ElapsedMS:18 Kind:check_begin Late:false Fact:{Stage:content_validate State:running BeginMS:15 EndMS:-1 DurationMS:-1 Check:passage_scan Detail:{Reason: Field: Target:0 Actual:-1 Limit:-1 Start:-1 End:-1 ExpectedType: ActualType:}} Provider:<nil> Outcome: Refunded:false}"
2026/09/22 10:16:35 INFO generation_trace event="{RelatedRunID: ActorKind: RequestID:req_19UdWQbc18Vey92HMCR7HQ RunID:01a0c6e6-9637-7884-a774-cc0587336f15 ModelID:01a0c6e6-8ff6-71ad-96ce-894a47539c5b Sequence:165 ElapsedMS:18 Kind:check_end Late:false Fact:{Stage:content_validate State:ok BeginMS:15 EndMS:-1 DurationMS:-1 Check:passage_scan Detail:{Reason: Field: Target:0 Actual:-1 Limit:-1 Start:-1 End:-1 ExpectedType: ActualType:}} Provider:<nil> Outcome: Refunded:false}"
2026/09/22 10:16:35 INFO generation_trace event="{RelatedRunID: ActorKind: RequestID:req_19UdWQbc18Vey92HMCR7HQ RunID:01a0c6e6-9637-7884-a774-cc0587336f15 ModelID:01a0c6e6-8ff6-71ad-96ce-894a47539c5b Sequence:166 ElapsedMS:18 Kind:check_begin Late:false Fact:{Stage:content_validate State:running BeginMS:15 EndMS:-1 DurationMS:-1 Check:passage_relations Detail:{Reason: Field: Target:0 Actual:-1 Limit:-1 Start:-1 End:-1 ExpectedType: ActualType:}} Provider:<nil> Outcome: Refunded:false}"
2026/09/22 10:16:35 INFO generation_trace event="{RelatedRunID: ActorKind: RequestID:req_19UdWQbc18Vey92HMCR7HQ RunID:01a0c6e6-9637-7884-a774-cc0587336f15 ModelID:01a0c6e6-8ff6-71ad-96ce-894a47539c5b Sequence:167 ElapsedMS:18 Kind:check_end Late:false Fact:{Stage:content_validate State:ok BeginMS:15 EndMS:-1 DurationMS:-1 Check:passage_relations Detail:{Reason: Field: Target:0 Actual:-1 Limit:-1 Start:-1 End:-1 ExpectedType: ActualType:}} Provider:<nil> Outcome: Refunded:false}"
2026/09/22 10:16:35 INFO generation_trace event="{RelatedRunID: ActorKind: RequestID:req_19UdWQbc18Vey92HMCR7HQ RunID:01a0c6e6-9637-7884-a774-cc0587336f15 ModelID:01a0c6e6-8ff6-71ad-96ce-894a47539c5b Sequence:168 ElapsedMS:18 Kind:check_begin Late:false Fact:{Stage:content_validate State:running BeginMS:15 EndMS:-1 DurationMS:-1 Check:hint_relations Detail:{Reason: Field: Target:0 Actual:-1 Limit:-1 Start:-1 End:-1 ExpectedType: ActualType:}} Provider:<nil> Outcome: Refunded:false}"
2026/09/22 10:16:35 INFO generation_trace event="{RelatedRunID: ActorKind: RequestID:req_19UdWQbc18Vey92HMCR7HQ RunID:01a0c6e6-9637-7884-a774-cc0587336f15 ModelID:01a0c6e6-8ff6-71ad-96ce-894a47539c5b Sequence:169 ElapsedMS:18 Kind:check_end Late:false Fact:{Stage:content_validate State:ok BeginMS:15 EndMS:-1 DurationMS:-1 Check:hint_relations Detail:{Reason: Field: Target:0 Actual:-1 Limit:-1 Start:-1 End:-1 ExpectedType: ActualType:}} Provider:<nil> Outcome: Refunded:false}"
2026/09/22 10:16:35 INFO generation_trace event="{RelatedRunID: ActorKind: RequestID:req_19UdWQbc18Vey92HMCR7HQ RunID:01a0c6e6-9637-7884-a774-cc0587336f15 ModelID:01a0c6e6-8ff6-71ad-96ce-894a47539c5b Sequence:170 ElapsedMS:18 Kind:check_begin Late:false Fact:{Stage:content_validate State:running BeginMS:15 EndMS:-1 DurationMS:-1 Check:passage_presence Detail:{Reason: Field: Target:0 Actual:-1 Limit:-1 Start:-1 End:-1 ExpectedType: ActualType:}} Provider:<nil> Outcome: Refunded:false}"
2026/09/22 10:16:35 INFO generation_trace event="{RelatedRunID: ActorKind: RequestID:req_19UdWQbc18Vey92HMCR7HQ RunID:01a0c6e6-9637-7884-a774-cc0587336f15 ModelID:01a0c6e6-8ff6-71ad-96ce-894a47539c5b Sequence:171 ElapsedMS:19 Kind:check_end Late:false Fact:{Stage:content_validate State:ok BeginMS:15 EndMS:-1 DurationMS:-1 Check:passage_presence Detail:{Reason: Field: Target:0 Actual:-1 Limit:-1 Start:-1 End:-1 ExpectedType: ActualType:}} Provider:<nil> Outcome: Refunded:false}"
2026/09/22 10:16:35 INFO generation_trace event="{RelatedRunID: ActorKind: RequestID:req_19UdWQbc18Vey92HMCR7HQ RunID:01a0c6e6-9637-7884-a774-cc0587336f15 ModelID:01a0c6e6-8ff6-71ad-96ce-894a47539c5b Sequence:172 ElapsedMS:19 Kind:check_begin Late:false Fact:{Stage:content_validate State:running BeginMS:15 EndMS:-1 DurationMS:-1 Check:hint_presence Detail:{Reason: Field: Target:0 Actual:-1 Limit:-1 Start:-1 End:-1 ExpectedType: ActualType:}} Provider:<nil> Outcome: Refunded:false}"
2026/09/22 10:16:35 INFO generation_trace event="{RelatedRunID: ActorKind: RequestID:req_19UdWQbc18Vey92HMCR7HQ RunID:01a0c6e6-9637-7884-a774-cc0587336f15 ModelID:01a0c6e6-8ff6-71ad-96ce-894a47539c5b Sequence:173 ElapsedMS:19 Kind:check_end Late:false Fact:{Stage:content_validate State:ok BeginMS:15 EndMS:-1 DurationMS:-1 Check:hint_presence Detail:{Reason: Field: Target:0 Actual:-1 Limit:-1 Start:-1 End:-1 ExpectedType: ActualType:}} Provider:<nil> Outcome: Refunded:false}"
2026/09/22 10:16:35 INFO generation_trace event="{RelatedRunID: ActorKind: RequestID:req_19UdWQbc18Vey92HMCR7HQ RunID:01a0c6e6-9637-7884-a774-cc0587336f15 ModelID:01a0c6e6-8ff6-71ad-96ce-894a47539c5b Sequence:174 ElapsedMS:19 Kind:check_begin Late:false Fact:{Stage:content_validate State:running BeginMS:15 EndMS:-1 DurationMS:-1 Check:collision Detail:{Reason: Field: Target:-1 Actual:-1 Limit:-1 Start:-1 End:-1 ExpectedType: ActualType:}} Provider:<nil> Outcome: Refunded:false}"
2026/09/22 10:16:35 INFO generation_trace event="{RelatedRunID: ActorKind: RequestID:req_19UdWQbc18Vey92HMCR7HQ RunID:01a0c6e6-9637-7884-a774-cc0587336f15 ModelID:01a0c6e6-8ff6-71ad-96ce-894a47539c5b Sequence:175 ElapsedMS:19 Kind:check_end Late:false Fact:{Stage:content_validate State:ok BeginMS:15 EndMS:-1 DurationMS:-1 Check:collision Detail:{Reason: Field: Target:-1 Actual:-1 Limit:-1 Start:-1 End:-1 ExpectedType: ActualType:}} Provider:<nil> Outcome: Refunded:false}"
2026/09/22 10:16:35 INFO generation_trace event="{RelatedRunID: ActorKind: RequestID:req_19UdWQbc18Vey92HMCR7HQ RunID:01a0c6e6-9637-7884-a774-cc0587336f15 ModelID:01a0c6e6-8ff6-71ad-96ce-894a47539c5b Sequence:176 ElapsedMS:19 Kind:check_begin Late:false Fact:{Stage:content_validate State:running BeginMS:15 EndMS:-1 DurationMS:-1 Check:context Detail:{Reason: Field: Target:-1 Actual:-1 Limit:-1 Start:-1 End:-1 ExpectedType: ActualType:}} Provider:<nil> Outcome: Refunded:false}"
2026/09/22 10:16:35 INFO generation_trace event="{RelatedRunID: ActorKind: RequestID:req_19UdWQbc18Vey92HMCR7HQ RunID:01a0c6e6-9637-7884-a774-cc0587336f15 ModelID:01a0c6e6-8ff6-71ad-96ce-894a47539c5b Sequence:177 ElapsedMS:19 Kind:check_end Late:false Fact:{Stage:content_validate State:ok BeginMS:15 EndMS:19 DurationMS:4 Check:context Detail:{Reason: Field: Target:-1 Actual:-1 Limit:-1 Start:-1 End:-1 ExpectedType: ActualType:}} Provider:<nil> Outcome: Refunded:false}"
2026/09/22 10:16:35 INFO generation_trace event="{RelatedRunID: ActorKind: RequestID:req_19UdWQbc18Vey92HMCR7HQ RunID:01a0c6e6-9637-7884-a774-cc0587336f15 ModelID:01a0c6e6-8ff6-71ad-96ce-894a47539c5b Sequence:178 ElapsedMS:19 Kind:stage_end Late:false Fact:{Stage:content_validate State:ok BeginMS:15 EndMS:19 DurationMS:4 Check:context Detail:{Reason: Field: Target:-1 Actual:-1 Limit:-1 Start:-1 End:-1 ExpectedType: ActualType:}} Provider:<nil> Outcome: Refunded:false}"
2026/09/22 10:16:35 INFO generation_trace event="{RelatedRunID: ActorKind: RequestID:req_19UdWQbc18Vey92HMCR7HQ RunID:01a0c6e6-9637-7884-a774-cc0587336f15 ModelID:01a0c6e6-8ff6-71ad-96ce-894a47539c5b Sequence:179 ElapsedMS:19 Kind:stage_begin Late:false Fact:{Stage:draft_commit State:running BeginMS:19 EndMS:-1 DurationMS:-1 Check: Detail:{Reason: Field: Target:-1 Actual:-1 Limit:-1 Start:-1 End:-1 ExpectedType: ActualType:}} Provider:<nil> Outcome: Refunded:false}"
2026/09/22 10:16:35 INFO generation_trace event="{RelatedRunID: ActorKind: RequestID:req_19UdWQbc18Vey92HMCR7HQ RunID:01a0c6e6-9637-7884-a774-cc0587336f15 ModelID:01a0c6e6-8ff6-71ad-96ce-894a47539c5b Sequence:180 ElapsedMS:19 Kind:check_begin Late:false Fact:{Stage:draft_commit State:running BeginMS:19 EndMS:-1 DurationMS:-1 Check:snapshot Detail:{Reason: Field: Target:-1 Actual:-1 Limit:-1 Start:-1 End:-1 ExpectedType: ActualType:}} Provider:<nil> Outcome: Refunded:false}"
2026/09/22 10:16:35 INFO generation_trace event="{RelatedRunID: ActorKind: RequestID:req_19UdWQbc18Vey92HMCR7HQ RunID:01a0c6e6-9637-7884-a774-cc0587336f15 ModelID:01a0c6e6-8ff6-71ad-96ce-894a47539c5b Sequence:181 ElapsedMS:19 Kind:check_end Late:false Fact:{Stage:draft_commit State:ok BeginMS:19 EndMS:-1 DurationMS:-1 Check:snapshot Detail:{Reason: Field: Target:-1 Actual:-1 Limit:-1 Start:-1 End:-1 ExpectedType: ActualType:}} Provider:<nil> Outcome: Refunded:false}"
2026/09/22 10:16:35 INFO generation_trace event="{RelatedRunID: ActorKind: RequestID:req_19UdWQbc18Vey92HMCR7HQ RunID:01a0c6e6-9637-7884-a774-cc0587336f15 ModelID:01a0c6e6-8ff6-71ad-96ce-894a47539c5b Sequence:182 ElapsedMS:19 Kind:check_begin Late:false Fact:{Stage:draft_commit State:running BeginMS:19 EndMS:-1 DurationMS:-1 Check:draft_encode Detail:{Reason: Field: Target:-1 Actual:-1 Limit:-1 Start:-1 End:-1 ExpectedType: ActualType:}} Provider:<nil> Outcome: Refunded:false}"
2026/09/22 10:16:35 INFO generation_trace event="{RelatedRunID: ActorKind: RequestID:req_19UdWQbc18Vey92HMCR7HQ RunID:01a0c6e6-9637-7884-a774-cc0587336f15 ModelID:01a0c6e6-8ff6-71ad-96ce-894a47539c5b Sequence:183 ElapsedMS:19 Kind:check_end Late:false Fact:{Stage:draft_commit State:ok BeginMS:19 EndMS:-1 DurationMS:-1 Check:draft_encode Detail:{Reason: Field: Target:-1 Actual:-1 Limit:-1 Start:-1 End:-1 ExpectedType: ActualType:}} Provider:<nil> Outcome: Refunded:false}"
2026/09/22 10:16:35 INFO generation_trace event="{RelatedRunID: ActorKind: RequestID:req_19UdWQbc18Vey92HMCR7HQ RunID:01a0c6e6-9637-7884-a774-cc0587336f15 ModelID:01a0c6e6-8ff6-71ad-96ce-894a47539c5b Sequence:184 ElapsedMS:19 Kind:check_begin Late:false Fact:{Stage:draft_commit State:running BeginMS:19 EndMS:-1 DurationMS:-1 Check:transaction_begin Detail:{Reason: Field: Target:-1 Actual:-1 Limit:-1 Start:-1 End:-1 ExpectedType: ActualType:}} Provider:<nil> Outcome: Refunded:false}"
2026/09/22 10:16:35 INFO generation_trace event="{RelatedRunID: ActorKind: RequestID:req_19UdWQbc18Vey92HMCR7HQ RunID:01a0c6e6-9637-7884-a774-cc0587336f15 ModelID:01a0c6e6-8ff6-71ad-96ce-894a47539c5b Sequence:185 ElapsedMS:20 Kind:check_end Late:false Fact:{Stage:draft_commit State:ok BeginMS:19 EndMS:-1 DurationMS:-1 Check:transaction_begin Detail:{Reason: Field: Target:-1 Actual:-1 Limit:-1 Start:-1 End:-1 ExpectedType: ActualType:}} Provider:<nil> Outcome: Refunded:false}"
2026/09/22 10:16:35 INFO generation_trace event="{RelatedRunID: ActorKind: RequestID:req_19UdWQbc18Vey92HMCR7HQ RunID:01a0c6e6-9637-7884-a774-cc0587336f15 ModelID:01a0c6e6-8ff6-71ad-96ce-894a47539c5b Sequence:186 ElapsedMS:20 Kind:check_begin Late:false Fact:{Stage:draft_commit State:running BeginMS:19 EndMS:-1 DurationMS:-1 Check:cas Detail:{Reason: Field: Target:-1 Actual:-1 Limit:-1 Start:-1 End:-1 ExpectedType: ActualType:}} Provider:<nil> Outcome: Refunded:false}"
2026/09/22 10:16:35 INFO generation_trace event="{RelatedRunID: ActorKind: RequestID:req_19UdWQbc18Vey92HMCR7HQ RunID:01a0c6e6-9637-7884-a774-cc0587336f15 ModelID:01a0c6e6-8ff6-71ad-96ce-894a47539c5b Sequence:187 ElapsedMS:21 Kind:check_end Late:false Fact:{Stage:draft_commit State:ok BeginMS:19 EndMS:-1 DurationMS:-1 Check:cas Detail:{Reason: Field: Target:-1 Actual:-1 Limit:-1 Start:-1 End:-1 ExpectedType: ActualType:}} Provider:<nil> Outcome: Refunded:false}"
2026/09/22 10:16:35 INFO generation_trace event="{RelatedRunID: ActorKind: RequestID:req_19UdWQbc18Vey92HMCR7HQ RunID:01a0c6e6-9637-7884-a774-cc0587336f15 ModelID:01a0c6e6-8ff6-71ad-96ce-894a47539c5b Sequence:188 ElapsedMS:21 Kind:check_begin Late:false Fact:{Stage:draft_commit State:running BeginMS:19 EndMS:-1 DurationMS:-1 Check:draft_insert Detail:{Reason: Field: Target:-1 Actual:-1 Limit:-1 Start:-1 End:-1 ExpectedType: ActualType:}} Provider:<nil> Outcome: Refunded:false}"
2026/09/22 10:16:35 INFO generation_trace event="{RelatedRunID: ActorKind: RequestID:req_19UdWQbc18Vey92HMCR7HQ RunID:01a0c6e6-9637-7884-a774-cc0587336f15 ModelID:01a0c6e6-8ff6-71ad-96ce-894a47539c5b Sequence:189 ElapsedMS:22 Kind:check_end Late:false Fact:{Stage:draft_commit State:ok BeginMS:19 EndMS:-1 DurationMS:-1 Check:draft_insert Detail:{Reason: Field: Target:-1 Actual:-1 Limit:-1 Start:-1 End:-1 ExpectedType: ActualType:}} Provider:<nil> Outcome: Refunded:false}"
2026/09/22 10:16:35 INFO generation_trace event="{RelatedRunID: ActorKind: RequestID:req_19UdWQbc18Vey92HMCR7HQ RunID:01a0c6e6-9637-7884-a774-cc0587336f15 ModelID:01a0c6e6-8ff6-71ad-96ce-894a47539c5b Sequence:190 ElapsedMS:22 Kind:check_begin Late:false Fact:{Stage:draft_commit State:running BeginMS:19 EndMS:-1 DurationMS:-1 Check:transaction_commit Detail:{Reason: Field: Target:-1 Actual:-1 Limit:-1 Start:-1 End:-1 ExpectedType: ActualType:}} Provider:<nil> Outcome: Refunded:false}"
2026/09/22 10:16:35 INFO generation_trace event="{RelatedRunID: ActorKind: RequestID:req_19UdWQbc18Vey92HMCR7HQ RunID:01a0c6e6-9637-7884-a774-cc0587336f15 ModelID:01a0c6e6-8ff6-71ad-96ce-894a47539c5b Sequence:191 ElapsedMS:22 Kind:outcome_confirmed Late:false Fact:{Stage: State: BeginMS:0 EndMS:0 DurationMS:0 Check: Detail:{Reason: Field: Target:0 Actual:0 Limit:0 Start:0 End:0 ExpectedType: ActualType:}} Provider:<nil> Outcome:valid Refunded:false}"
2026/09/22 10:16:35 INFO generation_trace event="{RelatedRunID: ActorKind: RequestID:req_19UdWQbc18Vey92HMCR7HQ RunID:01a0c6e6-9637-7884-a774-cc0587336f15 ModelID:01a0c6e6-8ff6-71ad-96ce-894a47539c5b Sequence:192 ElapsedMS:22 Kind:check_end Late:false Fact:{Stage:draft_commit State:ok BeginMS:19 EndMS:22 DurationMS:3 Check:transaction_commit Detail:{Reason: Field: Target:-1 Actual:-1 Limit:-1 Start:-1 End:-1 ExpectedType: ActualType:}} Provider:<nil> Outcome: Refunded:false}"
2026/09/22 10:16:35 INFO generation_trace event="{RelatedRunID: ActorKind: RequestID:req_19UdWQbc18Vey92HMCR7HQ RunID:01a0c6e6-9637-7884-a774-cc0587336f15 ModelID:01a0c6e6-8ff6-71ad-96ce-894a47539c5b Sequence:193 ElapsedMS:22 Kind:stage_end Late:false Fact:{Stage:draft_commit State:ok BeginMS:19 EndMS:22 DurationMS:3 Check:transaction_commit Detail:{Reason: Field: Target:-1 Actual:-1 Limit:-1 Start:-1 End:-1 ExpectedType: ActualType:}} Provider:<nil> Outcome: Refunded:false}"
2026/09/22 10:16:35 INFO generation_trace event="{RelatedRunID: ActorKind: RequestID:req_19UdWQbc18Vey92HMCR7HQ RunID:01a0c6e6-9637-7884-a774-cc0587336f15 ModelID:01a0c6e6-8ff6-71ad-96ce-894a47539c5b Sequence:194 ElapsedMS:22 Kind:fact Late:false Fact:{Stage:delivery State:running BeginMS:9 EndMS:-1 DurationMS:-1 Check:validated Detail:{Reason: Field: Target:-1 Actual:917 Limit:-1 Start:-1 End:-1 ExpectedType: ActualType:}} Provider:<nil> Outcome: Refunded:false}"
2026/09/22 10:16:35 INFO generation_trace event="{RelatedRunID: ActorKind: RequestID:req_19UdWQbc18Vey92HMCR7HQ RunID:01a0c6e6-9637-7884-a774-cc0587336f15 ModelID:01a0c6e6-8ff6-71ad-96ce-894a47539c5b Sequence:195 ElapsedMS:22 Kind:stage_end Late:false Fact:{Stage:delivery State:ok BeginMS:9 EndMS:22 DurationMS:13 Check: Detail:{Reason: Field: Target:-1 Actual:-1 Limit:-1 Start:-1 End:-1 ExpectedType: ActualType:}} Provider:<nil> Outcome: Refunded:false}"
2026/09/22 10:16:35 INFO ai_generation_request_finished request_id=req_19UdWQbc18Vey92HMCR7HQ run_id=01a0c6e6-9637-7884-a774-cc0587336f15 model_id=01a0c6e6-8ff6-71ad-96ce-894a47539c5b elapsed_ms=21
2026/09/22 10:16:35 INFO http_request request_id=req_19UdWQbc18Vey92HMCR7HQ method=POST route=/api/v1/generations/stream status=200 duration_ms=22
2026/09/22 10:16:35 INFO generation_trace event="{RelatedRunID: ActorKind: RequestID:req_19UdWQbc18Vey92HMCR7HQ RunID:01a0c6e6-9637-7884-a774-cc0587336f15 ModelID:01a0c6e6-8ff6-71ad-96ce-894a47539c5b Sequence:196 ElapsedMS:22 Kind:check_end Late:false Fact:{Stage:request State:ok BeginMS:0 EndMS:22 DurationMS:22 Check:body Detail:{Reason: Field: Target:-1 Actual:-1 Limit:-1 Start:-1 End:-1 ExpectedType: ActualType:}} Provider:<nil> Outcome: Refunded:false}"
2026/09/22 10:16:35 INFO generation_trace event="{RelatedRunID: ActorKind: RequestID:req_19UdWQbc18Vey92HMCR7HQ RunID:01a0c6e6-9637-7884-a774-cc0587336f15 ModelID:01a0c6e6-8ff6-71ad-96ce-894a47539c5b Sequence:197 ElapsedMS:22 Kind:stage_end Late:false Fact:{Stage:request State:ok BeginMS:0 EndMS:22 DurationMS:22 Check:body Detail:{Reason: Field: Target:-1 Actual:-1 Limit:-1 Start:-1 End:-1 ExpectedType: ActualType:}} Provider:<nil> Outcome: Refunded:false}"
2026/09/22 10:16:35 INFO generation_summary summary="{RequestID:req_19UdWQbc18Vey92HMCR7HQ RunID:01a0c6e6-9637-7884-a774-cc0587336f15 ModelID:01a0c6e6-8ff6-71ad-96ce-894a47539c5b ElapsedMS:23 Stages:[{Stage:request State:ok BeginMS:0 EndMS:22 DurationMS:22 Check:body Detail:{Reason: Field: Target:-1 Actual:-1 Limit:-1 Start:-1 End:-1 ExpectedType: ActualType:}} {Stage:preflight State:ok BeginMS:1 EndMS:6 DurationMS:5 Check:transaction_commit Detail:{Reason: Field: Target:-1 Actual:-1 Limit:-1 Start:-1 End:-1 ExpectedType: ActualType:}} {Stage:provider_open State:ok BeginMS:6 EndMS:9 DurationMS:3 Check:response_headers Detail:{Reason: Field: Target:-1 Actual:-1 Limit:-1 Start:-1 End:-1 ExpectedType: ActualType:}} {Stage:provider_stream State:ok BeginMS:10 EndMS:10 DurationMS:0 Check: Detail:{Reason: Field: Target:-1 Actual:-1 Limit:-1 Start:-1 End:-1 ExpectedType: ActualType:}} {Stage:passage_decode State:ok BeginMS:10 EndMS:14 DurationMS:4 Check:clean_consistency Detail:{Reason: Field: Target:-1 Actual:-1 Limit:-1 Start:-1 End:-1 ExpectedType: ActualType:}} {Stage:candidate_decode State:ok BeginMS:10 EndMS:14 DurationMS:4 Check:hint_size Detail:{Reason: Field: Target:-1 Actual:-1 Limit:-1 Start:-1 End:-1 ExpectedType: ActualType:}} {Stage:content_validate State:ok BeginMS:15 EndMS:19 DurationMS:4 Check:context Detail:{Reason: Field: Target:-1 Actual:-1 Limit:-1 Start:-1 End:-1 ExpectedType: ActualType:}} {Stage:draft_commit State:ok BeginMS:19 EndMS:22 DurationMS:3 Check:transaction_commit Detail:{Reason: Field: Target:-1 Actual:-1 Limit:-1 Start:-1 End:-1 ExpectedType: ActualType:}} {Stage:settlement State:not_run BeginMS:-1 EndMS:-1 DurationMS:-1 Check: Detail:{Reason: Field: Target:-1 Actual:-1 Limit:-1 Start:-1 End:-1 ExpectedType: ActualType:}} {Stage:delivery State:ok BeginMS:9 EndMS:22 DurationMS:13 Check: Detail:{Reason: Field: Target:-1 Actual:-1 Limit:-1 Start:-1 End:-1 ExpectedType: ActualType:}} {Stage:continuation State:not_run BeginMS:-1 EndMS:-1 DurationMS:-1 Check: Detail:{Reason: Field: Target:-1 Actual:-1 Limit:-1 Start:-1 End:-1 ExpectedType: ActualType:}}] FirstFailure:<nil> Outcome:valid Refunded:false Pending:false}"
2026/09/22 10:16:35 INFO http_request request_id=req_jHxktlVZew-iJ286ev4_ZQ method=POST route=/api/v1/generations/{run_id}/save status=201 duration_ms=5
2026/09/22 10:16:35 INFO http_request request_id=req__xDKh8qW5JLoUMFNWHGGDw method=GET route=/api/v1/me/batches status=200 duration_ms=1
2026/09/22 10:16:35 INFO http_request request_id=req_5F9kSfLiEpU42b-otOZ3TA method=GET route=/api/v1/me/batches/{batch_id} status=200 duration_ms=2
2026/09/22 10:16:35 INFO http_request request_id=req_up7hQQj0KT94K-l9jYBXdg method=POST route=/api/v1/me/review-sessions status=201 duration_ms=5
2026/09/22 10:16:35 INFO http_request request_id=req_eXHg3LAgALiM3orfBluY0Q method=POST route=/api/v1/me/review-sessions/{session_id}/attempts status=201 duration_ms=4
2026/09/22 10:16:35 INFO http_request request_id=req__dmUR-7_QW1cjZkMJnWkjg method=POST route=/api/v1/* status=404 duration_ms=0
2026/09/22 10:16:35 INFO http_request request_id=req_2h43kVX6lgk1RasE5LFD7g method=POST route=/api/v1/me/review-attempts/{attempt_id}/submit status=200 duration_ms=5
2026/09/22 10:16:35 INFO http_request request_id=req_WDovMEXS8WQE8q1f-S37mQ method=POST route=/api/v1/me/review-attempts/{attempt_id}/submit status=200 duration_ms=2
2026/09/22 10:16:35 INFO http_request request_id=req_V5AoofufI6jl3DOzPbjyaw method=GET route=/api/v1/me/review-attempts/{attempt_id} status=200 duration_ms=1
2026/09/22 10:16:35 INFO http_request request_id=req_ioraxTvT4BxhdeMpAqhSmQ method=GET route=/api/v1/admin/users status=200 duration_ms=0
2026/09/22 10:16:35 INFO http_request request_id=req_rTpEWGBcef1EU6dYwRwf8Q method=GET route=/api/v1/admin/users/{user_id}/batches status=200 duration_ms=1
2026/09/22 10:16:35 INFO http_request request_id=req_76FNPTpSNAHEoOvAyvHXOg method=DELETE route=/api/v1/me/batches/{batch_id} status=204 duration_ms=2
2026/09/22 10:16:35 INFO http_request request_id=req_F-sFMz4fWqopOpJ516PXuA method=GET route=/api/v1/me/batches/{batch_id} status=404 duration_ms=0
2026/09/22 10:16:35 INFO generation_trace event="{RelatedRunID: ActorKind: RequestID:req__F-GBinoeOi9_PeiW6Ppww RunID: ModelID: Sequence:1 ElapsedMS:0 Kind:stage_begin Late:false Fact:{Stage:request State:running BeginMS:0 EndMS:-1 DurationMS:-1 Check: Detail:{Reason: Field: Target:-1 Actual:-1 Limit:-1 Start:-1 End:-1 ExpectedType: ActualType:}} Provider:<nil> Outcome: Refunded:false}"
2026/09/22 10:16:35 INFO generation_trace event="{RelatedRunID: ActorKind: RequestID:req__F-GBinoeOi9_PeiW6Ppww RunID: ModelID: Sequence:2 ElapsedMS:0 Kind:check_begin Late:false Fact:{Stage:request State:running BeginMS:0 EndMS:-1 DurationMS:-1 Check:identity Detail:{Reason: Field: Target:-1 Actual:-1 Limit:-1 Start:-1 End:-1 ExpectedType: ActualType:}} Provider:<nil> Outcome: Refunded:false}"
2026/09/22 10:16:35 INFO generation_trace event="{RelatedRunID: ActorKind:account RequestID:req__F-GBinoeOi9_PeiW6Ppww RunID: ModelID: Sequence:3 ElapsedMS:0 Kind:actor_resolved Late:false Fact:{Stage: State: BeginMS:0 EndMS:0 DurationMS:0 Check: Detail:{Reason: Field: Target:0 Actual:0 Limit:0 Start:0 End:0 ExpectedType: ActualType:}} Provider:<nil> Outcome: Refunded:false}"
2026/09/22 10:16:35 INFO generation_trace event="{RelatedRunID: ActorKind: RequestID:req__F-GBinoeOi9_PeiW6Ppww RunID: ModelID: Sequence:4 ElapsedMS:0 Kind:check_end Late:false Fact:{Stage:request State:ok BeginMS:0 EndMS:-1 DurationMS:-1 Check:identity Detail:{Reason: Field: Target:-1 Actual:-1 Limit:-1 Start:-1 End:-1 ExpectedType: ActualType:}} Provider:<nil> Outcome: Refunded:false}"
2026/09/22 10:16:35 INFO generation_trace event="{RelatedRunID: ActorKind: RequestID:req__F-GBinoeOi9_PeiW6Ppww RunID: ModelID: Sequence:5 ElapsedMS:0 Kind:check_begin Late:false Fact:{Stage:request State:running BeginMS:0 EndMS:-1 DurationMS:-1 Check:origin Detail:{Reason: Field: Target:-1 Actual:-1 Limit:-1 Start:-1 End:-1 ExpectedType: ActualType:}} Provider:<nil> Outcome: Refunded:false}"
2026/09/22 10:16:35 INFO generation_trace event="{RelatedRunID: ActorKind: RequestID:req__F-GBinoeOi9_PeiW6Ppww RunID: ModelID: Sequence:6 ElapsedMS:0 Kind:check_end Late:false Fact:{Stage:request State:ok BeginMS:0 EndMS:-1 DurationMS:-1 Check:origin Detail:{Reason: Field: Target:-1 Actual:-1 Limit:-1 Start:-1 End:-1 ExpectedType: ActualType:}} Provider:<nil> Outcome: Refunded:false}"
2026/09/22 10:16:35 INFO generation_trace event="{RelatedRunID: ActorKind: RequestID:req__F-GBinoeOi9_PeiW6Ppww RunID: ModelID: Sequence:7 ElapsedMS:0 Kind:check_begin Late:false Fact:{Stage:request State:running BeginMS:0 EndMS:-1 DurationMS:-1 Check:content_type Detail:{Reason: Field: Target:-1 Actual:-1 Limit:-1 Start:-1 End:-1 ExpectedType: ActualType:}} Provider:<nil> Outcome: Refunded:false}"
2026/09/22 10:16:35 INFO generation_trace event="{RelatedRunID: ActorKind: RequestID:req__F-GBinoeOi9_PeiW6Ppww RunID: ModelID: Sequence:8 ElapsedMS:0 Kind:check_end Late:false Fact:{Stage:request State:ok BeginMS:0 EndMS:-1 DurationMS:-1 Check:content_type Detail:{Reason: Field: Target:-1 Actual:-1 Limit:-1 Start:-1 End:-1 ExpectedType: ActualType:}} Provider:<nil> Outcome: Refunded:false}"
2026/09/22 10:16:35 INFO generation_trace event="{RelatedRunID: ActorKind: RequestID:req__F-GBinoeOi9_PeiW6Ppww RunID: ModelID: Sequence:9 ElapsedMS:0 Kind:check_begin Late:false Fact:{Stage:request State:running BeginMS:0 EndMS:-1 DurationMS:-1 Check:csrf Detail:{Reason: Field: Target:-1 Actual:-1 Limit:-1 Start:-1 End:-1 ExpectedType: ActualType:}} Provider:<nil> Outcome: Refunded:false}"
2026/09/22 10:16:35 INFO generation_trace event="{RelatedRunID: ActorKind: RequestID:req__F-GBinoeOi9_PeiW6Ppww RunID: ModelID: Sequence:10 ElapsedMS:0 Kind:check_end Late:false Fact:{Stage:request State:ok BeginMS:0 EndMS:-1 DurationMS:-1 Check:csrf Detail:{Reason: Field: Target:-1 Actual:-1 Limit:-1 Start:-1 End:-1 ExpectedType: ActualType:}} Provider:<nil> Outcome: Refunded:false}"
2026/09/22 10:16:35 INFO generation_trace event="{RelatedRunID: ActorKind: RequestID:req__F-GBinoeOi9_PeiW6Ppww RunID: ModelID: Sequence:11 ElapsedMS:0 Kind:check_begin Late:false Fact:{Stage:request State:running BeginMS:0 EndMS:-1 DurationMS:-1 Check:body Detail:{Reason: Field: Target:-1 Actual:-1 Limit:-1 Start:-1 End:-1 ExpectedType: ActualType:}} Provider:<nil> Outcome: Refunded:false}"
2026/09/22 10:16:35 INFO generation_trace event="{RelatedRunID: ActorKind: RequestID:req__F-GBinoeOi9_PeiW6Ppww RunID: ModelID: Sequence:12 ElapsedMS:1 Kind:stage_begin Late:false Fact:{Stage:preflight State:running BeginMS:1 EndMS:-1 DurationMS:-1 Check: Detail:{Reason: Field: Target:-1 Actual:-1 Limit:-1 Start:-1 End:-1 ExpectedType: ActualType:}} Provider:<nil> Outcome: Refunded:false}"
2026/09/22 10:16:35 INFO generation_trace event="{RelatedRunID: ActorKind: RequestID:req__F-GBinoeOi9_PeiW6Ppww RunID: ModelID: Sequence:13 ElapsedMS:1 Kind:check_begin Late:false Fact:{Stage:preflight State:running BeginMS:1 EndMS:-1 DurationMS:-1 Check:input Detail:{Reason: Field: Target:-1 Actual:-1 Limit:-1 Start:-1 End:-1 ExpectedType: ActualType:}} Provider:<nil> Outcome: Refunded:false}"
2026/09/22 10:16:35 INFO generation_trace event="{RelatedRunID: ActorKind: RequestID:req__F-GBinoeOi9_PeiW6Ppww RunID: ModelID: Sequence:14 ElapsedMS:1 Kind:check_end Late:false Fact:{Stage:preflight State:ok BeginMS:1 EndMS:-1 DurationMS:-1 Check:input Detail:{Reason: Field: Target:-1 Actual:-1 Limit:-1 Start:-1 End:-1 ExpectedType: ActualType:}} Provider:<nil> Outcome: Refunded:false}"
2026/09/22 10:16:35 INFO generation_trace event="{RelatedRunID: ActorKind: RequestID:req__F-GBinoeOi9_PeiW6Ppww RunID: ModelID: Sequence:15 ElapsedMS:1 Kind:check_begin Late:false Fact:{Stage:preflight State:running BeginMS:1 EndMS:-1 DurationMS:-1 Check:transaction_begin Detail:{Reason: Field: Target:-1 Actual:-1 Limit:-1 Start:-1 End:-1 ExpectedType: ActualType:}} Provider:<nil> Outcome: Refunded:false}"
2026/09/22 10:16:35 INFO generation_trace event="{RelatedRunID: ActorKind: RequestID:req__F-GBinoeOi9_PeiW6Ppww RunID: ModelID: Sequence:16 ElapsedMS:1 Kind:check_end Late:false Fact:{Stage:preflight State:ok BeginMS:1 EndMS:-1 DurationMS:-1 Check:transaction_begin Detail:{Reason: Field: Target:-1 Actual:-1 Limit:-1 Start:-1 End:-1 ExpectedType: ActualType:}} Provider:<nil> Outcome: Refunded:false}"
2026/09/22 10:16:35 INFO generation_trace event="{RelatedRunID: ActorKind: RequestID:req__F-GBinoeOi9_PeiW6Ppww RunID: ModelID: Sequence:17 ElapsedMS:1 Kind:check_begin Late:false Fact:{Stage:preflight State:running BeginMS:1 EndMS:-1 DurationMS:-1 Check:credentials Detail:{Reason: Field: Target:-1 Actual:-1 Limit:-1 Start:-1 End:-1 ExpectedType: ActualType:}} Provider:<nil> Outcome: Refunded:false}"
2026/09/22 10:16:35 INFO generation_trace event="{RelatedRunID: ActorKind: RequestID:req__F-GBinoeOi9_PeiW6Ppww RunID: ModelID: Sequence:18 ElapsedMS:1 Kind:check_end Late:false Fact:{Stage:preflight State:ok BeginMS:1 EndMS:-1 DurationMS:-1 Check:credentials Detail:{Reason: Field: Target:-1 Actual:-1 Limit:-1 Start:-1 End:-1 ExpectedType: ActualType:}} Provider:<nil> Outcome: Refunded:false}"
2026/09/22 10:16:35 INFO generation_trace event="{RelatedRunID: ActorKind: RequestID:req__F-GBinoeOi9_PeiW6Ppww RunID: ModelID: Sequence:19 ElapsedMS:1 Kind:check_begin Late:false Fact:{Stage:preflight State:running BeginMS:1 EndMS:-1 DurationMS:-1 Check:actor_lock Detail:{Reason: Field: Target:-1 Actual:-1 Limit:-1 Start:-1 End:-1 ExpectedType: ActualType:}} Provider:<nil> Outcome: Refunded:false}"
2026/09/22 10:16:35 INFO generation_trace event="{RelatedRunID: ActorKind: RequestID:req__F-GBinoeOi9_PeiW6Ppww RunID: ModelID: Sequence:20 ElapsedMS:2 Kind:check_end Late:false Fact:{Stage:preflight State:ok BeginMS:1 EndMS:-1 DurationMS:-1 Check:actor_lock Detail:{Reason: Field: Target:-1 Actual:-1 Limit:-1 Start:-1 End:-1 ExpectedType: ActualType:}} Provider:<nil> Outcome: Refunded:false}"
2026/09/22 10:16:35 INFO generation_trace event="{RelatedRunID: ActorKind: RequestID:req__F-GBinoeOi9_PeiW6Ppww RunID: ModelID: Sequence:21 ElapsedMS:2 Kind:check_begin Late:false Fact:{Stage:preflight State:running BeginMS:1 EndMS:-1 DurationMS:-1 Check:group_policy Detail:{Reason: Field: Target:-1 Actual:-1 Limit:-1 Start:-1 End:-1 ExpectedType: ActualType:}} Provider:<nil> Outcome: Refunded:false}"
2026/09/22 10:16:35 INFO generation_trace event="{RelatedRunID: ActorKind: RequestID:req__F-GBinoeOi9_PeiW6Ppww RunID: ModelID: Sequence:22 ElapsedMS:2 Kind:check_end Late:false Fact:{Stage:preflight State:ok BeginMS:1 EndMS:-1 DurationMS:-1 Check:group_policy Detail:{Reason: Field: Target:-1 Actual:-1 Limit:-1 Start:-1 End:-1 ExpectedType: ActualType:}} Provider:<nil> Outcome: Refunded:false}"
2026/09/22 10:16:35 INFO generation_trace event="{RelatedRunID: ActorKind: RequestID:req__F-GBinoeOi9_PeiW6Ppww RunID: ModelID: Sequence:23 ElapsedMS:2 Kind:check_begin Late:false Fact:{Stage:preflight State:running BeginMS:1 EndMS:-1 DurationMS:-1 Check:model_assignment Detail:{Reason: Field: Target:-1 Actual:-1 Limit:-1 Start:-1 End:-1 ExpectedType: ActualType:}} Provider:<nil> Outcome: Refunded:false}"
2026/09/22 10:16:35 INFO generation_trace event="{RelatedRunID: ActorKind: RequestID:req__F-GBinoeOi9_PeiW6Ppww RunID: ModelID: Sequence:24 ElapsedMS:2 Kind:check_end Late:false Fact:{Stage:preflight State:ok BeginMS:1 EndMS:-1 DurationMS:-1 Check:model_assignment Detail:{Reason: Field: Target:-1 Actual:-1 Limit:-1 Start:-1 End:-1 ExpectedType: ActualType:}} Provider:<nil> Outcome: Refunded:false}"
2026/09/22 10:16:35 INFO generation_trace event="{RelatedRunID: ActorKind: RequestID:req__F-GBinoeOi9_PeiW6Ppww RunID: ModelID: Sequence:25 ElapsedMS:3 Kind:check_begin Late:false Fact:{Stage:preflight State:running BeginMS:1 EndMS:-1 DurationMS:-1 Check:length_assignment Detail:{Reason: Field: Target:-1 Actual:-1 Limit:-1 Start:-1 End:-1 ExpectedType: ActualType:}} Provider:<nil> Outcome: Refunded:false}"
2026/09/22 10:16:35 INFO generation_trace event="{RelatedRunID: ActorKind: RequestID:req__F-GBinoeOi9_PeiW6Ppww RunID: ModelID: Sequence:26 ElapsedMS:3 Kind:check_end Late:false Fact:{Stage:preflight State:ok BeginMS:1 EndMS:-1 DurationMS:-1 Check:length_assignment Detail:{Reason: Field: Target:-1 Actual:-1 Limit:-1 Start:-1 End:-1 ExpectedType: ActualType:}} Provider:<nil> Outcome: Refunded:false}"
2026/09/22 10:16:35 INFO generation_trace event="{RelatedRunID: ActorKind: RequestID:req__F-GBinoeOi9_PeiW6Ppww RunID: ModelID: Sequence:27 ElapsedMS:3 Kind:check_begin Late:false Fact:{Stage:preflight State:running BeginMS:1 EndMS:-1 DurationMS:-1 Check:vocabulary Detail:{Reason: Field: Target:-1 Actual:-1 Limit:-1 Start:-1 End:-1 ExpectedType: ActualType:}} Provider:<nil> Outcome: Refunded:false}"
2026/09/22 10:16:35 INFO generation_trace event="{RelatedRunID: ActorKind: RequestID:req__F-GBinoeOi9_PeiW6Ppww RunID: ModelID: Sequence:28 ElapsedMS:3 Kind:check_end Late:false Fact:{Stage:preflight State:ok BeginMS:1 EndMS:-1 DurationMS:-1 Check:vocabulary Detail:{Reason: Field: Target:-1 Actual:-1 Limit:-1 Start:-1 End:-1 ExpectedType: ActualType:}} Provider:<nil> Outcome: Refunded:false}"
2026/09/22 10:16:35 INFO generation_trace event="{RelatedRunID: ActorKind: RequestID:req__F-GBinoeOi9_PeiW6Ppww RunID: ModelID: Sequence:29 ElapsedMS:3 Kind:check_begin Late:false Fact:{Stage:preflight State:running BeginMS:1 EndMS:-1 DurationMS:-1 Check:quota Detail:{Reason: Field: Target:-1 Actual:-1 Limit:-1 Start:-1 End:-1 ExpectedType: ActualType:}} Provider:<nil> Outcome: Refunded:false}"
2026/09/22 10:16:35 INFO generation_trace event="{RelatedRunID: ActorKind: RequestID:req__F-GBinoeOi9_PeiW6Ppww RunID: ModelID: Sequence:30 ElapsedMS:3 Kind:check_end Late:false Fact:{Stage:preflight State:ok BeginMS:1 EndMS:-1 DurationMS:-1 Check:quota Detail:{Reason: Field: Target:-1 Actual:-1 Limit:-1 Start:-1 End:-1 ExpectedType: ActualType:}} Provider:<nil> Outcome: Refunded:false}"
2026/09/22 10:16:35 INFO generation_trace event="{RelatedRunID: ActorKind: RequestID:req__F-GBinoeOi9_PeiW6Ppww RunID: ModelID: Sequence:31 ElapsedMS:3 Kind:check_begin Late:false Fact:{Stage:preflight State:running BeginMS:1 EndMS:-1 DurationMS:-1 Check:reserve Detail:{Reason: Field: Target:-1 Actual:-1 Limit:-1 Start:-1 End:-1 ExpectedType: ActualType:}} Provider:<nil> Outcome: Refunded:false}"
2026/09/22 10:16:35 INFO generation_trace event="{RelatedRunID: ActorKind: RequestID:req__F-GBinoeOi9_PeiW6Ppww RunID: ModelID: Sequence:32 ElapsedMS:4 Kind:check_end Late:false Fact:{Stage:preflight State:ok BeginMS:1 EndMS:-1 DurationMS:-1 Check:reserve Detail:{Reason: Field: Target:-1 Actual:-1 Limit:-1 Start:-1 End:-1 ExpectedType: ActualType:}} Provider:<nil> Outcome: Refunded:false}"
2026/09/22 10:16:35 INFO generation_trace event="{RelatedRunID: ActorKind: RequestID:req__F-GBinoeOi9_PeiW6Ppww RunID: ModelID: Sequence:33 ElapsedMS:4 Kind:check_begin Late:false Fact:{Stage:preflight State:running BeginMS:1 EndMS:-1 DurationMS:-1 Check:entries Detail:{Reason: Field: Target:-1 Actual:-1 Limit:-1 Start:-1 End:-1 ExpectedType: ActualType:}} Provider:<nil> Outcome: Refunded:false}"
2026/09/22 10:16:35 INFO generation_trace event="{RelatedRunID: ActorKind: RequestID:req__F-GBinoeOi9_PeiW6Ppww RunID: ModelID: Sequence:34 ElapsedMS:4 Kind:check_end Late:false Fact:{Stage:preflight State:ok BeginMS:1 EndMS:-1 DurationMS:-1 Check:entries Detail:{Reason: Field: Target:-1 Actual:-1 Limit:-1 Start:-1 End:-1 ExpectedType: ActualType:}} Provider:<nil> Outcome: Refunded:false}"
2026/09/22 10:16:35 INFO generation_trace event="{RelatedRunID: ActorKind: RequestID:req__F-GBinoeOi9_PeiW6Ppww RunID: ModelID: Sequence:35 ElapsedMS:4 Kind:check_begin Late:false Fact:{Stage:preflight State:running BeginMS:1 EndMS:-1 DurationMS:-1 Check:token Detail:{Reason: Field: Target:-1 Actual:-1 Limit:-1 Start:-1 End:-1 ExpectedType: ActualType:}} Provider:<nil> Outcome: Refunded:false}"
2026/09/22 10:16:35 INFO generation_trace event="{RelatedRunID: ActorKind: RequestID:req__F-GBinoeOi9_PeiW6Ppww RunID: ModelID: Sequence:36 ElapsedMS:4 Kind:check_end Late:false Fact:{Stage:preflight State:ok BeginMS:1 EndMS:-1 DurationMS:-1 Check:token Detail:{Reason: Field: Target:-1 Actual:-1 Limit:-1 Start:-1 End:-1 ExpectedType: ActualType:}} Provider:<nil> Outcome: Refunded:false}"
2026/09/22 10:16:35 INFO generation_trace event="{RelatedRunID: ActorKind: RequestID:req__F-GBinoeOi9_PeiW6Ppww RunID: ModelID: Sequence:37 ElapsedMS:5 Kind:check_begin Late:false Fact:{Stage:preflight State:running BeginMS:1 EndMS:-1 DurationMS:-1 Check:transaction_commit Detail:{Reason: Field: Target:-1 Actual:-1 Limit:-1 Start:-1 End:-1 ExpectedType: ActualType:}} Provider:<nil> Outcome: Refunded:false}"
2026/09/22 10:16:35 INFO generation_trace event="{RelatedRunID: ActorKind: RequestID:req__F-GBinoeOi9_PeiW6Ppww RunID:01a0c6e6-9679-7997-9717-9eae617d3302 ModelID:01a0c6e6-9675-70fe-8476-d7d6250cd0b5 Sequence:38 ElapsedMS:5 Kind:run_bound Late:false Fact:{Stage: State: BeginMS:0 EndMS:0 DurationMS:0 Check: Detail:{Reason: Field: Target:0 Actual:0 Limit:0 Start:0 End:0 ExpectedType: ActualType:}} Provider:<nil> Outcome: Refunded:false}"
2026/09/22 10:16:35 INFO generation_trace event="{RelatedRunID: ActorKind: RequestID:req__F-GBinoeOi9_PeiW6Ppww RunID:01a0c6e6-9679-7997-9717-9eae617d3302 ModelID:01a0c6e6-9675-70fe-8476-d7d6250cd0b5 Sequence:39 ElapsedMS:5 Kind:check_end Late:false Fact:{Stage:preflight State:ok BeginMS:1 EndMS:5 DurationMS:4 Check:transaction_commit Detail:{Reason: Field: Target:-1 Actual:-1 Limit:-1 Start:-1 End:-1 ExpectedType: ActualType:}} Provider:<nil> Outcome: Refunded:false}"
2026/09/22 10:16:35 INFO generation_trace event="{RelatedRunID: ActorKind: RequestID:req__F-GBinoeOi9_PeiW6Ppww RunID:01a0c6e6-9679-7997-9717-9eae617d3302 ModelID:01a0c6e6-9675-70fe-8476-d7d6250cd0b5 Sequence:40 ElapsedMS:5 Kind:stage_end Late:false Fact:{Stage:preflight State:ok BeginMS:1 EndMS:5 DurationMS:4 Check:transaction_commit Detail:{Reason: Field: Target:-1 Actual:-1 Limit:-1 Start:-1 End:-1 ExpectedType: ActualType:}} Provider:<nil> Outcome: Refunded:false}"
2026/09/22 10:16:35 INFO generation_trace event="{RelatedRunID: ActorKind: RequestID:req__F-GBinoeOi9_PeiW6Ppww RunID:01a0c6e6-9679-7997-9717-9eae617d3302 ModelID:01a0c6e6-9675-70fe-8476-d7d6250cd0b5 Sequence:41 ElapsedMS:5 Kind:stage_begin Late:false Fact:{Stage:provider_open State:running BeginMS:5 EndMS:-1 DurationMS:-1 Check: Detail:{Reason: Field: Target:-1 Actual:-1 Limit:-1 Start:-1 End:-1 ExpectedType: ActualType:}} Provider:<nil> Outcome: Refunded:false}"
2026/09/22 10:16:35 INFO generation_trace event="{RelatedRunID: ActorKind: RequestID:req__F-GBinoeOi9_PeiW6Ppww RunID:01a0c6e6-9679-7997-9717-9eae617d3302 ModelID:01a0c6e6-9675-70fe-8476-d7d6250cd0b5 Sequence:42 ElapsedMS:5 Kind:check_begin Late:false Fact:{Stage:provider_open State:running BeginMS:5 EndMS:-1 DurationMS:-1 Check:credentials Detail:{Reason: Field: Target:-1 Actual:-1 Limit:-1 Start:-1 End:-1 ExpectedType: ActualType:}} Provider:<nil> Outcome: Refunded:false}"
2026/09/22 10:16:35 INFO generation_trace event="{RelatedRunID: ActorKind: RequestID:req__F-GBinoeOi9_PeiW6Ppww RunID:01a0c6e6-9679-7997-9717-9eae617d3302 ModelID:01a0c6e6-9675-70fe-8476-d7d6250cd0b5 Sequence:43 ElapsedMS:5 Kind:check_end Late:false Fact:{Stage:provider_open State:ok BeginMS:5 EndMS:-1 DurationMS:-1 Check:credentials Detail:{Reason: Field: Target:-1 Actual:-1 Limit:-1 Start:-1 End:-1 ExpectedType: ActualType:}} Provider:<nil> Outcome: Refunded:false}"
2026/09/22 10:16:35 INFO generation_trace event="{RelatedRunID: ActorKind: RequestID:req__F-GBinoeOi9_PeiW6Ppww RunID:01a0c6e6-9679-7997-9717-9eae617d3302 ModelID:01a0c6e6-9675-70fe-8476-d7d6250cd0b5 Sequence:44 ElapsedMS:5 Kind:check_begin Late:false Fact:{Stage:provider_open State:running BeginMS:5 EndMS:-1 DurationMS:-1 Check:request_encode Detail:{Reason: Field: Target:-1 Actual:-1 Limit:-1 Start:-1 End:-1 ExpectedType: ActualType:}} Provider:<nil> Outcome: Refunded:false}"
2026/09/22 10:16:35 INFO generation_trace event="{RelatedRunID: ActorKind: RequestID:req__F-GBinoeOi9_PeiW6Ppww RunID:01a0c6e6-9679-7997-9717-9eae617d3302 ModelID:01a0c6e6-9675-70fe-8476-d7d6250cd0b5 Sequence:45 ElapsedMS:6 Kind:check_end Late:false Fact:{Stage:provider_open State:ok BeginMS:5 EndMS:-1 DurationMS:-1 Check:request_encode Detail:{Reason: Field: Target:-1 Actual:-1 Limit:-1 Start:-1 End:-1 ExpectedType: ActualType:}} Provider:<nil> Outcome: Refunded:false}"
2026/09/22 10:16:35 INFO generation_trace event="{RelatedRunID: ActorKind: RequestID:req__F-GBinoeOi9_PeiW6Ppww RunID:01a0c6e6-9679-7997-9717-9eae617d3302 ModelID:01a0c6e6-9675-70fe-8476-d7d6250cd0b5 Sequence:46 ElapsedMS:6 Kind:check_begin Late:false Fact:{Stage:provider_open State:running BeginMS:5 EndMS:-1 DurationMS:-1 Check:request_create Detail:{Reason: Field: Target:-1 Actual:-1 Limit:-1 Start:-1 End:-1 ExpectedType: ActualType:}} Provider:<nil> Outcome: Refunded:false}"
2026/09/22 10:16:35 INFO generation_trace event="{RelatedRunID: ActorKind: RequestID:req__F-GBinoeOi9_PeiW6Ppww RunID:01a0c6e6-9679-7997-9717-9eae617d3302 ModelID:01a0c6e6-9675-70fe-8476-d7d6250cd0b5 Sequence:47 ElapsedMS:6 Kind:check_end Late:false Fact:{Stage:provider_open State:ok BeginMS:5 EndMS:-1 DurationMS:-1 Check:request_create Detail:{Reason: Field: Target:-1 Actual:-1 Limit:-1 Start:-1 End:-1 ExpectedType: ActualType:}} Provider:<nil> Outcome: Refunded:false}"
2026/09/22 10:16:35 INFO generation_trace event="{RelatedRunID: ActorKind: RequestID:req__F-GBinoeOi9_PeiW6Ppww RunID:01a0c6e6-9679-7997-9717-9eae617d3302 ModelID:01a0c6e6-9675-70fe-8476-d7d6250cd0b5 Sequence:48 ElapsedMS:6 Kind:check_begin Late:false Fact:{Stage:provider_open State:running BeginMS:5 EndMS:-1 DurationMS:-1 Check:request_send Detail:{Reason: Field: Target:-1 Actual:-1 Limit:-1 Start:-1 End:-1 ExpectedType: ActualType:}} Provider:<nil> Outcome: Refunded:false}"
2026/09/22 10:16:35 INFO generation_trace event="{RelatedRunID: ActorKind: RequestID:req__F-GBinoeOi9_PeiW6Ppww RunID:01a0c6e6-9679-7997-9717-9eae617d3302 ModelID:01a0c6e6-9675-70fe-8476-d7d6250cd0b5 Sequence:49 ElapsedMS:8 Kind:check_end Late:false Fact:{Stage:provider_open State:ok BeginMS:5 EndMS:-1 DurationMS:-1 Check:request_send Detail:{Reason: Field: Target:-1 Actual:-1 Limit:-1 Start:-1 End:-1 ExpectedType: ActualType:}} Provider:<nil> Outcome: Refunded:false}"
2026/09/22 10:16:35 INFO generation_trace event="{RelatedRunID: ActorKind: RequestID:req__F-GBinoeOi9_PeiW6Ppww RunID:01a0c6e6-9679-7997-9717-9eae617d3302 ModelID:01a0c6e6-9675-70fe-8476-d7d6250cd0b5 Sequence:50 ElapsedMS:8 Kind:check_begin Late:false Fact:{Stage:provider_open State:running BeginMS:5 EndMS:-1 DurationMS:-1 Check:response_headers Detail:{Reason: Field: Target:-1 Actual:-1 Limit:-1 Start:-1 End:-1 ExpectedType: ActualType:}} Provider:<nil> Outcome: Refunded:false}"
2026/09/22 10:16:35 INFO generation_trace event="{RelatedRunID: ActorKind: RequestID:req__F-GBinoeOi9_PeiW6Ppww RunID:01a0c6e6-9679-7997-9717-9eae617d3302 ModelID:01a0c6e6-9675-70fe-8476-d7d6250cd0b5 Sequence:51 ElapsedMS:8 Kind:provider Late:false Fact:{Stage:provider_open State:running BeginMS:5 EndMS:-1 DurationMS:-1 Check:response_headers Detail:{Reason: Field: Target:-1 Actual:-1 Limit:-1 Start:-1 End:-1 ExpectedType: ActualType:}} Provider:0xc00402f400 Outcome: Refunded:false}"
2026/09/22 10:16:35 INFO generation_trace event="{RelatedRunID: ActorKind: RequestID:req__F-GBinoeOi9_PeiW6Ppww RunID:01a0c6e6-9679-7997-9717-9eae617d3302 ModelID:01a0c6e6-9675-70fe-8476-d7d6250cd0b5 Sequence:52 ElapsedMS:8 Kind:check_end Late:false Fact:{Stage:provider_open State:ok BeginMS:5 EndMS:8 DurationMS:3 Check:response_headers Detail:{Reason: Field: Target:-1 Actual:-1 Limit:-1 Start:-1 End:-1 ExpectedType: ActualType:}} Provider:<nil> Outcome: Refunded:false}"
2026/09/22 10:16:35 INFO generation_trace event="{RelatedRunID: ActorKind: RequestID:req__F-GBinoeOi9_PeiW6Ppww RunID:01a0c6e6-9679-7997-9717-9eae617d3302 ModelID:01a0c6e6-9675-70fe-8476-d7d6250cd0b5 Sequence:53 ElapsedMS:8 Kind:stage_end Late:false Fact:{Stage:provider_open State:ok BeginMS:5 EndMS:8 DurationMS:3 Check:response_headers Detail:{Reason: Field: Target:-1 Actual:-1 Limit:-1 Start:-1 End:-1 ExpectedType: ActualType:}} Provider:<nil> Outcome: Refunded:false}"
2026/09/22 10:16:35 INFO generation_trace event="{RelatedRunID: ActorKind: RequestID:req__F-GBinoeOi9_PeiW6Ppww RunID:01a0c6e6-9679-7997-9717-9eae617d3302 ModelID:01a0c6e6-9675-70fe-8476-d7d6250cd0b5 Sequence:54 ElapsedMS:8 Kind:stage_begin Late:false Fact:{Stage:delivery State:running BeginMS:8 EndMS:-1 DurationMS:-1 Check: Detail:{Reason: Field: Target:-1 Actual:-1 Limit:-1 Start:-1 End:-1 ExpectedType: ActualType:}} Provider:<nil> Outcome: Refunded:false}"
2026/09/22 10:16:35 INFO generation_trace event="{RelatedRunID: ActorKind: RequestID:req__F-GBinoeOi9_PeiW6Ppww RunID:01a0c6e6-9679-7997-9717-9eae617d3302 ModelID:01a0c6e6-9675-70fe-8476-d7d6250cd0b5 Sequence:55 ElapsedMS:8 Kind:fact Late:false Fact:{Stage:delivery State:running BeginMS:8 EndMS:-1 DurationMS:-1 Check:started Detail:{Reason: Field: Target:-1 Actual:192 Limit:-1 Start:-1 End:-1 ExpectedType: ActualType:}} Provider:<nil> Outcome: Refunded:false}"
2026/09/22 10:16:35 INFO generation_trace event="{RelatedRunID: ActorKind: RequestID:req__F-GBinoeOi9_PeiW6Ppww RunID:01a0c6e6-9679-7997-9717-9eae617d3302 ModelID:01a0c6e6-9675-70fe-8476-d7d6250cd0b5 Sequence:56 ElapsedMS:8 Kind:stage_begin Late:false Fact:{Stage:provider_stream State:running BeginMS:8 EndMS:-1 DurationMS:-1 Check: Detail:{Reason: Field: Target:-1 Actual:-1 Limit:-1 Start:-1 End:-1 ExpectedType: ActualType:}} Provider:<nil> Outcome: Refunded:false}"
2026/09/22 10:16:35 INFO generation_trace event="{RelatedRunID: ActorKind: RequestID:req__F-GBinoeOi9_PeiW6Ppww RunID:01a0c6e6-9679-7997-9717-9eae617d3302 ModelID:01a0c6e6-9675-70fe-8476-d7d6250cd0b5 Sequence:57 ElapsedMS:9 Kind:stage_begin Late:false Fact:{Stage:settlement State:running BeginMS:9 EndMS:-1 DurationMS:-1 Check: Detail:{Reason: Field: Target:-1 Actual:-1 Limit:-1 Start:-1 End:-1 ExpectedType: ActualType:}} Provider:<nil> Outcome: Refunded:false}"
2026/09/22 10:16:35 INFO generation_trace event="{RelatedRunID: ActorKind: RequestID:req__F-GBinoeOi9_PeiW6Ppww RunID:01a0c6e6-9679-7997-9717-9eae617d3302 ModelID:01a0c6e6-9675-70fe-8476-d7d6250cd0b5 Sequence:58 ElapsedMS:9 Kind:check_begin Late:false Fact:{Stage:settlement State:running BeginMS:9 EndMS:-1 DurationMS:-1 Check:cas Detail:{Reason: Field: Target:-1 Actual:-1 Limit:-1 Start:-1 End:-1 ExpectedType: ActualType:}} Provider:<nil> Outcome: Refunded:false}"
2026/09/22 10:16:35 INFO generation_trace event="{RelatedRunID: ActorKind: RequestID:req__F-GBinoeOi9_PeiW6Ppww RunID:01a0c6e6-9679-7997-9717-9eae617d3302 ModelID:01a0c6e6-9675-70fe-8476-d7d6250cd0b5 Sequence:59 ElapsedMS:11 Kind:outcome_confirmed Late:false Fact:{Stage: State: BeginMS:0 EndMS:0 DurationMS:0 Check: Detail:{Reason: Field: Target:0 Actual:0 Limit:0 Start:0 End:0 ExpectedType: ActualType:}} Provider:<nil> Outcome:cancelled Refunded:false}"
2026/09/22 10:16:35 INFO generation_trace event="{RelatedRunID: ActorKind: RequestID:req__F-GBinoeOi9_PeiW6Ppww RunID:01a0c6e6-9679-7997-9717-9eae617d3302 ModelID:01a0c6e6-9675-70fe-8476-d7d6250cd0b5 Sequence:60 ElapsedMS:11 Kind:settlement Late:false Fact:{Stage: State: BeginMS:0 EndMS:0 DurationMS:0 Check: Detail:{Reason: Field: Target:0 Actual:0 Limit:0 Start:0 End:0 ExpectedType: ActualType:}} Provider:<nil> Outcome:cancelled Refunded:false}"
2026/09/22 10:16:35 INFO generation_trace event="{RelatedRunID: ActorKind: RequestID:req__F-GBinoeOi9_PeiW6Ppww RunID:01a0c6e6-9679-7997-9717-9eae617d3302 ModelID:01a0c6e6-9675-70fe-8476-d7d6250cd0b5 Sequence:61 ElapsedMS:11 Kind:check_end Late:false Fact:{Stage:settlement State:ok BeginMS:9 EndMS:11 DurationMS:2 Check:cas Detail:{Reason: Field: Target:-1 Actual:-1 Limit:-1 Start:-1 End:-1 ExpectedType: ActualType:}} Provider:<nil> Outcome: Refunded:false}"
2026/09/22 10:16:35 INFO generation_trace event="{RelatedRunID: ActorKind: RequestID:req__F-GBinoeOi9_PeiW6Ppww RunID:01a0c6e6-9679-7997-9717-9eae617d3302 ModelID:01a0c6e6-9675-70fe-8476-d7d6250cd0b5 Sequence:62 ElapsedMS:11 Kind:stage_end Late:false Fact:{Stage:settlement State:ok BeginMS:9 EndMS:11 DurationMS:2 Check:cas Detail:{Reason: Field: Target:-1 Actual:-1 Limit:-1 Start:-1 End:-1 ExpectedType: ActualType:}} Provider:<nil> Outcome: Refunded:false}"
2026/09/22 10:16:35 INFO http_request request_id=req_TWt2hWlz0erheRIY7eimjw method=POST route=/api/v1/generations/{run_id}/cancel status=200 duration_ms=2
2026/09/22 10:16:35 INFO generation_trace event="{RelatedRunID: ActorKind: RequestID:req__F-GBinoeOi9_PeiW6Ppww RunID:01a0c6e6-9679-7997-9717-9eae617d3302 ModelID:01a0c6e6-9675-70fe-8476-d7d6250cd0b5 Sequence:63 ElapsedMS:11 Kind:fact Late:false Fact:{Stage:provider_stream State:running BeginMS:8 EndMS:-1 DurationMS:-1 Check:termination Detail:{Reason:context_cancelled Field: Target:-1 Actual:-1 Limit:-1 Start:-1 End:-1 ExpectedType: ActualType:}} Provider:<nil> Outcome: Refunded:false}"
2026/09/22 10:16:35 INFO generation_trace event="{RelatedRunID: ActorKind: RequestID:req__F-GBinoeOi9_PeiW6Ppww RunID:01a0c6e6-9679-7997-9717-9eae617d3302 ModelID:01a0c6e6-9675-70fe-8476-d7d6250cd0b5 Sequence:64 ElapsedMS:11 Kind:stage_end Late:false Fact:{Stage:provider_stream State:cancelled BeginMS:8 EndMS:11 DurationMS:3 Check: Detail:{Reason:context_cancelled Field: Target:-1 Actual:-1 Limit:-1 Start:-1 End:-1 ExpectedType: ActualType:}} Provider:<nil> Outcome: Refunded:false}"
2026/09/22 10:16:35 INFO generation_trace event="{RelatedRunID: ActorKind: RequestID:req__F-GBinoeOi9_PeiW6Ppww RunID:01a0c6e6-9679-7997-9717-9eae617d3302 ModelID:01a0c6e6-9675-70fe-8476-d7d6250cd0b5 Sequence:65 ElapsedMS:12 Kind:fact Late:false Fact:{Stage:provider_stream State:cancelled BeginMS:8 EndMS:11 DurationMS:3 Check:receiver_exit Detail:{Reason: Field: Target:-1 Actual:-1 Limit:-1 Start:-1 End:-1 ExpectedType: ActualType:}} Provider:<nil> Outcome: Refunded:false}"
2026/09/22 10:16:35 WARN ai_generation_failure request_id=req__F-GBinoeOi9_PeiW6Ppww run_id=01a0c6e6-9679-7997-9717-9eae617d3302 model_id=01a0c6e6-9675-70fe-8476-d7d6250cd0b5 prompt_version=m001-v5-r10 validator_version=m001-v5-wn31-r2 phase=provider_receive stage=provider_stream reason=context_cancelled field="" target_index=-1
2026/09/22 10:16:35 INFO generation_trace event="{RelatedRunID: ActorKind: RequestID:req__F-GBinoeOi9_PeiW6Ppww RunID:01a0c6e6-9679-7997-9717-9eae617d3302 ModelID:01a0c6e6-9675-70fe-8476-d7d6250cd0b5 Sequence:66 ElapsedMS:13 Kind:fact Late:false Fact:{Stage:settlement State:ok BeginMS:9 EndMS:11 DurationMS:2 Check:confirm Detail:{Reason:transaction_unknown Field: Target:-1 Actual:-1 Limit:-1 Start:-1 End:-1 ExpectedType: ActualType:}} Provider:<nil> Outcome: Refunded:false}"
2026/09/22 10:16:35 INFO generation_trace event="{RelatedRunID: ActorKind: RequestID:req__F-GBinoeOi9_PeiW6Ppww RunID:01a0c6e6-9679-7997-9717-9eae617d3302 ModelID:01a0c6e6-9675-70fe-8476-d7d6250cd0b5 Sequence:67 ElapsedMS:13 Kind:settlement Late:false Fact:{Stage: State: BeginMS:0 EndMS:0 DurationMS:0 Check: Detail:{Reason: Field: Target:0 Actual:0 Limit:0 Start:0 End:0 ExpectedType: ActualType:}} Provider:<nil> Outcome:cancelled Refunded:false}"
2026/09/22 10:16:35 INFO ai_generation_settlement run_id=01a0c6e6-9679-7997-9717-9eae617d3302 stage=settlement outcome=cancelled quota_refunded=false failure_code=provider_unavailable
2026/09/22 10:16:35 INFO generation_trace event="{RelatedRunID: ActorKind: RequestID:req__F-GBinoeOi9_PeiW6Ppww RunID:01a0c6e6-9679-7997-9717-9eae617d3302 ModelID:01a0c6e6-9675-70fe-8476-d7d6250cd0b5 Sequence:68 ElapsedMS:13 Kind:fact Late:false Fact:{Stage:delivery State:running BeginMS:8 EndMS:-1 DurationMS:-1 Check:cancelled Detail:{Reason: Field: Target:-1 Actual:60 Limit:-1 Start:-1 End:-1 ExpectedType: ActualType:}} Provider:<nil> Outcome: Refunded:false}"
2026/09/22 10:16:35 INFO generation_trace event="{RelatedRunID: ActorKind: RequestID:req__F-GBinoeOi9_PeiW6Ppww RunID:01a0c6e6-9679-7997-9717-9eae617d3302 ModelID:01a0c6e6-9675-70fe-8476-d7d6250cd0b5 Sequence:69 ElapsedMS:14 Kind:stage_end Late:false Fact:{Stage:delivery State:ok BeginMS:8 EndMS:14 DurationMS:6 Check: Detail:{Reason: Field: Target:-1 Actual:-1 Limit:-1 Start:-1 End:-1 ExpectedType: ActualType:}} Provider:<nil> Outcome: Refunded:false}"
2026/09/22 10:16:35 INFO ai_generation_request_finished request_id=req__F-GBinoeOi9_PeiW6Ppww run_id=01a0c6e6-9679-7997-9717-9eae617d3302 model_id=01a0c6e6-9675-70fe-8476-d7d6250cd0b5 elapsed_ms=13
2026/09/22 10:16:35 INFO http_request request_id=req__F-GBinoeOi9_PeiW6Ppww method=POST route=/api/v1/generations/stream status=200 duration_ms=14
2026/09/22 10:16:35 INFO generation_trace event="{RelatedRunID: ActorKind: RequestID:req__F-GBinoeOi9_PeiW6Ppww RunID:01a0c6e6-9679-7997-9717-9eae617d3302 ModelID:01a0c6e6-9675-70fe-8476-d7d6250cd0b5 Sequence:70 ElapsedMS:14 Kind:check_end Late:false Fact:{Stage:request State:ok BeginMS:0 EndMS:14 DurationMS:14 Check:body Detail:{Reason: Field: Target:-1 Actual:-1 Limit:-1 Start:-1 End:-1 ExpectedType: ActualType:}} Provider:<nil> Outcome: Refunded:false}"
2026/09/22 10:16:35 INFO generation_trace event="{RelatedRunID: ActorKind: RequestID:req__F-GBinoeOi9_PeiW6Ppww RunID:01a0c6e6-9679-7997-9717-9eae617d3302 ModelID:01a0c6e6-9675-70fe-8476-d7d6250cd0b5 Sequence:71 ElapsedMS:14 Kind:stage_end Late:false Fact:{Stage:request State:ok BeginMS:0 EndMS:14 DurationMS:14 Check:body Detail:{Reason: Field: Target:-1 Actual:-1 Limit:-1 Start:-1 End:-1 ExpectedType: ActualType:}} Provider:<nil> Outcome: Refunded:false}"
2026/09/22 10:16:35 INFO generation_summary summary="{RequestID:req__F-GBinoeOi9_PeiW6Ppww RunID:01a0c6e6-9679-7997-9717-9eae617d3302 ModelID:01a0c6e6-9675-70fe-8476-d7d6250cd0b5 ElapsedMS:14 Stages:[{Stage:request State:ok BeginMS:0 EndMS:14 DurationMS:14 Check:body Detail:{Reason: Field: Target:-1 Actual:-1 Limit:-1 Start:-1 End:-1 ExpectedType: ActualType:}} {Stage:preflight State:ok BeginMS:1 EndMS:5 DurationMS:4 Check:transaction_commit Detail:{Reason: Field: Target:-1 Actual:-1 Limit:-1 Start:-1 End:-1 ExpectedType: ActualType:}} {Stage:provider_open State:ok BeginMS:5 EndMS:8 DurationMS:3 Check:response_headers Detail:{Reason: Field: Target:-1 Actual:-1 Limit:-1 Start:-1 End:-1 ExpectedType: ActualType:}} {Stage:provider_stream State:cancelled BeginMS:8 EndMS:11 DurationMS:3 Check: Detail:{Reason:context_cancelled Field: Target:-1 Actual:-1 Limit:-1 Start:-1 End:-1 ExpectedType: ActualType:}} {Stage:passage_decode State:not_run BeginMS:-1 EndMS:-1 DurationMS:-1 Check: Detail:{Reason: Field: Target:-1 Actual:-1 Limit:-1 Start:-1 End:-1 ExpectedType: ActualType:}} {Stage:candidate_decode State:not_run BeginMS:-1 EndMS:-1 DurationMS:-1 Check: Detail:{Reason: Field: Target:-1 Actual:-1 Limit:-1 Start:-1 End:-1 ExpectedType: ActualType:}} {Stage:content_validate State:not_run BeginMS:-1 EndMS:-1 DurationMS:-1 Check: Detail:{Reason: Field: Target:-1 Actual:-1 Limit:-1 Start:-1 End:-1 ExpectedType: ActualType:}} {Stage:draft_commit State:not_run BeginMS:-1 EndMS:-1 DurationMS:-1 Check: Detail:{Reason: Field: Target:-1 Actual:-1 Limit:-1 Start:-1 End:-1 ExpectedType: ActualType:}} {Stage:settlement State:ok BeginMS:9 EndMS:11 DurationMS:2 Check:cas Detail:{Reason: Field: Target:-1 Actual:-1 Limit:-1 Start:-1 End:-1 ExpectedType: ActualType:}} {Stage:delivery State:ok BeginMS:8 EndMS:14 DurationMS:6 Check: Detail:{Reason: Field: Target:-1 Actual:-1 Limit:-1 Start:-1 End:-1 ExpectedType: ActualType:}} {Stage:continuation State:not_run BeginMS:-1 EndMS:-1 DurationMS:-1 Check: Detail:{Reason: Field: Target:-1 Actual:-1 Limit:-1 Start:-1 End:-1 ExpectedType: ActualType:}}] FirstFailure:0xc000b56210 Outcome:cancelled Refunded:false Pending:false}"
2026/09/22 10:16:35 INFO generation_trace event="{RelatedRunID: ActorKind: RequestID:req__F-GBinoeOi9_PeiW6Ppww RunID:01a0c6e6-9679-7997-9717-9eae617d3302 ModelID:01a0c6e6-9675-70fe-8476-d7d6250cd0b5 Sequence:72 ElapsedMS:15 Kind:fact Late:true Fact:{Stage:settlement State:ok BeginMS:9 EndMS:11 DurationMS:2 Check:confirm Detail:{Reason:transaction_unknown Field: Target:-1 Actual:-1 Limit:-1 Start:-1 End:-1 ExpectedType: ActualType:}} Provider:<nil> Outcome: Refunded:false}"
2026/09/22 10:16:35 WARN ai_generation_cancel_unconfirmed run_id=01a0c6e6-9679-7997-9717-9eae617d3302 stage=cancel_settlement reason=write_not_confirmed
2026/09/22 10:16:35 INFO ai_generation_cancel_recovered run_id=01a0c6e6-9679-7997-9717-9eae617d3302 stage=cancel_settlement outcome=cancelled
2026/09/22 10:16:35 INFO generation_trace event="{RelatedRunID: ActorKind: RequestID:req__F-GBinoeOi9_PeiW6Ppww RunID:01a0c6e6-9679-7997-9717-9eae617d3302 ModelID:01a0c6e6-9675-70fe-8476-d7d6250cd0b5 Sequence:73 ElapsedMS:16 Kind:settlement Late:true Fact:{Stage: State: BeginMS:0 EndMS:0 DurationMS:0 Check: Detail:{Reason: Field: Target:0 Actual:0 Limit:0 Start:0 End:0 ExpectedType: ActualType:}} Provider:<nil> Outcome:cancelled Refunded:false}"
2026/09/22 10:16:35 INFO http_request request_id=req_Fg8fPYECthyAXvuaa2UPag method=POST route=/api/v1/generations/{run_id}/cancel status=200 duration_ms=1
2026/09/22 10:16:35 INFO http_request request_id=req_QgZqIQHGlNGjxpe5s3Ah6Q method=PUT route=/api/v1/me/ui-locale status=403 duration_ms=0
--- PASS: TestM001EndToEnd (4.18s)
=== RUN   TestM002ProfileWelcomeAndPrivateTitleHTTP
2026/09/22 10:16:37 INFO http_request request_id=req_wPOBjJYRNt-MN5PdujT7HA method=GET route=/api/v1/bootstrap status=200 duration_ms=0
2026/09/22 10:16:38 INFO http_request request_id=req_n4q_hqvSbJN4o1LEJsoQXQ method=POST route=/api/v1/auth/login status=200 duration_ms=766
2026/09/22 10:16:38 INFO http_request request_id=req_HZ0zRlHTt5dVK285NYsd7Q method=PATCH route=/api/v1/me/account status=200 duration_ms=3
2026/09/22 10:16:38 INFO http_request request_id=req_R59rdS5sOknysy5z_Sa1qw method=GET route=/api/v1/me/batches/{batch_id} status=200 duration_ms=2
2026/09/22 10:16:38 INFO http_request request_id=req_MbXNl5jB8hSTYqUpoQZZ5Q method=PATCH route=/api/v1/me/batches/{batch_id} status=200 duration_ms=2
2026/09/22 10:16:38 INFO http_request request_id=req_LgMdlmFGVQKrsdSx3zyAtw method=PATCH route=/api/v1/me/batches/{batch_id} status=409 duration_ms=1
2026/09/22 10:16:38 INFO http_request request_id=req_ZZ4bjVoSLRtmbohU4uP1cA method=GET route=/api/v1/bootstrap status=200 duration_ms=0
2026/09/22 10:16:39 INFO http_request request_id=req_r14lDo69fkM1Xa539p-ZFQ method=POST route=/api/v1/auth/login status=200 duration_ms=746
2026/09/22 10:16:39 INFO http_request request_id=req_UvCeL-GURUVqBANvDkHROw method=GET route=/api/v1/bootstrap status=200 duration_ms=0
2026/09/22 10:16:39 INFO http_request request_id=req_S3P3dv18G5Hm3xt5tPDJEw method=PATCH route=/api/v1/me/batches/{batch_id} status=404 duration_ms=1
2026/09/22 10:16:39 INFO http_request request_id=req_6D4cgcS6YOU9j3uhXET3zw method=GET route=/api/v1/bootstrap status=200 duration_ms=0
2026/09/22 10:16:39 INFO http_request request_id=req_dSBmpvgBJJt78-Qpn5vBZw method=POST route=/api/v1/auth/login status=200 duration_ms=754
2026/09/22 10:16:39 INFO http_request request_id=req_rP-URkG5GAraDoUpsH8x9g method=GET route=/api/v1/bootstrap status=200 duration_ms=0
2026/09/22 10:16:39 INFO http_request request_id=req_tAD7_LNZENlTObrHY-dTRA method=PATCH route=/api/v1/me/batches/{batch_id} status=403 duration_ms=0
--- PASS: TestM002ProfileWelcomeAndPrivateTitleHTTP (3.97s)
=== RUN   TestNoContentConsumersEnforcePrivateNoStoreResponse
2026/09/22 10:16:41 INFO http_request request_id=req_mNZTgsCOqXkAAHX3mF96Sg method=GET route=/api/v1/bootstrap status=200 duration_ms=1
2026/09/22 10:16:42 INFO http_request request_id=req_9gemKmEuGWGVuUa2FiMuRQ method=POST route=/api/v1/auth/login status=200 duration_ms=767
2026/09/22 10:16:42 INFO http_request request_id=req_0HH-oPzWFktnDOnFZz34ew method=GET route=/api/v1/admin/groups status=200 duration_ms=4
2026/09/22 10:16:42 INFO http_request request_id=req_o_sbnvqzW0sc1bHd1UzGvw method=PUT route=/api/v1/admin/openrouter-credential status=200 duration_ms=6
2026/09/22 10:16:42 INFO http_request request_id=req_YAVFu5oWEmG3sTpqCKxvoA method=POST route=/api/v1/admin/models status=201 duration_ms=2
2026/09/22 10:16:42 INFO http_request request_id=req_Uo949SAIhV2qWqMG8VCkRA method=GET route=/api/v1/admin/groups status=200 duration_ms=2
2026/09/22 10:16:42 INFO http_request request_id=req_16a-X6s86BTjWbc_YSZnWg method=POST route=/api/v1/admin/models/{model_id}/enable status=200 duration_ms=6
2026/09/22 10:16:42 INFO http_request request_id=req_nB0mm0rfGJJQVoJt2bEcLA method=GET route=/api/v1/admin/groups status=200 duration_ms=2
2026/09/22 10:16:42 INFO http_request request_id=req_8WJ1q4I8RY1QU8fze6xEPg method=PUT route=/api/v1/admin/groups/{group_code} status=200 duration_ms=3
2026/09/22 10:16:42 INFO http_request request_id=req_Ogrh5W_xYNNM4hccQSg6_g method=GET route=/api/v1/bootstrap status=200 duration_ms=0
2026/09/22 10:16:43 INFO http_request request_id=req_kO4mYS4JbXdMpKqTSTBPFQ method=POST route=/api/v1/auth/register status=201 duration_ms=746
=== RUN   TestNoContentConsumersEnforcePrivateNoStoreResponse/logout
2026/09/22 10:16:43 INFO http_request request_id=req_rWkfiHeuH270mLwXSBGKlg method=POST route=/api/v1/auth/logout status=204 duration_ms=1
2026/09/22 10:16:43 INFO http_request request_id=req_DHcgKs2byKmU2ae4doGcww method=GET route=/api/v1/bootstrap status=200 duration_ms=0
2026/09/22 10:16:43 INFO http_request request_id=req_X-c4v69bq32uUv1OIImSzA method=POST route=/api/v1/auth/login status=200 duration_ms=767
=== RUN   TestNoContentConsumersEnforcePrivateNoStoreResponse/learner_password_change
2026/09/22 10:16:45 INFO http_request request_id=req_GdME6JmYM8NuMY_PPnQTHQ method=PUT route=/api/v1/me/password status=204 duration_ms=1506
=== RUN   TestNoContentConsumersEnforcePrivateNoStoreResponse/generation_discard
2026/09/22 10:16:45 INFO generation_trace event="{RelatedRunID: ActorKind: RequestID:req_REay9uLI16tkpQXXpdLHkw RunID: ModelID: Sequence:1 ElapsedMS:0 Kind:stage_begin Late:false Fact:{Stage:request State:running BeginMS:0 EndMS:-1 DurationMS:-1 Check: Detail:{Reason: Field: Target:-1 Actual:-1 Limit:-1 Start:-1 End:-1 ExpectedType: ActualType:}} Provider:<nil> Outcome: Refunded:false}"
2026/09/22 10:16:45 INFO generation_trace event="{RelatedRunID: ActorKind: RequestID:req_REay9uLI16tkpQXXpdLHkw RunID: ModelID: Sequence:2 ElapsedMS:0 Kind:check_begin Late:false Fact:{Stage:request State:running BeginMS:0 EndMS:-1 DurationMS:-1 Check:identity Detail:{Reason: Field: Target:-1 Actual:-1 Limit:-1 Start:-1 End:-1 ExpectedType: ActualType:}} Provider:<nil> Outcome: Refunded:false}"
2026/09/22 10:16:45 INFO generation_trace event="{RelatedRunID: ActorKind:account RequestID:req_REay9uLI16tkpQXXpdLHkw RunID: ModelID: Sequence:3 ElapsedMS:0 Kind:actor_resolved Late:false Fact:{Stage: State: BeginMS:0 EndMS:0 DurationMS:0 Check: Detail:{Reason: Field: Target:0 Actual:0 Limit:0 Start:0 End:0 ExpectedType: ActualType:}} Provider:<nil> Outcome: Refunded:false}"
2026/09/22 10:16:45 INFO generation_trace event="{RelatedRunID: ActorKind: RequestID:req_REay9uLI16tkpQXXpdLHkw RunID: ModelID: Sequence:4 ElapsedMS:0 Kind:check_end Late:false Fact:{Stage:request State:ok BeginMS:0 EndMS:-1 DurationMS:-1 Check:identity Detail:{Reason: Field: Target:-1 Actual:-1 Limit:-1 Start:-1 End:-1 ExpectedType: ActualType:}} Provider:<nil> Outcome: Refunded:false}"
2026/09/22 10:16:45 INFO generation_trace event="{RelatedRunID: ActorKind: RequestID:req_REay9uLI16tkpQXXpdLHkw RunID: ModelID: Sequence:5 ElapsedMS:0 Kind:check_begin Late:false Fact:{Stage:request State:running BeginMS:0 EndMS:-1 DurationMS:-1 Check:origin Detail:{Reason: Field: Target:-1 Actual:-1 Limit:-1 Start:-1 End:-1 ExpectedType: ActualType:}} Provider:<nil> Outcome: Refunded:false}"
2026/09/22 10:16:45 INFO generation_trace event="{RelatedRunID: ActorKind: RequestID:req_REay9uLI16tkpQXXpdLHkw RunID: ModelID: Sequence:6 ElapsedMS:0 Kind:check_end Late:false Fact:{Stage:request State:ok BeginMS:0 EndMS:-1 DurationMS:-1 Check:origin Detail:{Reason: Field: Target:-1 Actual:-1 Limit:-1 Start:-1 End:-1 ExpectedType: ActualType:}} Provider:<nil> Outcome: Refunded:false}"
2026/09/22 10:16:45 INFO generation_trace event="{RelatedRunID: ActorKind: RequestID:req_REay9uLI16tkpQXXpdLHkw RunID: ModelID: Sequence:7 ElapsedMS:0 Kind:check_begin Late:false Fact:{Stage:request State:running BeginMS:0 EndMS:-1 DurationMS:-1 Check:content_type Detail:{Reason: Field: Target:-1 Actual:-1 Limit:-1 Start:-1 End:-1 ExpectedType: ActualType:}} Provider:<nil> Outcome: Refunded:false}"
2026/09/22 10:16:45 INFO generation_trace event="{RelatedRunID: ActorKind: RequestID:req_REay9uLI16tkpQXXpdLHkw RunID: ModelID: Sequence:8 ElapsedMS:0 Kind:check_end Late:false Fact:{Stage:request State:ok BeginMS:0 EndMS:-1 DurationMS:-1 Check:content_type Detail:{Reason: Field: Target:-1 Actual:-1 Limit:-1 Start:-1 End:-1 ExpectedType: ActualType:}} Provider:<nil> Outcome: Refunded:false}"
2026/09/22 10:16:45 INFO generation_trace event="{RelatedRunID: ActorKind: RequestID:req_REay9uLI16tkpQXXpdLHkw RunID: ModelID: Sequence:9 ElapsedMS:0 Kind:check_begin Late:false Fact:{Stage:request State:running BeginMS:0 EndMS:-1 DurationMS:-1 Check:csrf Detail:{Reason: Field: Target:-1 Actual:-1 Limit:-1 Start:-1 End:-1 ExpectedType: ActualType:}} Provider:<nil> Outcome: Refunded:false}"
2026/09/22 10:16:45 INFO generation_trace event="{RelatedRunID: ActorKind: RequestID:req_REay9uLI16tkpQXXpdLHkw RunID: ModelID: Sequence:10 ElapsedMS:0 Kind:check_end Late:false Fact:{Stage:request State:ok BeginMS:0 EndMS:-1 DurationMS:-1 Check:csrf Detail:{Reason: Field: Target:-1 Actual:-1 Limit:-1 Start:-1 End:-1 ExpectedType: ActualType:}} Provider:<nil> Outcome: Refunded:false}"
2026/09/22 10:16:45 INFO generation_trace event="{RelatedRunID: ActorKind: RequestID:req_REay9uLI16tkpQXXpdLHkw RunID: ModelID: Sequence:11 ElapsedMS:1 Kind:check_begin Late:false Fact:{Stage:request State:running BeginMS:0 EndMS:-1 DurationMS:-1 Check:body Detail:{Reason: Field: Target:-1 Actual:-1 Limit:-1 Start:-1 End:-1 ExpectedType: ActualType:}} Provider:<nil> Outcome: Refunded:false}"
2026/09/22 10:16:45 INFO generation_trace event="{RelatedRunID: ActorKind: RequestID:req_REay9uLI16tkpQXXpdLHkw RunID: ModelID: Sequence:12 ElapsedMS:1 Kind:stage_begin Late:false Fact:{Stage:preflight State:running BeginMS:1 EndMS:-1 DurationMS:-1 Check: Detail:{Reason: Field: Target:-1 Actual:-1 Limit:-1 Start:-1 End:-1 ExpectedType: ActualType:}} Provider:<nil> Outcome: Refunded:false}"
2026/09/22 10:16:45 INFO generation_trace event="{RelatedRunID: ActorKind: RequestID:req_REay9uLI16tkpQXXpdLHkw RunID: ModelID: Sequence:13 ElapsedMS:1 Kind:check_begin Late:false Fact:{Stage:preflight State:running BeginMS:1 EndMS:-1 DurationMS:-1 Check:input Detail:{Reason: Field: Target:-1 Actual:-1 Limit:-1 Start:-1 End:-1 ExpectedType: ActualType:}} Provider:<nil> Outcome: Refunded:false}"
2026/09/22 10:16:45 INFO generation_trace event="{RelatedRunID: ActorKind: RequestID:req_REay9uLI16tkpQXXpdLHkw RunID: ModelID: Sequence:14 ElapsedMS:1 Kind:check_end Late:false Fact:{Stage:preflight State:ok BeginMS:1 EndMS:-1 DurationMS:-1 Check:input Detail:{Reason: Field: Target:-1 Actual:-1 Limit:-1 Start:-1 End:-1 ExpectedType: ActualType:}} Provider:<nil> Outcome: Refunded:false}"
2026/09/22 10:16:45 INFO generation_trace event="{RelatedRunID: ActorKind: RequestID:req_REay9uLI16tkpQXXpdLHkw RunID: ModelID: Sequence:15 ElapsedMS:1 Kind:check_begin Late:false Fact:{Stage:preflight State:running BeginMS:1 EndMS:-1 DurationMS:-1 Check:transaction_begin Detail:{Reason: Field: Target:-1 Actual:-1 Limit:-1 Start:-1 End:-1 ExpectedType: ActualType:}} Provider:<nil> Outcome: Refunded:false}"
2026/09/22 10:16:45 INFO generation_trace event="{RelatedRunID: ActorKind: RequestID:req_REay9uLI16tkpQXXpdLHkw RunID: ModelID: Sequence:16 ElapsedMS:1 Kind:check_end Late:false Fact:{Stage:preflight State:ok BeginMS:1 EndMS:-1 DurationMS:-1 Check:transaction_begin Detail:{Reason: Field: Target:-1 Actual:-1 Limit:-1 Start:-1 End:-1 ExpectedType: ActualType:}} Provider:<nil> Outcome: Refunded:false}"
2026/09/22 10:16:45 INFO generation_trace event="{RelatedRunID: ActorKind: RequestID:req_REay9uLI16tkpQXXpdLHkw RunID: ModelID: Sequence:17 ElapsedMS:1 Kind:check_begin Late:false Fact:{Stage:preflight State:running BeginMS:1 EndMS:-1 DurationMS:-1 Check:credentials Detail:{Reason: Field: Target:-1 Actual:-1 Limit:-1 Start:-1 End:-1 ExpectedType: ActualType:}} Provider:<nil> Outcome: Refunded:false}"
2026/09/22 10:16:45 INFO generation_trace event="{RelatedRunID: ActorKind: RequestID:req_REay9uLI16tkpQXXpdLHkw RunID: ModelID: Sequence:18 ElapsedMS:5 Kind:check_end Late:false Fact:{Stage:preflight State:ok BeginMS:1 EndMS:-1 DurationMS:-1 Check:credentials Detail:{Reason: Field: Target:-1 Actual:-1 Limit:-1 Start:-1 End:-1 ExpectedType: ActualType:}} Provider:<nil> Outcome: Refunded:false}"
2026/09/22 10:16:45 INFO generation_trace event="{RelatedRunID: ActorKind: RequestID:req_REay9uLI16tkpQXXpdLHkw RunID: ModelID: Sequence:19 ElapsedMS:5 Kind:check_begin Late:false Fact:{Stage:preflight State:running BeginMS:1 EndMS:-1 DurationMS:-1 Check:actor_lock Detail:{Reason: Field: Target:-1 Actual:-1 Limit:-1 Start:-1 End:-1 ExpectedType: ActualType:}} Provider:<nil> Outcome: Refunded:false}"
2026/09/22 10:16:45 INFO generation_trace event="{RelatedRunID: ActorKind: RequestID:req_REay9uLI16tkpQXXpdLHkw RunID: ModelID: Sequence:20 ElapsedMS:5 Kind:check_end Late:false Fact:{Stage:preflight State:ok BeginMS:1 EndMS:-1 DurationMS:-1 Check:actor_lock Detail:{Reason: Field: Target:-1 Actual:-1 Limit:-1 Start:-1 End:-1 ExpectedType: ActualType:}} Provider:<nil> Outcome: Refunded:false}"
2026/09/22 10:16:45 INFO generation_trace event="{RelatedRunID: ActorKind: RequestID:req_REay9uLI16tkpQXXpdLHkw RunID: ModelID: Sequence:21 ElapsedMS:5 Kind:check_begin Late:false Fact:{Stage:preflight State:running BeginMS:1 EndMS:-1 DurationMS:-1 Check:group_policy Detail:{Reason: Field: Target:-1 Actual:-1 Limit:-1 Start:-1 End:-1 ExpectedType: ActualType:}} Provider:<nil> Outcome: Refunded:false}"
2026/09/22 10:16:45 INFO generation_trace event="{RelatedRunID: ActorKind: RequestID:req_REay9uLI16tkpQXXpdLHkw RunID: ModelID: Sequence:22 ElapsedMS:6 Kind:check_end Late:false Fact:{Stage:preflight State:ok BeginMS:1 EndMS:-1 DurationMS:-1 Check:group_policy Detail:{Reason: Field: Target:-1 Actual:-1 Limit:-1 Start:-1 End:-1 ExpectedType: ActualType:}} Provider:<nil> Outcome: Refunded:false}"
2026/09/22 10:16:45 INFO generation_trace event="{RelatedRunID: ActorKind: RequestID:req_REay9uLI16tkpQXXpdLHkw RunID: ModelID: Sequence:23 ElapsedMS:6 Kind:check_begin Late:false Fact:{Stage:preflight State:running BeginMS:1 EndMS:-1 DurationMS:-1 Check:model_assignment Detail:{Reason: Field: Target:-1 Actual:-1 Limit:-1 Start:-1 End:-1 ExpectedType: ActualType:}} Provider:<nil> Outcome: Refunded:false}"
2026/09/22 10:16:45 INFO generation_trace event="{RelatedRunID: ActorKind: RequestID:req_REay9uLI16tkpQXXpdLHkw RunID: ModelID: Sequence:24 ElapsedMS:7 Kind:check_end Late:false Fact:{Stage:preflight State:ok BeginMS:1 EndMS:-1 DurationMS:-1 Check:model_assignment Detail:{Reason: Field: Target:-1 Actual:-1 Limit:-1 Start:-1 End:-1 ExpectedType: ActualType:}} Provider:<nil> Outcome: Refunded:false}"
2026/09/22 10:16:45 INFO generation_trace event="{RelatedRunID: ActorKind: RequestID:req_REay9uLI16tkpQXXpdLHkw RunID: ModelID: Sequence:25 ElapsedMS:7 Kind:check_begin Late:false Fact:{Stage:preflight State:running BeginMS:1 EndMS:-1 DurationMS:-1 Check:length_assignment Detail:{Reason: Field: Target:-1 Actual:-1 Limit:-1 Start:-1 End:-1 ExpectedType: ActualType:}} Provider:<nil> Outcome: Refunded:false}"
2026/09/22 10:16:45 INFO generation_trace event="{RelatedRunID: ActorKind: RequestID:req_REay9uLI16tkpQXXpdLHkw RunID: ModelID: Sequence:26 ElapsedMS:7 Kind:check_end Late:false Fact:{Stage:preflight State:ok BeginMS:1 EndMS:-1 DurationMS:-1 Check:length_assignment Detail:{Reason: Field: Target:-1 Actual:-1 Limit:-1 Start:-1 End:-1 ExpectedType: ActualType:}} Provider:<nil> Outcome: Refunded:false}"
2026/09/22 10:16:45 INFO generation_trace event="{RelatedRunID: ActorKind: RequestID:req_REay9uLI16tkpQXXpdLHkw RunID: ModelID: Sequence:27 ElapsedMS:7 Kind:check_begin Late:false Fact:{Stage:preflight State:running BeginMS:1 EndMS:-1 DurationMS:-1 Check:vocabulary Detail:{Reason: Field: Target:-1 Actual:-1 Limit:-1 Start:-1 End:-1 ExpectedType: ActualType:}} Provider:<nil> Outcome: Refunded:false}"
2026/09/22 10:16:45 INFO generation_trace event="{RelatedRunID: ActorKind: RequestID:req_REay9uLI16tkpQXXpdLHkw RunID: ModelID: Sequence:28 ElapsedMS:8 Kind:check_end Late:false Fact:{Stage:preflight State:ok BeginMS:1 EndMS:-1 DurationMS:-1 Check:vocabulary Detail:{Reason: Field: Target:-1 Actual:-1 Limit:-1 Start:-1 End:-1 ExpectedType: ActualType:}} Provider:<nil> Outcome: Refunded:false}"
2026/09/22 10:16:45 INFO generation_trace event="{RelatedRunID: ActorKind: RequestID:req_REay9uLI16tkpQXXpdLHkw RunID: ModelID: Sequence:29 ElapsedMS:8 Kind:check_begin Late:false Fact:{Stage:preflight State:running BeginMS:1 EndMS:-1 DurationMS:-1 Check:quota Detail:{Reason: Field: Target:-1 Actual:-1 Limit:-1 Start:-1 End:-1 ExpectedType: ActualType:}} Provider:<nil> Outcome: Refunded:false}"
2026/09/22 10:16:45 INFO generation_trace event="{RelatedRunID: ActorKind: RequestID:req_REay9uLI16tkpQXXpdLHkw RunID: ModelID: Sequence:30 ElapsedMS:8 Kind:check_end Late:false Fact:{Stage:preflight State:ok BeginMS:1 EndMS:-1 DurationMS:-1 Check:quota Detail:{Reason: Field: Target:-1 Actual:-1 Limit:-1 Start:-1 End:-1 ExpectedType: ActualType:}} Provider:<nil> Outcome: Refunded:false}"
2026/09/22 10:16:45 INFO generation_trace event="{RelatedRunID: ActorKind: RequestID:req_REay9uLI16tkpQXXpdLHkw RunID: ModelID: Sequence:31 ElapsedMS:8 Kind:check_begin Late:false Fact:{Stage:preflight State:running BeginMS:1 EndMS:-1 DurationMS:-1 Check:reserve Detail:{Reason: Field: Target:-1 Actual:-1 Limit:-1 Start:-1 End:-1 ExpectedType: ActualType:}} Provider:<nil> Outcome: Refunded:false}"
2026/09/22 10:16:45 INFO generation_trace event="{RelatedRunID: ActorKind: RequestID:req_REay9uLI16tkpQXXpdLHkw RunID: ModelID: Sequence:32 ElapsedMS:10 Kind:check_end Late:false Fact:{Stage:preflight State:ok BeginMS:1 EndMS:-1 DurationMS:-1 Check:reserve Detail:{Reason: Field: Target:-1 Actual:-1 Limit:-1 Start:-1 End:-1 ExpectedType: ActualType:}} Provider:<nil> Outcome: Refunded:false}"
2026/09/22 10:16:45 INFO generation_trace event="{RelatedRunID: ActorKind: RequestID:req_REay9uLI16tkpQXXpdLHkw RunID: ModelID: Sequence:33 ElapsedMS:10 Kind:check_begin Late:false Fact:{Stage:preflight State:running BeginMS:1 EndMS:-1 DurationMS:-1 Check:entries Detail:{Reason: Field: Target:-1 Actual:-1 Limit:-1 Start:-1 End:-1 ExpectedType: ActualType:}} Provider:<nil> Outcome: Refunded:false}"
2026/09/22 10:16:45 INFO generation_trace event="{RelatedRunID: ActorKind: RequestID:req_REay9uLI16tkpQXXpdLHkw RunID: ModelID: Sequence:34 ElapsedMS:11 Kind:check_end Late:false Fact:{Stage:preflight State:ok BeginMS:1 EndMS:-1 DurationMS:-1 Check:entries Detail:{Reason: Field: Target:-1 Actual:-1 Limit:-1 Start:-1 End:-1 ExpectedType: ActualType:}} Provider:<nil> Outcome: Refunded:false}"
2026/09/22 10:16:45 INFO generation_trace event="{RelatedRunID: ActorKind: RequestID:req_REay9uLI16tkpQXXpdLHkw RunID: ModelID: Sequence:35 ElapsedMS:11 Kind:check_begin Late:false Fact:{Stage:preflight State:running BeginMS:1 EndMS:-1 DurationMS:-1 Check:token Detail:{Reason: Field: Target:-1 Actual:-1 Limit:-1 Start:-1 End:-1 ExpectedType: ActualType:}} Provider:<nil> Outcome: Refunded:false}"
2026/09/22 10:16:45 INFO generation_trace event="{RelatedRunID: ActorKind: RequestID:req_REay9uLI16tkpQXXpdLHkw RunID: ModelID: Sequence:36 ElapsedMS:11 Kind:check_end Late:false Fact:{Stage:preflight State:ok BeginMS:1 EndMS:-1 DurationMS:-1 Check:token Detail:{Reason: Field: Target:-1 Actual:-1 Limit:-1 Start:-1 End:-1 ExpectedType: ActualType:}} Provider:<nil> Outcome: Refunded:false}"
2026/09/22 10:16:45 INFO generation_trace event="{RelatedRunID: ActorKind: RequestID:req_REay9uLI16tkpQXXpdLHkw RunID: ModelID: Sequence:37 ElapsedMS:11 Kind:check_begin Late:false Fact:{Stage:preflight State:running BeginMS:1 EndMS:-1 DurationMS:-1 Check:transaction_commit Detail:{Reason: Field: Target:-1 Actual:-1 Limit:-1 Start:-1 End:-1 ExpectedType: ActualType:}} Provider:<nil> Outcome: Refunded:false}"
2026/09/22 10:16:45 INFO generation_trace event="{RelatedRunID: ActorKind: RequestID:req_REay9uLI16tkpQXXpdLHkw RunID:01a0c6e6-bbfd-73c0-b293-7fd14727a07e ModelID:01a0c6e6-b00f-7c59-8ef9-8046d398c5bb Sequence:38 ElapsedMS:11 Kind:run_bound Late:false Fact:{Stage: State: BeginMS:0 EndMS:0 DurationMS:0 Check: Detail:{Reason: Field: Target:0 Actual:0 Limit:0 Start:0 End:0 ExpectedType: ActualType:}} Provider:<nil> Outcome: Refunded:false}"
2026/09/22 10:16:45 INFO generation_trace event="{RelatedRunID: ActorKind: RequestID:req_REay9uLI16tkpQXXpdLHkw RunID:01a0c6e6-bbfd-73c0-b293-7fd14727a07e ModelID:01a0c6e6-b00f-7c59-8ef9-8046d398c5bb Sequence:39 ElapsedMS:11 Kind:check_end Late:false Fact:{Stage:preflight State:ok BeginMS:1 EndMS:11 DurationMS:10 Check:transaction_commit Detail:{Reason: Field: Target:-1 Actual:-1 Limit:-1 Start:-1 End:-1 ExpectedType: ActualType:}} Provider:<nil> Outcome: Refunded:false}"
2026/09/22 10:16:45 INFO generation_trace event="{RelatedRunID: ActorKind: RequestID:req_REay9uLI16tkpQXXpdLHkw RunID:01a0c6e6-bbfd-73c0-b293-7fd14727a07e ModelID:01a0c6e6-b00f-7c59-8ef9-8046d398c5bb Sequence:40 ElapsedMS:11 Kind:stage_end Late:false Fact:{Stage:preflight State:ok BeginMS:1 EndMS:11 DurationMS:10 Check:transaction_commit Detail:{Reason: Field: Target:-1 Actual:-1 Limit:-1 Start:-1 End:-1 ExpectedType: ActualType:}} Provider:<nil> Outcome: Refunded:false}"
2026/09/22 10:16:45 INFO generation_trace event="{RelatedRunID: ActorKind: RequestID:req_REay9uLI16tkpQXXpdLHkw RunID:01a0c6e6-bbfd-73c0-b293-7fd14727a07e ModelID:01a0c6e6-b00f-7c59-8ef9-8046d398c5bb Sequence:41 ElapsedMS:11 Kind:stage_begin Late:false Fact:{Stage:provider_open State:running BeginMS:11 EndMS:-1 DurationMS:-1 Check: Detail:{Reason: Field: Target:-1 Actual:-1 Limit:-1 Start:-1 End:-1 ExpectedType: ActualType:}} Provider:<nil> Outcome: Refunded:false}"
2026/09/22 10:16:45 INFO generation_trace event="{RelatedRunID: ActorKind: RequestID:req_REay9uLI16tkpQXXpdLHkw RunID:01a0c6e6-bbfd-73c0-b293-7fd14727a07e ModelID:01a0c6e6-b00f-7c59-8ef9-8046d398c5bb Sequence:42 ElapsedMS:12 Kind:check_begin Late:false Fact:{Stage:provider_open State:running BeginMS:11 EndMS:-1 DurationMS:-1 Check:credentials Detail:{Reason: Field: Target:-1 Actual:-1 Limit:-1 Start:-1 End:-1 ExpectedType: ActualType:}} Provider:<nil> Outcome: Refunded:false}"
2026/09/22 10:16:45 INFO generation_trace event="{RelatedRunID: ActorKind: RequestID:req_REay9uLI16tkpQXXpdLHkw RunID:01a0c6e6-bbfd-73c0-b293-7fd14727a07e ModelID:01a0c6e6-b00f-7c59-8ef9-8046d398c5bb Sequence:43 ElapsedMS:12 Kind:check_end Late:false Fact:{Stage:provider_open State:ok BeginMS:11 EndMS:-1 DurationMS:-1 Check:credentials Detail:{Reason: Field: Target:-1 Actual:-1 Limit:-1 Start:-1 End:-1 ExpectedType: ActualType:}} Provider:<nil> Outcome: Refunded:false}"
2026/09/22 10:16:45 INFO generation_trace event="{RelatedRunID: ActorKind: RequestID:req_REay9uLI16tkpQXXpdLHkw RunID:01a0c6e6-bbfd-73c0-b293-7fd14727a07e ModelID:01a0c6e6-b00f-7c59-8ef9-8046d398c5bb Sequence:44 ElapsedMS:12 Kind:check_begin Late:false Fact:{Stage:provider_open State:running BeginMS:11 EndMS:-1 DurationMS:-1 Check:request_encode Detail:{Reason: Field: Target:-1 Actual:-1 Limit:-1 Start:-1 End:-1 ExpectedType: ActualType:}} Provider:<nil> Outcome: Refunded:false}"
2026/09/22 10:16:45 INFO generation_trace event="{RelatedRunID: ActorKind: RequestID:req_REay9uLI16tkpQXXpdLHkw RunID:01a0c6e6-bbfd-73c0-b293-7fd14727a07e ModelID:01a0c6e6-b00f-7c59-8ef9-8046d398c5bb Sequence:45 ElapsedMS:13 Kind:check_end Late:false Fact:{Stage:provider_open State:ok BeginMS:11 EndMS:-1 DurationMS:-1 Check:request_encode Detail:{Reason: Field: Target:-1 Actual:-1 Limit:-1 Start:-1 End:-1 ExpectedType: ActualType:}} Provider:<nil> Outcome: Refunded:false}"
2026/09/22 10:16:45 INFO generation_trace event="{RelatedRunID: ActorKind: RequestID:req_REay9uLI16tkpQXXpdLHkw RunID:01a0c6e6-bbfd-73c0-b293-7fd14727a07e ModelID:01a0c6e6-b00f-7c59-8ef9-8046d398c5bb Sequence:46 ElapsedMS:13 Kind:check_begin Late:false Fact:{Stage:provider_open State:running BeginMS:11 EndMS:-1 DurationMS:-1 Check:request_create Detail:{Reason: Field: Target:-1 Actual:-1 Limit:-1 Start:-1 End:-1 ExpectedType: ActualType:}} Provider:<nil> Outcome: Refunded:false}"
2026/09/22 10:16:45 INFO generation_trace event="{RelatedRunID: ActorKind: RequestID:req_REay9uLI16tkpQXXpdLHkw RunID:01a0c6e6-bbfd-73c0-b293-7fd14727a07e ModelID:01a0c6e6-b00f-7c59-8ef9-8046d398c5bb Sequence:47 ElapsedMS:13 Kind:check_end Late:false Fact:{Stage:provider_open State:ok BeginMS:11 EndMS:-1 DurationMS:-1 Check:request_create Detail:{Reason: Field: Target:-1 Actual:-1 Limit:-1 Start:-1 End:-1 ExpectedType: ActualType:}} Provider:<nil> Outcome: Refunded:false}"
2026/09/22 10:16:45 INFO generation_trace event="{RelatedRunID: ActorKind: RequestID:req_REay9uLI16tkpQXXpdLHkw RunID:01a0c6e6-bbfd-73c0-b293-7fd14727a07e ModelID:01a0c6e6-b00f-7c59-8ef9-8046d398c5bb Sequence:48 ElapsedMS:13 Kind:check_begin Late:false Fact:{Stage:provider_open State:running BeginMS:11 EndMS:-1 DurationMS:-1 Check:request_send Detail:{Reason: Field: Target:-1 Actual:-1 Limit:-1 Start:-1 End:-1 ExpectedType: ActualType:}} Provider:<nil> Outcome: Refunded:false}"
2026/09/22 10:16:45 INFO generation_trace event="{RelatedRunID: ActorKind: RequestID:req_REay9uLI16tkpQXXpdLHkw RunID:01a0c6e6-bbfd-73c0-b293-7fd14727a07e ModelID:01a0c6e6-b00f-7c59-8ef9-8046d398c5bb Sequence:49 ElapsedMS:15 Kind:check_end Late:false Fact:{Stage:provider_open State:ok BeginMS:11 EndMS:-1 DurationMS:-1 Check:request_send Detail:{Reason: Field: Target:-1 Actual:-1 Limit:-1 Start:-1 End:-1 ExpectedType: ActualType:}} Provider:<nil> Outcome: Refunded:false}"
2026/09/22 10:16:45 INFO generation_trace event="{RelatedRunID: ActorKind: RequestID:req_REay9uLI16tkpQXXpdLHkw RunID:01a0c6e6-bbfd-73c0-b293-7fd14727a07e ModelID:01a0c6e6-b00f-7c59-8ef9-8046d398c5bb Sequence:50 ElapsedMS:15 Kind:check_begin Late:false Fact:{Stage:provider_open State:running BeginMS:11 EndMS:-1 DurationMS:-1 Check:response_headers Detail:{Reason: Field: Target:-1 Actual:-1 Limit:-1 Start:-1 End:-1 ExpectedType: ActualType:}} Provider:<nil> Outcome: Refunded:false}"
2026/09/22 10:16:45 INFO generation_trace event="{RelatedRunID: ActorKind: RequestID:req_REay9uLI16tkpQXXpdLHkw RunID:01a0c6e6-bbfd-73c0-b293-7fd14727a07e ModelID:01a0c6e6-b00f-7c59-8ef9-8046d398c5bb Sequence:51 ElapsedMS:15 Kind:provider Late:false Fact:{Stage:provider_open State:running BeginMS:11 EndMS:-1 DurationMS:-1 Check:response_headers Detail:{Reason: Field: Target:-1 Actual:-1 Limit:-1 Start:-1 End:-1 ExpectedType: ActualType:}} Provider:0xc00421c0a0 Outcome: Refunded:false}"
2026/09/22 10:16:45 INFO generation_trace event="{RelatedRunID: ActorKind: RequestID:req_REay9uLI16tkpQXXpdLHkw RunID:01a0c6e6-bbfd-73c0-b293-7fd14727a07e ModelID:01a0c6e6-b00f-7c59-8ef9-8046d398c5bb Sequence:52 ElapsedMS:15 Kind:check_end Late:false Fact:{Stage:provider_open State:ok BeginMS:11 EndMS:15 DurationMS:4 Check:response_headers Detail:{Reason: Field: Target:-1 Actual:-1 Limit:-1 Start:-1 End:-1 ExpectedType: ActualType:}} Provider:<nil> Outcome: Refunded:false}"
2026/09/22 10:16:45 INFO generation_trace event="{RelatedRunID: ActorKind: RequestID:req_REay9uLI16tkpQXXpdLHkw RunID:01a0c6e6-bbfd-73c0-b293-7fd14727a07e ModelID:01a0c6e6-b00f-7c59-8ef9-8046d398c5bb Sequence:53 ElapsedMS:15 Kind:stage_end Late:false Fact:{Stage:provider_open State:ok BeginMS:11 EndMS:15 DurationMS:4 Check:response_headers Detail:{Reason: Field: Target:-1 Actual:-1 Limit:-1 Start:-1 End:-1 ExpectedType: ActualType:}} Provider:<nil> Outcome: Refunded:false}"
2026/09/22 10:16:45 INFO generation_trace event="{RelatedRunID: ActorKind: RequestID:req_REay9uLI16tkpQXXpdLHkw RunID:01a0c6e6-bbfd-73c0-b293-7fd14727a07e ModelID:01a0c6e6-b00f-7c59-8ef9-8046d398c5bb Sequence:54 ElapsedMS:15 Kind:stage_begin Late:false Fact:{Stage:delivery State:running BeginMS:15 EndMS:-1 DurationMS:-1 Check: Detail:{Reason: Field: Target:-1 Actual:-1 Limit:-1 Start:-1 End:-1 ExpectedType: ActualType:}} Provider:<nil> Outcome: Refunded:false}"
2026/09/22 10:16:45 INFO generation_trace event="{RelatedRunID: ActorKind: RequestID:req_REay9uLI16tkpQXXpdLHkw RunID:01a0c6e6-bbfd-73c0-b293-7fd14727a07e ModelID:01a0c6e6-b00f-7c59-8ef9-8046d398c5bb Sequence:55 ElapsedMS:15 Kind:fact Late:false Fact:{Stage:delivery State:running BeginMS:15 EndMS:-1 DurationMS:-1 Check:started Detail:{Reason: Field: Target:-1 Actual:192 Limit:-1 Start:-1 End:-1 ExpectedType: ActualType:}} Provider:<nil> Outcome: Refunded:false}"
2026/09/22 10:16:45 INFO generation_trace event="{RelatedRunID: ActorKind: RequestID:req_REay9uLI16tkpQXXpdLHkw RunID:01a0c6e6-bbfd-73c0-b293-7fd14727a07e ModelID:01a0c6e6-b00f-7c59-8ef9-8046d398c5bb Sequence:56 ElapsedMS:15 Kind:stage_begin Late:false Fact:{Stage:provider_stream State:running BeginMS:15 EndMS:-1 DurationMS:-1 Check: Detail:{Reason: Field: Target:-1 Actual:-1 Limit:-1 Start:-1 End:-1 ExpectedType: ActualType:}} Provider:<nil> Outcome: Refunded:false}"
2026/09/22 10:16:45 INFO generation_trace event="{RelatedRunID: ActorKind: RequestID:req_REay9uLI16tkpQXXpdLHkw RunID:01a0c6e6-bbfd-73c0-b293-7fd14727a07e ModelID:01a0c6e6-b00f-7c59-8ef9-8046d398c5bb Sequence:57 ElapsedMS:16 Kind:fact Late:false Fact:{Stage:provider_stream State:running BeginMS:15 EndMS:-1 DurationMS:-1 Check:frame Detail:{Reason: Field: Target:-1 Actual:1 Limit:-1 Start:-1 End:690 ExpectedType: ActualType:}} Provider:<nil> Outcome: Refunded:false}"
2026/09/22 10:16:45 INFO generation_trace event="{RelatedRunID: ActorKind: RequestID:req_REay9uLI16tkpQXXpdLHkw RunID:01a0c6e6-bbfd-73c0-b293-7fd14727a07e ModelID:01a0c6e6-b00f-7c59-8ef9-8046d398c5bb Sequence:58 ElapsedMS:16 Kind:provider Late:false Fact:{Stage:provider_stream State:running BeginMS:15 EndMS:-1 DurationMS:-1 Check: Detail:{Reason: Field: Target:-1 Actual:-1 Limit:-1 Start:-1 End:-1 ExpectedType: ActualType:}} Provider:0xc00421c280 Outcome: Refunded:false}"
2026/09/22 10:16:45 INFO generation_trace event="{RelatedRunID: ActorKind: RequestID:req_REay9uLI16tkpQXXpdLHkw RunID:01a0c6e6-bbfd-73c0-b293-7fd14727a07e ModelID:01a0c6e6-b00f-7c59-8ef9-8046d398c5bb Sequence:59 ElapsedMS:16 Kind:first_provider_content Late:false Fact:{Stage:provider_stream State:running BeginMS:15 EndMS:-1 DurationMS:-1 Check:content Detail:{Reason: Field: Target:-1 Actual:632 Limit:16777216 Start:0 End:632 ExpectedType: ActualType:}} Provider:<nil> Outcome: Refunded:false}"
2026/09/22 10:16:45 INFO generation_trace event="{RelatedRunID: ActorKind: RequestID:req_REay9uLI16tkpQXXpdLHkw RunID:01a0c6e6-bbfd-73c0-b293-7fd14727a07e ModelID:01a0c6e6-b00f-7c59-8ef9-8046d398c5bb Sequence:60 ElapsedMS:16 Kind:fact Late:false Fact:{Stage:provider_stream State:running BeginMS:15 EndMS:-1 DurationMS:-1 Check:content Detail:{Reason: Field: Target:-1 Actual:632 Limit:16777216 Start:0 End:632 ExpectedType: ActualType:}} Provider:<nil> Outcome: Refunded:false}"
2026/09/22 10:16:45 INFO generation_trace event="{RelatedRunID: ActorKind: RequestID:req_REay9uLI16tkpQXXpdLHkw RunID:01a0c6e6-bbfd-73c0-b293-7fd14727a07e ModelID:01a0c6e6-b00f-7c59-8ef9-8046d398c5bb Sequence:61 ElapsedMS:16 Kind:stage_begin Late:false Fact:{Stage:passage_decode State:running BeginMS:16 EndMS:-1 DurationMS:-1 Check: Detail:{Reason: Field: Target:-1 Actual:-1 Limit:-1 Start:-1 End:-1 ExpectedType: ActualType:}} Provider:<nil> Outcome: Refunded:false}"
2026/09/22 10:16:45 INFO generation_trace event="{RelatedRunID: ActorKind: RequestID:req_REay9uLI16tkpQXXpdLHkw RunID:01a0c6e6-bbfd-73c0-b293-7fd14727a07e ModelID:01a0c6e6-b00f-7c59-8ef9-8046d398c5bb Sequence:62 ElapsedMS:16 Kind:stage_end Late:false Fact:{Stage:provider_stream State:ok BeginMS:15 EndMS:16 DurationMS:1 Check: Detail:{Reason: Field: Target:-1 Actual:-1 Limit:-1 Start:-1 End:-1 ExpectedType: ActualType:}} Provider:<nil> Outcome: Refunded:false}"
2026/09/22 10:16:45 INFO generation_trace event="{RelatedRunID: ActorKind: RequestID:req_REay9uLI16tkpQXXpdLHkw RunID:01a0c6e6-bbfd-73c0-b293-7fd14727a07e ModelID:01a0c6e6-b00f-7c59-8ef9-8046d398c5bb Sequence:63 ElapsedMS:16 Kind:stage_begin Late:false Fact:{Stage:candidate_decode State:running BeginMS:16 EndMS:-1 DurationMS:-1 Check: Detail:{Reason: Field: Target:-1 Actual:-1 Limit:-1 Start:-1 End:-1 ExpectedType: ActualType:}} Provider:<nil> Outcome: Refunded:false}"
2026/09/22 10:16:45 INFO generation_trace event="{RelatedRunID: ActorKind: RequestID:req_REay9uLI16tkpQXXpdLHkw RunID:01a0c6e6-bbfd-73c0-b293-7fd14727a07e ModelID:01a0c6e6-b00f-7c59-8ef9-8046d398c5bb Sequence:64 ElapsedMS:16 Kind:check_begin Late:false Fact:{Stage:candidate_decode State:running BeginMS:16 EndMS:-1 DurationMS:-1 Check:json_schema Detail:{Reason: Field: Target:-1 Actual:-1 Limit:-1 Start:-1 End:-1 ExpectedType: ActualType:}} Provider:<nil> Outcome: Refunded:false}"
2026/09/22 10:16:45 INFO generation_trace event="{RelatedRunID: ActorKind: RequestID:req_REay9uLI16tkpQXXpdLHkw RunID:01a0c6e6-bbfd-73c0-b293-7fd14727a07e ModelID:01a0c6e6-b00f-7c59-8ef9-8046d398c5bb Sequence:65 ElapsedMS:16 Kind:check_end Late:false Fact:{Stage:candidate_decode State:ok BeginMS:16 EndMS:-1 DurationMS:-1 Check:json_schema Detail:{Reason: Field: Target:-1 Actual:-1 Limit:-1 Start:-1 End:-1 ExpectedType: ActualType:}} Provider:<nil> Outcome: Refunded:false}"
2026/09/22 10:16:45 INFO generation_trace event="{RelatedRunID: ActorKind: RequestID:req_REay9uLI16tkpQXXpdLHkw RunID:01a0c6e6-bbfd-73c0-b293-7fd14727a07e ModelID:01a0c6e6-b00f-7c59-8ef9-8046d398c5bb Sequence:66 ElapsedMS:16 Kind:check_begin Late:false Fact:{Stage:candidate_decode State:running BeginMS:16 EndMS:-1 DurationMS:-1 Check:candidate_bytes Detail:{Reason: Field: Target:-1 Actual:-1 Limit:-1 Start:-1 End:-1 ExpectedType: ActualType:}} Provider:<nil> Outcome: Refunded:false}"
2026/09/22 10:16:45 INFO generation_trace event="{RelatedRunID: ActorKind: RequestID:req_REay9uLI16tkpQXXpdLHkw RunID:01a0c6e6-bbfd-73c0-b293-7fd14727a07e ModelID:01a0c6e6-b00f-7c59-8ef9-8046d398c5bb Sequence:67 ElapsedMS:16 Kind:fact Late:false Fact:{Stage:candidate_decode State:running BeginMS:16 EndMS:-1 DurationMS:-1 Check:candidate_bytes Detail:{Reason: Field: Target:-1 Actual:632 Limit:16777216 Start:-1 End:-1 ExpectedType: ActualType:}} Provider:<nil> Outcome: Refunded:false}"
2026/09/22 10:16:45 INFO generation_trace event="{RelatedRunID: ActorKind: RequestID:req_REay9uLI16tkpQXXpdLHkw RunID:01a0c6e6-bbfd-73c0-b293-7fd14727a07e ModelID:01a0c6e6-b00f-7c59-8ef9-8046d398c5bb Sequence:68 ElapsedMS:16 Kind:check_end Late:false Fact:{Stage:candidate_decode State:ok BeginMS:16 EndMS:-1 DurationMS:-1 Check:candidate_bytes Detail:{Reason: Field: Target:-1 Actual:-1 Limit:-1 Start:-1 End:-1 ExpectedType: ActualType:}} Provider:<nil> Outcome: Refunded:false}"
2026/09/22 10:16:45 INFO generation_trace event="{RelatedRunID: ActorKind: RequestID:req_REay9uLI16tkpQXXpdLHkw RunID:01a0c6e6-bbfd-73c0-b293-7fd14727a07e ModelID:01a0c6e6-b00f-7c59-8ef9-8046d398c5bb Sequence:69 ElapsedMS:17 Kind:check_begin Late:false Fact:{Stage:candidate_decode State:running BeginMS:16 EndMS:-1 DurationMS:-1 Check:candidate_encoding Detail:{Reason: Field: Target:-1 Actual:-1 Limit:-1 Start:-1 End:-1 ExpectedType: ActualType:}} Provider:<nil> Outcome: Refunded:false}"
2026/09/22 10:16:45 INFO generation_trace event="{RelatedRunID: ActorKind: RequestID:req_REay9uLI16tkpQXXpdLHkw RunID:01a0c6e6-bbfd-73c0-b293-7fd14727a07e ModelID:01a0c6e6-b00f-7c59-8ef9-8046d398c5bb Sequence:70 ElapsedMS:17 Kind:first_browser_content Late:false Fact:{Stage:delivery State:running BeginMS:15 EndMS:-1 DurationMS:-1 Check:delta Detail:{Reason: Field: Target:-1 Actual:465 Limit:-1 Start:-1 End:-1 ExpectedType: ActualType:}} Provider:<nil> Outcome: Refunded:false}"
2026/09/22 10:16:45 INFO generation_trace event="{RelatedRunID: ActorKind: RequestID:req_REay9uLI16tkpQXXpdLHkw RunID:01a0c6e6-bbfd-73c0-b293-7fd14727a07e ModelID:01a0c6e6-b00f-7c59-8ef9-8046d398c5bb Sequence:71 ElapsedMS:17 Kind:fact Late:false Fact:{Stage:delivery State:running BeginMS:15 EndMS:-1 DurationMS:-1 Check:delta Detail:{Reason: Field: Target:-1 Actual:465 Limit:-1 Start:-1 End:-1 ExpectedType: ActualType:}} Provider:<nil> Outcome: Refunded:false}"
2026/09/22 10:16:45 INFO generation_trace event="{RelatedRunID: ActorKind: RequestID:req_REay9uLI16tkpQXXpdLHkw RunID:01a0c6e6-bbfd-73c0-b293-7fd14727a07e ModelID:01a0c6e6-b00f-7c59-8ef9-8046d398c5bb Sequence:72 ElapsedMS:17 Kind:check_end Late:false Fact:{Stage:candidate_decode State:ok BeginMS:16 EndMS:-1 DurationMS:-1 Check:candidate_encoding Detail:{Reason: Field: Target:-1 Actual:-1 Limit:-1 Start:-1 End:-1 ExpectedType: ActualType:}} Provider:<nil> Outcome: Refunded:false}"
2026/09/22 10:16:45 INFO generation_trace event="{RelatedRunID: ActorKind: RequestID:req_REay9uLI16tkpQXXpdLHkw RunID:01a0c6e6-bbfd-73c0-b293-7fd14727a07e ModelID:01a0c6e6-b00f-7c59-8ef9-8046d398c5bb Sequence:73 ElapsedMS:17 Kind:check_begin Late:false Fact:{Stage:candidate_decode State:running BeginMS:16 EndMS:-1 DurationMS:-1 Check:candidate_nonempty Detail:{Reason: Field: Target:-1 Actual:-1 Limit:-1 Start:-1 End:-1 ExpectedType: ActualType:}} Provider:<nil> Outcome: Refunded:false}"
2026/09/22 10:16:45 INFO generation_trace event="{RelatedRunID: ActorKind: RequestID:req_REay9uLI16tkpQXXpdLHkw RunID:01a0c6e6-bbfd-73c0-b293-7fd14727a07e ModelID:01a0c6e6-b00f-7c59-8ef9-8046d398c5bb Sequence:74 ElapsedMS:17 Kind:check_end Late:false Fact:{Stage:candidate_decode State:ok BeginMS:16 EndMS:-1 DurationMS:-1 Check:candidate_nonempty Detail:{Reason: Field: Target:-1 Actual:-1 Limit:-1 Start:-1 End:-1 ExpectedType: ActualType:}} Provider:<nil> Outcome: Refunded:false}"
2026/09/22 10:16:45 INFO generation_trace event="{RelatedRunID: ActorKind: RequestID:req_REay9uLI16tkpQXXpdLHkw RunID:01a0c6e6-bbfd-73c0-b293-7fd14727a07e ModelID:01a0c6e6-b00f-7c59-8ef9-8046d398c5bb Sequence:75 ElapsedMS:17 Kind:check_begin Late:false Fact:{Stage:candidate_decode State:running BeginMS:16 EndMS:-1 DurationMS:-1 Check:passage_first Detail:{Reason: Field: Target:-1 Actual:-1 Limit:-1 Start:-1 End:-1 ExpectedType: ActualType:}} Provider:<nil> Outcome: Refunded:false}"
2026/09/22 10:16:45 INFO generation_trace event="{RelatedRunID: ActorKind: RequestID:req_REay9uLI16tkpQXXpdLHkw RunID:01a0c6e6-bbfd-73c0-b293-7fd14727a07e ModelID:01a0c6e6-b00f-7c59-8ef9-8046d398c5bb Sequence:76 ElapsedMS:17 Kind:check_end Late:false Fact:{Stage:candidate_decode State:ok BeginMS:16 EndMS:-1 DurationMS:-1 Check:passage_first Detail:{Reason: Field: Target:-1 Actual:-1 Limit:-1 Start:-1 End:-1 ExpectedType: ActualType:}} Provider:<nil> Outcome: Refunded:false}"
2026/09/22 10:16:45 INFO generation_trace event="{RelatedRunID: ActorKind: RequestID:req_REay9uLI16tkpQXXpdLHkw RunID:01a0c6e6-bbfd-73c0-b293-7fd14727a07e ModelID:01a0c6e6-b00f-7c59-8ef9-8046d398c5bb Sequence:77 ElapsedMS:17 Kind:check_begin Late:false Fact:{Stage:candidate_decode State:running BeginMS:16 EndMS:-1 DurationMS:-1 Check:json_tokens Detail:{Reason: Field: Target:-1 Actual:-1 Limit:-1 Start:-1 End:-1 ExpectedType: ActualType:}} Provider:<nil> Outcome: Refunded:false}"
2026/09/22 10:16:45 INFO generation_trace event="{RelatedRunID: ActorKind: RequestID:req_REay9uLI16tkpQXXpdLHkw RunID:01a0c6e6-bbfd-73c0-b293-7fd14727a07e ModelID:01a0c6e6-b00f-7c59-8ef9-8046d398c5bb Sequence:78 ElapsedMS:17 Kind:check_end Late:false Fact:{Stage:candidate_decode State:ok BeginMS:16 EndMS:-1 DurationMS:-1 Check:json_tokens Detail:{Reason: Field: Target:-1 Actual:-1 Limit:-1 Start:-1 End:-1 ExpectedType: ActualType:}} Provider:<nil> Outcome: Refunded:false}"
2026/09/22 10:16:45 INFO generation_trace event="{RelatedRunID: ActorKind: RequestID:req_REay9uLI16tkpQXXpdLHkw RunID:01a0c6e6-bbfd-73c0-b293-7fd14727a07e ModelID:01a0c6e6-b00f-7c59-8ef9-8046d398c5bb Sequence:79 ElapsedMS:17 Kind:check_begin Late:false Fact:{Stage:candidate_decode State:running BeginMS:16 EndMS:-1 DurationMS:-1 Check:candidate_keys Detail:{Reason: Field: Target:-1 Actual:-1 Limit:-1 Start:-1 End:-1 ExpectedType: ActualType:}} Provider:<nil> Outcome: Refunded:false}"
2026/09/22 10:16:45 INFO generation_trace event="{RelatedRunID: ActorKind: RequestID:req_REay9uLI16tkpQXXpdLHkw RunID:01a0c6e6-bbfd-73c0-b293-7fd14727a07e ModelID:01a0c6e6-b00f-7c59-8ef9-8046d398c5bb Sequence:80 ElapsedMS:17 Kind:check_end Late:false Fact:{Stage:candidate_decode State:ok BeginMS:16 EndMS:-1 DurationMS:-1 Check:candidate_keys Detail:{Reason: Field: Target:-1 Actual:-1 Limit:-1 Start:-1 End:-1 ExpectedType: ActualType:}} Provider:<nil> Outcome: Refunded:false}"
2026/09/22 10:16:45 INFO generation_trace event="{RelatedRunID: ActorKind: RequestID:req_REay9uLI16tkpQXXpdLHkw RunID:01a0c6e6-bbfd-73c0-b293-7fd14727a07e ModelID:01a0c6e6-b00f-7c59-8ef9-8046d398c5bb Sequence:81 ElapsedMS:18 Kind:check_begin Late:false Fact:{Stage:candidate_decode State:running BeginMS:16 EndMS:-1 DurationMS:-1 Check:targets_type Detail:{Reason: Field: Target:-1 Actual:-1 Limit:-1 Start:-1 End:-1 ExpectedType: ActualType:}} Provider:<nil> Outcome: Refunded:false}"
2026/09/22 10:16:45 INFO generation_trace event="{RelatedRunID: ActorKind: RequestID:req_REay9uLI16tkpQXXpdLHkw RunID:01a0c6e6-bbfd-73c0-b293-7fd14727a07e ModelID:01a0c6e6-b00f-7c59-8ef9-8046d398c5bb Sequence:82 ElapsedMS:18 Kind:check_end Late:false Fact:{Stage:candidate_decode State:ok BeginMS:16 EndMS:-1 DurationMS:-1 Check:targets_type Detail:{Reason: Field: Target:-1 Actual:-1 Limit:-1 Start:-1 End:-1 ExpectedType: ActualType:}} Provider:<nil> Outcome: Refunded:false}"
2026/09/22 10:16:45 INFO generation_trace event="{RelatedRunID: ActorKind: RequestID:req_REay9uLI16tkpQXXpdLHkw RunID:01a0c6e6-bbfd-73c0-b293-7fd14727a07e ModelID:01a0c6e6-b00f-7c59-8ef9-8046d398c5bb Sequence:83 ElapsedMS:18 Kind:check_begin Late:false Fact:{Stage:candidate_decode State:running BeginMS:16 EndMS:-1 DurationMS:-1 Check:target_keys Detail:{Reason: Field: Target:0 Actual:-1 Limit:-1 Start:-1 End:-1 ExpectedType: ActualType:}} Provider:<nil> Outcome: Refunded:false}"
2026/09/22 10:16:45 INFO generation_trace event="{RelatedRunID: ActorKind: RequestID:req_REay9uLI16tkpQXXpdLHkw RunID:01a0c6e6-bbfd-73c0-b293-7fd14727a07e ModelID:01a0c6e6-b00f-7c59-8ef9-8046d398c5bb Sequence:84 ElapsedMS:18 Kind:fact Late:false Fact:{Stage:candidate_decode State:running BeginMS:16 EndMS:-1 DurationMS:-1 Check:target_keys Detail:{Reason: Field:targets Target:0 Actual:2 Limit:2 Start:-1 End:-1 ExpectedType: ActualType:}} Provider:<nil> Outcome: Refunded:false}"
2026/09/22 10:16:45 INFO generation_trace event="{RelatedRunID: ActorKind: RequestID:req_REay9uLI16tkpQXXpdLHkw RunID:01a0c6e6-bbfd-73c0-b293-7fd14727a07e ModelID:01a0c6e6-b00f-7c59-8ef9-8046d398c5bb Sequence:85 ElapsedMS:18 Kind:check_end Late:false Fact:{Stage:candidate_decode State:ok BeginMS:16 EndMS:-1 DurationMS:-1 Check:target_keys Detail:{Reason: Field: Target:0 Actual:-1 Limit:-1 Start:-1 End:-1 ExpectedType: ActualType:}} Provider:<nil> Outcome: Refunded:false}"
2026/09/22 10:16:45 INFO generation_trace event="{RelatedRunID: ActorKind: RequestID:req_REay9uLI16tkpQXXpdLHkw RunID:01a0c6e6-bbfd-73c0-b293-7fd14727a07e ModelID:01a0c6e6-b00f-7c59-8ef9-8046d398c5bb Sequence:86 ElapsedMS:18 Kind:check_begin Late:false Fact:{Stage:candidate_decode State:running BeginMS:16 EndMS:-1 DurationMS:-1 Check:json_decode Detail:{Reason: Field: Target:0 Actual:-1 Limit:-1 Start:-1 End:-1 ExpectedType: ActualType:}} Provider:<nil> Outcome: Refunded:false}"
2026/09/22 10:16:45 INFO generation_trace event="{RelatedRunID: ActorKind: RequestID:req_REay9uLI16tkpQXXpdLHkw RunID:01a0c6e6-bbfd-73c0-b293-7fd14727a07e ModelID:01a0c6e6-b00f-7c59-8ef9-8046d398c5bb Sequence:87 ElapsedMS:18 Kind:check_end Late:false Fact:{Stage:candidate_decode State:ok BeginMS:16 EndMS:-1 DurationMS:-1 Check:json_decode Detail:{Reason: Field: Target:0 Actual:-1 Limit:-1 Start:-1 End:-1 ExpectedType: ActualType:}} Provider:<nil> Outcome: Refunded:false}"
2026/09/22 10:16:45 INFO generation_trace event="{RelatedRunID: ActorKind: RequestID:req_REay9uLI16tkpQXXpdLHkw RunID:01a0c6e6-bbfd-73c0-b293-7fd14727a07e ModelID:01a0c6e6-b00f-7c59-8ef9-8046d398c5bb Sequence:88 ElapsedMS:18 Kind:check_begin Late:false Fact:{Stage:candidate_decode State:running BeginMS:16 EndMS:-1 DurationMS:-1 Check:json_decode Detail:{Reason: Field: Target:-1 Actual:-1 Limit:-1 Start:-1 End:-1 ExpectedType: ActualType:}} Provider:<nil> Outcome: Refunded:false}"
2026/09/22 10:16:45 INFO generation_trace event="{RelatedRunID: ActorKind: RequestID:req_REay9uLI16tkpQXXpdLHkw RunID:01a0c6e6-bbfd-73c0-b293-7fd14727a07e ModelID:01a0c6e6-b00f-7c59-8ef9-8046d398c5bb Sequence:89 ElapsedMS:18 Kind:check_end Late:false Fact:{Stage:candidate_decode State:ok BeginMS:16 EndMS:-1 DurationMS:-1 Check:json_decode Detail:{Reason: Field: Target:-1 Actual:-1 Limit:-1 Start:-1 End:-1 ExpectedType: ActualType:}} Provider:<nil> Outcome: Refunded:false}"
2026/09/22 10:16:45 INFO generation_trace event="{RelatedRunID: ActorKind: RequestID:req_REay9uLI16tkpQXXpdLHkw RunID:01a0c6e6-bbfd-73c0-b293-7fd14727a07e ModelID:01a0c6e6-b00f-7c59-8ef9-8046d398c5bb Sequence:90 ElapsedMS:18 Kind:check_begin Late:false Fact:{Stage:candidate_decode State:running BeginMS:16 EndMS:-1 DurationMS:-1 Check:json_tail Detail:{Reason: Field: Target:-1 Actual:-1 Limit:-1 Start:-1 End:-1 ExpectedType: ActualType:}} Provider:<nil> Outcome: Refunded:false}"
2026/09/22 10:16:45 INFO generation_trace event="{RelatedRunID: ActorKind: RequestID:req_REay9uLI16tkpQXXpdLHkw RunID:01a0c6e6-bbfd-73c0-b293-7fd14727a07e ModelID:01a0c6e6-b00f-7c59-8ef9-8046d398c5bb Sequence:91 ElapsedMS:18 Kind:check_end Late:false Fact:{Stage:candidate_decode State:ok BeginMS:16 EndMS:-1 DurationMS:-1 Check:json_tail Detail:{Reason: Field: Target:-1 Actual:-1 Limit:-1 Start:-1 End:-1 ExpectedType: ActualType:}} Provider:<nil> Outcome: Refunded:false}"
2026/09/22 10:16:45 INFO generation_trace event="{RelatedRunID: ActorKind: RequestID:req_REay9uLI16tkpQXXpdLHkw RunID:01a0c6e6-bbfd-73c0-b293-7fd14727a07e ModelID:01a0c6e6-b00f-7c59-8ef9-8046d398c5bb Sequence:92 ElapsedMS:18 Kind:check_begin Late:false Fact:{Stage:candidate_decode State:running BeginMS:16 EndMS:-1 DurationMS:-1 Check:passage_nonempty Detail:{Reason: Field: Target:-1 Actual:-1 Limit:-1 Start:-1 End:-1 ExpectedType: ActualType:}} Provider:<nil> Outcome: Refunded:false}"
2026/09/22 10:16:45 INFO generation_trace event="{RelatedRunID: ActorKind: RequestID:req_REay9uLI16tkpQXXpdLHkw RunID:01a0c6e6-bbfd-73c0-b293-7fd14727a07e ModelID:01a0c6e6-b00f-7c59-8ef9-8046d398c5bb Sequence:93 ElapsedMS:18 Kind:check_end Late:false Fact:{Stage:candidate_decode State:ok BeginMS:16 EndMS:-1 DurationMS:-1 Check:passage_nonempty Detail:{Reason: Field: Target:-1 Actual:-1 Limit:-1 Start:-1 End:-1 ExpectedType: ActualType:}} Provider:<nil> Outcome: Refunded:false}"
2026/09/22 10:16:45 INFO generation_trace event="{RelatedRunID: ActorKind: RequestID:req_REay9uLI16tkpQXXpdLHkw RunID:01a0c6e6-bbfd-73c0-b293-7fd14727a07e ModelID:01a0c6e6-b00f-7c59-8ef9-8046d398c5bb Sequence:94 ElapsedMS:18 Kind:check_begin Late:false Fact:{Stage:candidate_decode State:running BeginMS:16 EndMS:-1 DurationMS:-1 Check:tag_count Detail:{Reason: Field: Target:-1 Actual:-1 Limit:-1 Start:-1 End:-1 ExpectedType: ActualType:}} Provider:<nil> Outcome: Refunded:false}"
2026/09/22 10:16:45 INFO generation_trace event="{RelatedRunID: ActorKind: RequestID:req_REay9uLI16tkpQXXpdLHkw RunID:01a0c6e6-bbfd-73c0-b293-7fd14727a07e ModelID:01a0c6e6-b00f-7c59-8ef9-8046d398c5bb Sequence:95 ElapsedMS:18 Kind:fact Late:false Fact:{Stage:candidate_decode State:running BeginMS:16 EndMS:-1 DurationMS:-1 Check:tag_count Detail:{Reason: Field:tags Target:-1 Actual:1 Limit:3 Start:-1 End:-1 ExpectedType: ActualType:}} Provider:<nil> Outcome: Refunded:false}"
2026/09/22 10:16:45 INFO generation_trace event="{RelatedRunID: ActorKind: RequestID:req_REay9uLI16tkpQXXpdLHkw RunID:01a0c6e6-bbfd-73c0-b293-7fd14727a07e ModelID:01a0c6e6-b00f-7c59-8ef9-8046d398c5bb Sequence:96 ElapsedMS:19 Kind:check_end Late:false Fact:{Stage:candidate_decode State:ok BeginMS:16 EndMS:-1 DurationMS:-1 Check:tag_count Detail:{Reason: Field: Target:-1 Actual:-1 Limit:-1 Start:-1 End:-1 ExpectedType: ActualType:}} Provider:<nil> Outcome: Refunded:false}"
2026/09/22 10:16:45 INFO generation_trace event="{RelatedRunID: ActorKind: RequestID:req_REay9uLI16tkpQXXpdLHkw RunID:01a0c6e6-bbfd-73c0-b293-7fd14727a07e ModelID:01a0c6e6-b00f-7c59-8ef9-8046d398c5bb Sequence:97 ElapsedMS:19 Kind:check_begin Late:false Fact:{Stage:candidate_decode State:running BeginMS:16 EndMS:-1 DurationMS:-1 Check:targets_nonnull Detail:{Reason: Field: Target:-1 Actual:-1 Limit:-1 Start:-1 End:-1 ExpectedType: ActualType:}} Provider:<nil> Outcome: Refunded:false}"
2026/09/22 10:16:45 INFO generation_trace event="{RelatedRunID: ActorKind: RequestID:req_REay9uLI16tkpQXXpdLHkw RunID:01a0c6e6-bbfd-73c0-b293-7fd14727a07e ModelID:01a0c6e6-b00f-7c59-8ef9-8046d398c5bb Sequence:98 ElapsedMS:19 Kind:check_end Late:false Fact:{Stage:candidate_decode State:ok BeginMS:16 EndMS:-1 DurationMS:-1 Check:targets_nonnull Detail:{Reason: Field: Target:-1 Actual:-1 Limit:-1 Start:-1 End:-1 ExpectedType: ActualType:}} Provider:<nil> Outcome: Refunded:false}"
2026/09/22 10:16:45 INFO generation_trace event="{RelatedRunID: ActorKind: RequestID:req_REay9uLI16tkpQXXpdLHkw RunID:01a0c6e6-bbfd-73c0-b293-7fd14727a07e ModelID:01a0c6e6-b00f-7c59-8ef9-8046d398c5bb Sequence:99 ElapsedMS:19 Kind:check_begin Late:false Fact:{Stage:candidate_decode State:running BeginMS:16 EndMS:-1 DurationMS:-1 Check:tag_size Detail:{Reason: Field: Target:-1 Actual:-1 Limit:-1 Start:-1 End:-1 ExpectedType: ActualType:}} Provider:<nil> Outcome: Refunded:false}"
2026/09/22 10:16:45 INFO generation_trace event="{RelatedRunID: ActorKind: RequestID:req_REay9uLI16tkpQXXpdLHkw RunID:01a0c6e6-bbfd-73c0-b293-7fd14727a07e ModelID:01a0c6e6-b00f-7c59-8ef9-8046d398c5bb Sequence:100 ElapsedMS:19 Kind:fact Late:false Fact:{Stage:candidate_decode State:running BeginMS:16 EndMS:-1 DurationMS:-1 Check:tag_size Detail:{Reason: Field:tags Target:-1 Actual:5 Limit:100 Start:-1 End:-1 ExpectedType: ActualType:}} Provider:<nil> Outcome: Refunded:false}"
2026/09/22 10:16:45 INFO generation_trace event="{RelatedRunID: ActorKind: RequestID:req_REay9uLI16tkpQXXpdLHkw RunID:01a0c6e6-bbfd-73c0-b293-7fd14727a07e ModelID:01a0c6e6-b00f-7c59-8ef9-8046d398c5bb Sequence:101 ElapsedMS:19 Kind:check_end Late:false Fact:{Stage:candidate_decode State:ok BeginMS:16 EndMS:-1 DurationMS:-1 Check:tag_size Detail:{Reason: Field: Target:-1 Actual:-1 Limit:-1 Start:-1 End:-1 ExpectedType: ActualType:}} Provider:<nil> Outcome: Refunded:false}"
2026/09/22 10:16:45 INFO generation_trace event="{RelatedRunID: ActorKind: RequestID:req_REay9uLI16tkpQXXpdLHkw RunID:01a0c6e6-bbfd-73c0-b293-7fd14727a07e ModelID:01a0c6e6-b00f-7c59-8ef9-8046d398c5bb Sequence:102 ElapsedMS:19 Kind:check_begin Late:false Fact:{Stage:candidate_decode State:running BeginMS:16 EndMS:-1 DurationMS:-1 Check:source_entry_size Detail:{Reason: Field: Target:0 Actual:-1 Limit:-1 Start:-1 End:-1 ExpectedType: ActualType:}} Provider:<nil> Outcome: Refunded:false}"
2026/09/22 10:16:45 INFO generation_trace event="{RelatedRunID: ActorKind: RequestID:req_REay9uLI16tkpQXXpdLHkw RunID:01a0c6e6-bbfd-73c0-b293-7fd14727a07e ModelID:01a0c6e6-b00f-7c59-8ef9-8046d398c5bb Sequence:103 ElapsedMS:19 Kind:fact Late:false Fact:{Stage:candidate_decode State:running BeginMS:16 EndMS:-1 DurationMS:-1 Check:source_entry_size Detail:{Reason: Field:source_entry Target:0 Actual:5 Limit:128 Start:-1 End:-1 ExpectedType: ActualType:}} Provider:<nil> Outcome: Refunded:false}"
2026/09/22 10:16:45 INFO generation_trace event="{RelatedRunID: ActorKind: RequestID:req_REay9uLI16tkpQXXpdLHkw RunID:01a0c6e6-bbfd-73c0-b293-7fd14727a07e ModelID:01a0c6e6-b00f-7c59-8ef9-8046d398c5bb Sequence:104 ElapsedMS:19 Kind:check_end Late:false Fact:{Stage:candidate_decode State:ok BeginMS:16 EndMS:-1 DurationMS:-1 Check:source_entry_size Detail:{Reason: Field: Target:0 Actual:-1 Limit:-1 Start:-1 End:-1 ExpectedType: ActualType:}} Provider:<nil> Outcome: Refunded:false}"
2026/09/22 10:16:45 INFO generation_trace event="{RelatedRunID: ActorKind: RequestID:req_REay9uLI16tkpQXXpdLHkw RunID:01a0c6e6-bbfd-73c0-b293-7fd14727a07e ModelID:01a0c6e6-b00f-7c59-8ef9-8046d398c5bb Sequence:105 ElapsedMS:19 Kind:check_begin Late:false Fact:{Stage:candidate_decode State:running BeginMS:16 EndMS:-1 DurationMS:-1 Check:meaning_size Detail:{Reason: Field: Target:0 Actual:-1 Limit:-1 Start:-1 End:-1 ExpectedType: ActualType:}} Provider:<nil> Outcome: Refunded:false}"
2026/09/22 10:16:45 INFO generation_trace event="{RelatedRunID: ActorKind: RequestID:req_REay9uLI16tkpQXXpdLHkw RunID:01a0c6e6-bbfd-73c0-b293-7fd14727a07e ModelID:01a0c6e6-b00f-7c59-8ef9-8046d398c5bb Sequence:106 ElapsedMS:19 Kind:fact Late:false Fact:{Stage:candidate_decode State:running BeginMS:16 EndMS:-1 DurationMS:-1 Check:meaning_size Detail:{Reason: Field:entry_meaning Target:0 Actual:28 Limit:500 Start:-1 End:-1 ExpectedType: ActualType:}} Provider:<nil> Outcome: Refunded:false}"
2026/09/22 10:16:45 INFO generation_trace event="{RelatedRunID: ActorKind: RequestID:req_REay9uLI16tkpQXXpdLHkw RunID:01a0c6e6-bbfd-73c0-b293-7fd14727a07e ModelID:01a0c6e6-b00f-7c59-8ef9-8046d398c5bb Sequence:107 ElapsedMS:19 Kind:check_end Late:false Fact:{Stage:candidate_decode State:ok BeginMS:16 EndMS:-1 DurationMS:-1 Check:meaning_size Detail:{Reason: Field: Target:0 Actual:-1 Limit:-1 Start:-1 End:-1 ExpectedType: ActualType:}} Provider:<nil> Outcome: Refunded:false}"
2026/09/22 10:16:45 INFO generation_trace event="{RelatedRunID: ActorKind: RequestID:req_REay9uLI16tkpQXXpdLHkw RunID:01a0c6e6-bbfd-73c0-b293-7fd14727a07e ModelID:01a0c6e6-b00f-7c59-8ef9-8046d398c5bb Sequence:108 ElapsedMS:19 Kind:check_begin Late:false Fact:{Stage:candidate_decode State:running BeginMS:16 EndMS:-1 DurationMS:-1 Check:hint_size Detail:{Reason: Field: Target:0 Actual:-1 Limit:-1 Start:-1 End:-1 ExpectedType: ActualType:}} Provider:<nil> Outcome: Refunded:false}"
2026/09/22 10:16:45 INFO generation_trace event="{RelatedRunID: ActorKind: RequestID:req_REay9uLI16tkpQXXpdLHkw RunID:01a0c6e6-bbfd-73c0-b293-7fd14727a07e ModelID:01a0c6e6-b00f-7c59-8ef9-8046d398c5bb Sequence:109 ElapsedMS:19 Kind:fact Late:false Fact:{Stage:candidate_decode State:running BeginMS:16 EndMS:-1 DurationMS:-1 Check:hint_size Detail:{Reason: Field:hint_phrase Target:0 Actual:69 Limit:65500 Start:-1 End:-1 ExpectedType: ActualType:}} Provider:<nil> Outcome: Refunded:false}"
2026/09/22 10:16:45 INFO generation_trace event="{RelatedRunID: ActorKind: RequestID:req_REay9uLI16tkpQXXpdLHkw RunID:01a0c6e6-bbfd-73c0-b293-7fd14727a07e ModelID:01a0c6e6-b00f-7c59-8ef9-8046d398c5bb Sequence:110 ElapsedMS:19 Kind:check_end Late:false Fact:{Stage:candidate_decode State:ok BeginMS:16 EndMS:19 DurationMS:3 Check:hint_size Detail:{Reason: Field: Target:-1 Actual:-1 Limit:-1 Start:-1 End:-1 ExpectedType: ActualType:}} Provider:<nil> Outcome: Refunded:false}"
2026/09/22 10:16:45 INFO generation_trace event="{RelatedRunID: ActorKind: RequestID:req_REay9uLI16tkpQXXpdLHkw RunID:01a0c6e6-bbfd-73c0-b293-7fd14727a07e ModelID:01a0c6e6-b00f-7c59-8ef9-8046d398c5bb Sequence:111 ElapsedMS:19 Kind:stage_end Late:false Fact:{Stage:candidate_decode State:ok BeginMS:16 EndMS:19 DurationMS:3 Check:hint_size Detail:{Reason: Field: Target:-1 Actual:-1 Limit:-1 Start:-1 End:-1 ExpectedType: ActualType:}} Provider:<nil> Outcome: Refunded:false}"
2026/09/22 10:16:45 INFO generation_trace event="{RelatedRunID: ActorKind: RequestID:req_REay9uLI16tkpQXXpdLHkw RunID:01a0c6e6-bbfd-73c0-b293-7fd14727a07e ModelID:01a0c6e6-b00f-7c59-8ef9-8046d398c5bb Sequence:112 ElapsedMS:20 Kind:check_begin Late:false Fact:{Stage:passage_decode State:running BeginMS:16 EndMS:-1 DurationMS:-1 Check:clean_consistency Detail:{Reason: Field: Target:-1 Actual:-1 Limit:-1 Start:-1 End:-1 ExpectedType: ActualType:}} Provider:<nil> Outcome: Refunded:false}"
2026/09/22 10:16:45 INFO generation_trace event="{RelatedRunID: ActorKind: RequestID:req_REay9uLI16tkpQXXpdLHkw RunID:01a0c6e6-bbfd-73c0-b293-7fd14727a07e ModelID:01a0c6e6-b00f-7c59-8ef9-8046d398c5bb Sequence:113 ElapsedMS:20 Kind:check_end Late:false Fact:{Stage:passage_decode State:ok BeginMS:16 EndMS:20 DurationMS:4 Check:clean_consistency Detail:{Reason: Field: Target:-1 Actual:-1 Limit:-1 Start:-1 End:-1 ExpectedType: ActualType:}} Provider:<nil> Outcome: Refunded:false}"
2026/09/22 10:16:45 INFO generation_trace event="{RelatedRunID: ActorKind: RequestID:req_REay9uLI16tkpQXXpdLHkw RunID:01a0c6e6-bbfd-73c0-b293-7fd14727a07e ModelID:01a0c6e6-b00f-7c59-8ef9-8046d398c5bb Sequence:114 ElapsedMS:20 Kind:stage_end Late:false Fact:{Stage:passage_decode State:ok BeginMS:16 EndMS:20 DurationMS:4 Check:clean_consistency Detail:{Reason: Field: Target:-1 Actual:-1 Limit:-1 Start:-1 End:-1 ExpectedType: ActualType:}} Provider:<nil> Outcome: Refunded:false}"
2026/09/22 10:16:45 INFO generation_trace event="{RelatedRunID: ActorKind: RequestID:req_REay9uLI16tkpQXXpdLHkw RunID:01a0c6e6-bbfd-73c0-b293-7fd14727a07e ModelID:01a0c6e6-b00f-7c59-8ef9-8046d398c5bb Sequence:115 ElapsedMS:20 Kind:fact Late:false Fact:{Stage:provider_stream State:ok BeginMS:15 EndMS:16 DurationMS:1 Check:termination Detail:{Reason:done Field: Target:-1 Actual:-1 Limit:-1 Start:-1 End:-1 ExpectedType: ActualType:}} Provider:<nil> Outcome: Refunded:false}"
2026/09/22 10:16:45 INFO generation_trace event="{RelatedRunID: ActorKind: RequestID:req_REay9uLI16tkpQXXpdLHkw RunID:01a0c6e6-bbfd-73c0-b293-7fd14727a07e ModelID:01a0c6e6-b00f-7c59-8ef9-8046d398c5bb Sequence:116 ElapsedMS:21 Kind:fact Late:false Fact:{Stage:provider_stream State:ok BeginMS:15 EndMS:16 DurationMS:1 Check:receiver_exit Detail:{Reason: Field: Target:-1 Actual:-1 Limit:-1 Start:-1 End:-1 ExpectedType: ActualType:}} Provider:<nil> Outcome: Refunded:false}"
2026/09/22 10:16:45 INFO generation_trace event="{RelatedRunID: ActorKind: RequestID:req_REay9uLI16tkpQXXpdLHkw RunID:01a0c6e6-bbfd-73c0-b293-7fd14727a07e ModelID:01a0c6e6-b00f-7c59-8ef9-8046d398c5bb Sequence:117 ElapsedMS:21 Kind:stage_begin Late:false Fact:{Stage:content_validate State:running BeginMS:21 EndMS:-1 DurationMS:-1 Check: Detail:{Reason: Field: Target:-1 Actual:-1 Limit:-1 Start:-1 End:-1 ExpectedType: ActualType:}} Provider:<nil> Outcome: Refunded:false}"
2026/09/22 10:16:45 INFO generation_trace event="{RelatedRunID: ActorKind: RequestID:req_REay9uLI16tkpQXXpdLHkw RunID:01a0c6e6-bbfd-73c0-b293-7fd14727a07e ModelID:01a0c6e6-b00f-7c59-8ef9-8046d398c5bb Sequence:118 ElapsedMS:21 Kind:check_begin Late:false Fact:{Stage:content_validate State:running BeginMS:21 EndMS:-1 DurationMS:-1 Check:lexicon Detail:{Reason: Field: Target:-1 Actual:-1 Limit:-1 Start:-1 End:-1 ExpectedType: ActualType:}} Provider:<nil> Outcome: Refunded:false}"
2026/09/22 10:16:45 INFO generation_trace event="{RelatedRunID: ActorKind: RequestID:req_REay9uLI16tkpQXXpdLHkw RunID:01a0c6e6-bbfd-73c0-b293-7fd14727a07e ModelID:01a0c6e6-b00f-7c59-8ef9-8046d398c5bb Sequence:119 ElapsedMS:21 Kind:check_end Late:false Fact:{Stage:content_validate State:ok BeginMS:21 EndMS:-1 DurationMS:-1 Check:lexicon Detail:{Reason: Field: Target:-1 Actual:-1 Limit:-1 Start:-1 End:-1 ExpectedType: ActualType:}} Provider:<nil> Outcome: Refunded:false}"
2026/09/22 10:16:45 INFO generation_trace event="{RelatedRunID: ActorKind: RequestID:req_REay9uLI16tkpQXXpdLHkw RunID:01a0c6e6-bbfd-73c0-b293-7fd14727a07e ModelID:01a0c6e6-b00f-7c59-8ef9-8046d398c5bb Sequence:120 ElapsedMS:21 Kind:check_begin Late:false Fact:{Stage:content_validate State:running BeginMS:21 EndMS:-1 DurationMS:-1 Check:context Detail:{Reason: Field: Target:-1 Actual:-1 Limit:-1 Start:-1 End:-1 ExpectedType: ActualType:}} Provider:<nil> Outcome: Refunded:false}"
2026/09/22 10:16:45 INFO generation_trace event="{RelatedRunID: ActorKind: RequestID:req_REay9uLI16tkpQXXpdLHkw RunID:01a0c6e6-bbfd-73c0-b293-7fd14727a07e ModelID:01a0c6e6-b00f-7c59-8ef9-8046d398c5bb Sequence:121 ElapsedMS:21 Kind:check_end Late:false Fact:{Stage:content_validate State:ok BeginMS:21 EndMS:-1 DurationMS:-1 Check:context Detail:{Reason: Field: Target:-1 Actual:-1 Limit:-1 Start:-1 End:-1 ExpectedType: ActualType:}} Provider:<nil> Outcome: Refunded:false}"
2026/09/22 10:16:45 INFO generation_trace event="{RelatedRunID: ActorKind: RequestID:req_REay9uLI16tkpQXXpdLHkw RunID:01a0c6e6-bbfd-73c0-b293-7fd14727a07e ModelID:01a0c6e6-b00f-7c59-8ef9-8046d398c5bb Sequence:122 ElapsedMS:21 Kind:check_begin Late:false Fact:{Stage:content_validate State:running BeginMS:21 EndMS:-1 DurationMS:-1 Check:passage_annotations Detail:{Reason: Field: Target:-1 Actual:-1 Limit:-1 Start:-1 End:-1 ExpectedType: ActualType:}} Provider:<nil> Outcome: Refunded:false}"
2026/09/22 10:16:45 INFO generation_trace event="{RelatedRunID: ActorKind: RequestID:req_REay9uLI16tkpQXXpdLHkw RunID:01a0c6e6-bbfd-73c0-b293-7fd14727a07e ModelID:01a0c6e6-b00f-7c59-8ef9-8046d398c5bb Sequence:123 ElapsedMS:21 Kind:check_end Late:false Fact:{Stage:content_validate State:ok BeginMS:21 EndMS:-1 DurationMS:-1 Check:passage_annotations Detail:{Reason: Field: Target:-1 Actual:-1 Limit:-1 Start:-1 End:-1 ExpectedType: ActualType:}} Provider:<nil> Outcome: Refunded:false}"
2026/09/22 10:16:45 INFO generation_trace event="{RelatedRunID: ActorKind: RequestID:req_REay9uLI16tkpQXXpdLHkw RunID:01a0c6e6-bbfd-73c0-b293-7fd14727a07e ModelID:01a0c6e6-b00f-7c59-8ef9-8046d398c5bb Sequence:124 ElapsedMS:21 Kind:check_begin Late:false Fact:{Stage:content_validate State:running BeginMS:21 EndMS:-1 DurationMS:-1 Check:passage_ownership Detail:{Reason: Field: Target:-1 Actual:-1 Limit:-1 Start:-1 End:-1 ExpectedType: ActualType:}} Provider:<nil> Outcome: Refunded:false}"
2026/09/22 10:16:45 INFO generation_trace event="{RelatedRunID: ActorKind: RequestID:req_REay9uLI16tkpQXXpdLHkw RunID:01a0c6e6-bbfd-73c0-b293-7fd14727a07e ModelID:01a0c6e6-b00f-7c59-8ef9-8046d398c5bb Sequence:125 ElapsedMS:21 Kind:check_end Late:false Fact:{Stage:content_validate State:ok BeginMS:21 EndMS:-1 DurationMS:-1 Check:passage_ownership Detail:{Reason: Field: Target:-1 Actual:-1 Limit:-1 Start:-1 End:-1 ExpectedType: ActualType:}} Provider:<nil> Outcome: Refunded:false}"
2026/09/22 10:16:45 INFO generation_trace event="{RelatedRunID: ActorKind: RequestID:req_REay9uLI16tkpQXXpdLHkw RunID:01a0c6e6-bbfd-73c0-b293-7fd14727a07e ModelID:01a0c6e6-b00f-7c59-8ef9-8046d398c5bb Sequence:126 ElapsedMS:21 Kind:check_begin Late:false Fact:{Stage:content_validate State:running BeginMS:21 EndMS:-1 DurationMS:-1 Check:passage_content Detail:{Reason: Field: Target:-1 Actual:-1 Limit:-1 Start:-1 End:-1 ExpectedType: ActualType:}} Provider:<nil> Outcome: Refunded:false}"
2026/09/22 10:16:45 INFO generation_trace event="{RelatedRunID: ActorKind: RequestID:req_REay9uLI16tkpQXXpdLHkw RunID:01a0c6e6-bbfd-73c0-b293-7fd14727a07e ModelID:01a0c6e6-b00f-7c59-8ef9-8046d398c5bb Sequence:127 ElapsedMS:21 Kind:check_end Late:false Fact:{Stage:content_validate State:ok BeginMS:21 EndMS:-1 DurationMS:-1 Check:passage_content Detail:{Reason: Field: Target:-1 Actual:-1 Limit:-1 Start:-1 End:-1 ExpectedType: ActualType:}} Provider:<nil> Outcome: Refunded:false}"
2026/09/22 10:16:45 INFO generation_trace event="{RelatedRunID: ActorKind: RequestID:req_REay9uLI16tkpQXXpdLHkw RunID:01a0c6e6-bbfd-73c0-b293-7fd14727a07e ModelID:01a0c6e6-b00f-7c59-8ef9-8046d398c5bb Sequence:128 ElapsedMS:21 Kind:check_begin Late:false Fact:{Stage:content_validate State:running BeginMS:21 EndMS:-1 DurationMS:-1 Check:word_count Detail:{Reason: Field: Target:-1 Actual:-1 Limit:-1 Start:-1 End:-1 ExpectedType: ActualType:}} Provider:<nil> Outcome: Refunded:false}"
2026/09/22 10:16:45 INFO generation_trace event="{RelatedRunID: ActorKind: RequestID:req_REay9uLI16tkpQXXpdLHkw RunID:01a0c6e6-bbfd-73c0-b293-7fd14727a07e ModelID:01a0c6e6-b00f-7c59-8ef9-8046d398c5bb Sequence:129 ElapsedMS:21 Kind:check_end Late:false Fact:{Stage:content_validate State:ok BeginMS:21 EndMS:-1 DurationMS:-1 Check:word_count Detail:{Reason: Field: Target:-1 Actual:-1 Limit:-1 Start:-1 End:-1 ExpectedType: ActualType:}} Provider:<nil> Outcome: Refunded:false}"
2026/09/22 10:16:45 INFO generation_trace event="{RelatedRunID: ActorKind: RequestID:req_REay9uLI16tkpQXXpdLHkw RunID:01a0c6e6-bbfd-73c0-b293-7fd14727a07e ModelID:01a0c6e6-b00f-7c59-8ef9-8046d398c5bb Sequence:130 ElapsedMS:21 Kind:check_begin Late:false Fact:{Stage:content_validate State:running BeginMS:21 EndMS:-1 DurationMS:-1 Check:passage_language Detail:{Reason: Field: Target:-1 Actual:-1 Limit:-1 Start:-1 End:-1 ExpectedType: ActualType:}} Provider:<nil> Outcome: Refunded:false}"
2026/09/22 10:16:45 INFO generation_trace event="{RelatedRunID: ActorKind: RequestID:req_REay9uLI16tkpQXXpdLHkw RunID:01a0c6e6-bbfd-73c0-b293-7fd14727a07e ModelID:01a0c6e6-b00f-7c59-8ef9-8046d398c5bb Sequence:131 ElapsedMS:22 Kind:check_end Late:false Fact:{Stage:content_validate State:ok BeginMS:21 EndMS:-1 DurationMS:-1 Check:passage_language Detail:{Reason: Field: Target:-1 Actual:-1 Limit:-1 Start:-1 End:-1 ExpectedType: ActualType:}} Provider:<nil> Outcome: Refunded:false}"
2026/09/22 10:16:45 INFO generation_trace event="{RelatedRunID: ActorKind: RequestID:req_REay9uLI16tkpQXXpdLHkw RunID:01a0c6e6-bbfd-73c0-b293-7fd14727a07e ModelID:01a0c6e6-b00f-7c59-8ef9-8046d398c5bb Sequence:132 ElapsedMS:22 Kind:check_begin Late:false Fact:{Stage:content_validate State:running BeginMS:21 EndMS:-1 DurationMS:-1 Check:tag_count Detail:{Reason: Field: Target:-1 Actual:-1 Limit:-1 Start:-1 End:-1 ExpectedType: ActualType:}} Provider:<nil> Outcome: Refunded:false}"
2026/09/22 10:16:45 INFO generation_trace event="{RelatedRunID: ActorKind: RequestID:req_REay9uLI16tkpQXXpdLHkw RunID:01a0c6e6-bbfd-73c0-b293-7fd14727a07e ModelID:01a0c6e6-b00f-7c59-8ef9-8046d398c5bb Sequence:133 ElapsedMS:22 Kind:check_end Late:false Fact:{Stage:content_validate State:ok BeginMS:21 EndMS:-1 DurationMS:-1 Check:tag_count Detail:{Reason: Field: Target:-1 Actual:-1 Limit:-1 Start:-1 End:-1 ExpectedType: ActualType:}} Provider:<nil> Outcome: Refunded:false}"
2026/09/22 10:16:45 INFO generation_trace event="{RelatedRunID: ActorKind: RequestID:req_REay9uLI16tkpQXXpdLHkw RunID:01a0c6e6-bbfd-73c0-b293-7fd14727a07e ModelID:01a0c6e6-b00f-7c59-8ef9-8046d398c5bb Sequence:134 ElapsedMS:22 Kind:check_begin Late:false Fact:{Stage:content_validate State:running BeginMS:21 EndMS:-1 DurationMS:-1 Check:tag_content Detail:{Reason: Field: Target:-1 Actual:-1 Limit:-1 Start:-1 End:-1 ExpectedType: ActualType:}} Provider:<nil> Outcome: Refunded:false}"
2026/09/22 10:16:45 INFO generation_trace event="{RelatedRunID: ActorKind: RequestID:req_REay9uLI16tkpQXXpdLHkw RunID:01a0c6e6-bbfd-73c0-b293-7fd14727a07e ModelID:01a0c6e6-b00f-7c59-8ef9-8046d398c5bb Sequence:135 ElapsedMS:22 Kind:check_end Late:false Fact:{Stage:content_validate State:ok BeginMS:21 EndMS:-1 DurationMS:-1 Check:tag_content Detail:{Reason: Field: Target:-1 Actual:-1 Limit:-1 Start:-1 End:-1 ExpectedType: ActualType:}} Provider:<nil> Outcome: Refunded:false}"
2026/09/22 10:16:45 INFO generation_trace event="{RelatedRunID: ActorKind: RequestID:req_REay9uLI16tkpQXXpdLHkw RunID:01a0c6e6-bbfd-73c0-b293-7fd14727a07e ModelID:01a0c6e6-b00f-7c59-8ef9-8046d398c5bb Sequence:136 ElapsedMS:22 Kind:check_begin Late:false Fact:{Stage:content_validate State:running BeginMS:21 EndMS:-1 DurationMS:-1 Check:tag_duplicate Detail:{Reason: Field: Target:-1 Actual:-1 Limit:-1 Start:-1 End:-1 ExpectedType: ActualType:}} Provider:<nil> Outcome: Refunded:false}"
2026/09/22 10:16:45 INFO generation_trace event="{RelatedRunID: ActorKind: RequestID:req_REay9uLI16tkpQXXpdLHkw RunID:01a0c6e6-bbfd-73c0-b293-7fd14727a07e ModelID:01a0c6e6-b00f-7c59-8ef9-8046d398c5bb Sequence:137 ElapsedMS:22 Kind:check_end Late:false Fact:{Stage:content_validate State:ok BeginMS:21 EndMS:-1 DurationMS:-1 Check:tag_duplicate Detail:{Reason: Field: Target:-1 Actual:-1 Limit:-1 Start:-1 End:-1 ExpectedType: ActualType:}} Provider:<nil> Outcome: Refunded:false}"
2026/09/22 10:16:45 INFO generation_trace event="{RelatedRunID: ActorKind: RequestID:req_REay9uLI16tkpQXXpdLHkw RunID:01a0c6e6-bbfd-73c0-b293-7fd14727a07e ModelID:01a0c6e6-b00f-7c59-8ef9-8046d398c5bb Sequence:138 ElapsedMS:22 Kind:check_begin Late:false Fact:{Stage:content_validate State:running BeginMS:21 EndMS:-1 DurationMS:-1 Check:target_count Detail:{Reason: Field: Target:-1 Actual:-1 Limit:-1 Start:-1 End:-1 ExpectedType: ActualType:}} Provider:<nil> Outcome: Refunded:false}"
2026/09/22 10:16:45 INFO generation_trace event="{RelatedRunID: ActorKind: RequestID:req_REay9uLI16tkpQXXpdLHkw RunID:01a0c6e6-bbfd-73c0-b293-7fd14727a07e ModelID:01a0c6e6-b00f-7c59-8ef9-8046d398c5bb Sequence:139 ElapsedMS:22 Kind:check_end Late:false Fact:{Stage:content_validate State:ok BeginMS:21 EndMS:-1 DurationMS:-1 Check:target_count Detail:{Reason: Field: Target:-1 Actual:-1 Limit:-1 Start:-1 End:-1 ExpectedType: ActualType:}} Provider:<nil> Outcome: Refunded:false}"
2026/09/22 10:16:45 INFO generation_trace event="{RelatedRunID: ActorKind: RequestID:req_REay9uLI16tkpQXXpdLHkw RunID:01a0c6e6-bbfd-73c0-b293-7fd14727a07e ModelID:01a0c6e6-b00f-7c59-8ef9-8046d398c5bb Sequence:140 ElapsedMS:22 Kind:check_begin Late:false Fact:{Stage:content_validate State:running BeginMS:21 EndMS:-1 DurationMS:-1 Check:passage_index Detail:{Reason: Field: Target:-1 Actual:-1 Limit:-1 Start:-1 End:-1 ExpectedType: ActualType:}} Provider:<nil> Outcome: Refunded:false}"
2026/09/22 10:16:45 INFO generation_trace event="{RelatedRunID: ActorKind: RequestID:req_REay9uLI16tkpQXXpdLHkw RunID:01a0c6e6-bbfd-73c0-b293-7fd14727a07e ModelID:01a0c6e6-b00f-7c59-8ef9-8046d398c5bb Sequence:141 ElapsedMS:22 Kind:check_end Late:false Fact:{Stage:content_validate State:ok BeginMS:21 EndMS:-1 DurationMS:-1 Check:passage_index Detail:{Reason: Field: Target:-1 Actual:-1 Limit:-1 Start:-1 End:-1 ExpectedType: ActualType:}} Provider:<nil> Outcome: Refunded:false}"
2026/09/22 10:16:45 INFO generation_trace event="{RelatedRunID: ActorKind: RequestID:req_REay9uLI16tkpQXXpdLHkw RunID:01a0c6e6-bbfd-73c0-b293-7fd14727a07e ModelID:01a0c6e6-b00f-7c59-8ef9-8046d398c5bb Sequence:142 ElapsedMS:22 Kind:check_begin Late:false Fact:{Stage:content_validate State:running BeginMS:21 EndMS:-1 DurationMS:-1 Check:context Detail:{Reason: Field: Target:0 Actual:-1 Limit:-1 Start:-1 End:-1 ExpectedType: ActualType:}} Provider:<nil> Outcome: Refunded:false}"
2026/09/22 10:16:45 INFO generation_trace event="{RelatedRunID: ActorKind: RequestID:req_REay9uLI16tkpQXXpdLHkw RunID:01a0c6e6-bbfd-73c0-b293-7fd14727a07e ModelID:01a0c6e6-b00f-7c59-8ef9-8046d398c5bb Sequence:143 ElapsedMS:22 Kind:check_end Late:false Fact:{Stage:content_validate State:ok BeginMS:21 EndMS:-1 DurationMS:-1 Check:context Detail:{Reason: Field: Target:0 Actual:-1 Limit:-1 Start:-1 End:-1 ExpectedType: ActualType:}} Provider:<nil> Outcome: Refunded:false}"
2026/09/22 10:16:45 INFO generation_trace event="{RelatedRunID: ActorKind: RequestID:req_REay9uLI16tkpQXXpdLHkw RunID:01a0c6e6-bbfd-73c0-b293-7fd14727a07e ModelID:01a0c6e6-b00f-7c59-8ef9-8046d398c5bb Sequence:144 ElapsedMS:22 Kind:check_begin Late:false Fact:{Stage:content_validate State:running BeginMS:21 EndMS:-1 DurationMS:-1 Check:source_entry Detail:{Reason: Field: Target:0 Actual:-1 Limit:-1 Start:-1 End:-1 ExpectedType: ActualType:}} Provider:<nil> Outcome: Refunded:false}"
2026/09/22 10:16:45 INFO generation_trace event="{RelatedRunID: ActorKind: RequestID:req_REay9uLI16tkpQXXpdLHkw RunID:01a0c6e6-bbfd-73c0-b293-7fd14727a07e ModelID:01a0c6e6-b00f-7c59-8ef9-8046d398c5bb Sequence:145 ElapsedMS:22 Kind:check_end Late:false Fact:{Stage:content_validate State:ok BeginMS:21 EndMS:-1 DurationMS:-1 Check:source_entry Detail:{Reason: Field: Target:0 Actual:-1 Limit:-1 Start:-1 End:-1 ExpectedType: ActualType:}} Provider:<nil> Outcome: Refunded:false}"
2026/09/22 10:16:45 INFO generation_trace event="{RelatedRunID: ActorKind: RequestID:req_REay9uLI16tkpQXXpdLHkw RunID:01a0c6e6-bbfd-73c0-b293-7fd14727a07e ModelID:01a0c6e6-b00f-7c59-8ef9-8046d398c5bb Sequence:146 ElapsedMS:22 Kind:check_begin Late:false Fact:{Stage:content_validate State:running BeginMS:21 EndMS:-1 DurationMS:-1 Check:meaning_content Detail:{Reason: Field: Target:0 Actual:-1 Limit:-1 Start:-1 End:-1 ExpectedType: ActualType:}} Provider:<nil> Outcome: Refunded:false}"
2026/09/22 10:16:45 INFO generation_trace event="{RelatedRunID: ActorKind: RequestID:req_REay9uLI16tkpQXXpdLHkw RunID:01a0c6e6-bbfd-73c0-b293-7fd14727a07e ModelID:01a0c6e6-b00f-7c59-8ef9-8046d398c5bb Sequence:147 ElapsedMS:23 Kind:check_end Late:false Fact:{Stage:content_validate State:ok BeginMS:21 EndMS:-1 DurationMS:-1 Check:meaning_content Detail:{Reason: Field: Target:0 Actual:-1 Limit:-1 Start:-1 End:-1 ExpectedType: ActualType:}} Provider:<nil> Outcome: Refunded:false}"
2026/09/22 10:16:45 INFO generation_trace event="{RelatedRunID: ActorKind: RequestID:req_REay9uLI16tkpQXXpdLHkw RunID:01a0c6e6-bbfd-73c0-b293-7fd14727a07e ModelID:01a0c6e6-b00f-7c59-8ef9-8046d398c5bb Sequence:148 ElapsedMS:23 Kind:check_begin Late:false Fact:{Stage:content_validate State:running BeginMS:21 EndMS:-1 DurationMS:-1 Check:meaning_repeated Detail:{Reason: Field: Target:0 Actual:-1 Limit:-1 Start:-1 End:-1 ExpectedType: ActualType:}} Provider:<nil> Outcome: Refunded:false}"
2026/09/22 10:16:45 INFO generation_trace event="{RelatedRunID: ActorKind: RequestID:req_REay9uLI16tkpQXXpdLHkw RunID:01a0c6e6-bbfd-73c0-b293-7fd14727a07e ModelID:01a0c6e6-b00f-7c59-8ef9-8046d398c5bb Sequence:149 ElapsedMS:23 Kind:check_end Late:false Fact:{Stage:content_validate State:ok BeginMS:21 EndMS:-1 DurationMS:-1 Check:meaning_repeated Detail:{Reason: Field: Target:0 Actual:-1 Limit:-1 Start:-1 End:-1 ExpectedType: ActualType:}} Provider:<nil> Outcome: Refunded:false}"
2026/09/22 10:16:45 INFO generation_trace event="{RelatedRunID: ActorKind: RequestID:req_REay9uLI16tkpQXXpdLHkw RunID:01a0c6e6-bbfd-73c0-b293-7fd14727a07e ModelID:01a0c6e6-b00f-7c59-8ef9-8046d398c5bb Sequence:150 ElapsedMS:23 Kind:check_begin Late:false Fact:{Stage:content_validate State:running BeginMS:21 EndMS:-1 DurationMS:-1 Check:hint_annotations Detail:{Reason: Field: Target:0 Actual:-1 Limit:-1 Start:-1 End:-1 ExpectedType: ActualType:}} Provider:<nil> Outcome: Refunded:false}"
2026/09/22 10:16:45 INFO generation_trace event="{RelatedRunID: ActorKind: RequestID:req_REay9uLI16tkpQXXpdLHkw RunID:01a0c6e6-bbfd-73c0-b293-7fd14727a07e ModelID:01a0c6e6-b00f-7c59-8ef9-8046d398c5bb Sequence:151 ElapsedMS:23 Kind:check_end Late:false Fact:{Stage:content_validate State:ok BeginMS:21 EndMS:-1 DurationMS:-1 Check:hint_annotations Detail:{Reason: Field: Target:0 Actual:-1 Limit:-1 Start:-1 End:-1 ExpectedType: ActualType:}} Provider:<nil> Outcome: Refunded:false}"
2026/09/22 10:16:45 INFO generation_trace event="{RelatedRunID: ActorKind: RequestID:req_REay9uLI16tkpQXXpdLHkw RunID:01a0c6e6-bbfd-73c0-b293-7fd14727a07e ModelID:01a0c6e6-b00f-7c59-8ef9-8046d398c5bb Sequence:152 ElapsedMS:23 Kind:check_begin Late:false Fact:{Stage:content_validate State:running BeginMS:21 EndMS:-1 DurationMS:-1 Check:hint_ownership Detail:{Reason: Field: Target:0 Actual:-1 Limit:-1 Start:-1 End:-1 ExpectedType: ActualType:}} Provider:<nil> Outcome: Refunded:false}"
2026/09/22 10:16:45 INFO generation_trace event="{RelatedRunID: ActorKind: RequestID:req_REay9uLI16tkpQXXpdLHkw RunID:01a0c6e6-bbfd-73c0-b293-7fd14727a07e ModelID:01a0c6e6-b00f-7c59-8ef9-8046d398c5bb Sequence:153 ElapsedMS:23 Kind:check_end Late:false Fact:{Stage:content_validate State:ok BeginMS:21 EndMS:-1 DurationMS:-1 Check:hint_ownership Detail:{Reason: Field: Target:0 Actual:-1 Limit:-1 Start:-1 End:-1 ExpectedType: ActualType:}} Provider:<nil> Outcome: Refunded:false}"
2026/09/22 10:16:45 INFO generation_trace event="{RelatedRunID: ActorKind: RequestID:req_REay9uLI16tkpQXXpdLHkw RunID:01a0c6e6-bbfd-73c0-b293-7fd14727a07e ModelID:01a0c6e6-b00f-7c59-8ef9-8046d398c5bb Sequence:154 ElapsedMS:23 Kind:check_begin Late:false Fact:{Stage:content_validate State:running BeginMS:21 EndMS:-1 DurationMS:-1 Check:hint_content Detail:{Reason: Field: Target:0 Actual:-1 Limit:-1 Start:-1 End:-1 ExpectedType: ActualType:}} Provider:<nil> Outcome: Refunded:false}"
2026/09/22 10:16:45 INFO generation_trace event="{RelatedRunID: ActorKind: RequestID:req_REay9uLI16tkpQXXpdLHkw RunID:01a0c6e6-bbfd-73c0-b293-7fd14727a07e ModelID:01a0c6e6-b00f-7c59-8ef9-8046d398c5bb Sequence:155 ElapsedMS:23 Kind:check_end Late:false Fact:{Stage:content_validate State:ok BeginMS:21 EndMS:-1 DurationMS:-1 Check:hint_content Detail:{Reason: Field: Target:0 Actual:-1 Limit:-1 Start:-1 End:-1 ExpectedType: ActualType:}} Provider:<nil> Outcome: Refunded:false}"
2026/09/22 10:16:45 INFO generation_trace event="{RelatedRunID: ActorKind: RequestID:req_REay9uLI16tkpQXXpdLHkw RunID:01a0c6e6-bbfd-73c0-b293-7fd14727a07e ModelID:01a0c6e6-b00f-7c59-8ef9-8046d398c5bb Sequence:156 ElapsedMS:23 Kind:check_begin Late:false Fact:{Stage:content_validate State:running BeginMS:21 EndMS:-1 DurationMS:-1 Check:passage_annotation_presence Detail:{Reason: Field: Target:0 Actual:-1 Limit:-1 Start:-1 End:-1 ExpectedType: ActualType:}} Provider:<nil> Outcome: Refunded:false}"
2026/09/22 10:16:45 INFO generation_trace event="{RelatedRunID: ActorKind: RequestID:req_REay9uLI16tkpQXXpdLHkw RunID:01a0c6e6-bbfd-73c0-b293-7fd14727a07e ModelID:01a0c6e6-b00f-7c59-8ef9-8046d398c5bb Sequence:157 ElapsedMS:23 Kind:check_end Late:false Fact:{Stage:content_validate State:ok BeginMS:21 EndMS:-1 DurationMS:-1 Check:passage_annotation_presence Detail:{Reason: Field: Target:0 Actual:-1 Limit:-1 Start:-1 End:-1 ExpectedType: ActualType:}} Provider:<nil> Outcome: Refunded:false}"
2026/09/22 10:16:45 INFO generation_trace event="{RelatedRunID: ActorKind: RequestID:req_REay9uLI16tkpQXXpdLHkw RunID:01a0c6e6-bbfd-73c0-b293-7fd14727a07e ModelID:01a0c6e6-b00f-7c59-8ef9-8046d398c5bb Sequence:158 ElapsedMS:23 Kind:check_begin Late:false Fact:{Stage:content_validate State:running BeginMS:21 EndMS:-1 DurationMS:-1 Check:hint_annotation_presence Detail:{Reason: Field: Target:0 Actual:-1 Limit:-1 Start:-1 End:-1 ExpectedType: ActualType:}} Provider:<nil> Outcome: Refunded:false}"
2026/09/22 10:16:45 INFO generation_trace event="{RelatedRunID: ActorKind: RequestID:req_REay9uLI16tkpQXXpdLHkw RunID:01a0c6e6-bbfd-73c0-b293-7fd14727a07e ModelID:01a0c6e6-b00f-7c59-8ef9-8046d398c5bb Sequence:159 ElapsedMS:23 Kind:check_end Late:false Fact:{Stage:content_validate State:ok BeginMS:21 EndMS:-1 DurationMS:-1 Check:hint_annotation_presence Detail:{Reason: Field: Target:0 Actual:-1 Limit:-1 Start:-1 End:-1 ExpectedType: ActualType:}} Provider:<nil> Outcome: Refunded:false}"
2026/09/22 10:16:45 INFO generation_trace event="{RelatedRunID: ActorKind: RequestID:req_REay9uLI16tkpQXXpdLHkw RunID:01a0c6e6-bbfd-73c0-b293-7fd14727a07e ModelID:01a0c6e6-b00f-7c59-8ef9-8046d398c5bb Sequence:160 ElapsedMS:23 Kind:check_begin Late:false Fact:{Stage:content_validate State:running BeginMS:21 EndMS:-1 DurationMS:-1 Check:hint_index Detail:{Reason: Field: Target:0 Actual:-1 Limit:-1 Start:-1 End:-1 ExpectedType: ActualType:}} Provider:<nil> Outcome: Refunded:false}"
2026/09/22 10:16:45 INFO generation_trace event="{RelatedRunID: ActorKind: RequestID:req_REay9uLI16tkpQXXpdLHkw RunID:01a0c6e6-bbfd-73c0-b293-7fd14727a07e ModelID:01a0c6e6-b00f-7c59-8ef9-8046d398c5bb Sequence:161 ElapsedMS:23 Kind:check_end Late:false Fact:{Stage:content_validate State:ok BeginMS:21 EndMS:-1 DurationMS:-1 Check:hint_index Detail:{Reason: Field: Target:0 Actual:-1 Limit:-1 Start:-1 End:-1 ExpectedType: ActualType:}} Provider:<nil> Outcome: Refunded:false}"
2026/09/22 10:16:45 INFO generation_trace event="{RelatedRunID: ActorKind: RequestID:req_REay9uLI16tkpQXXpdLHkw RunID:01a0c6e6-bbfd-73c0-b293-7fd14727a07e ModelID:01a0c6e6-b00f-7c59-8ef9-8046d398c5bb Sequence:162 ElapsedMS:23 Kind:check_begin Late:false Fact:{Stage:content_validate State:running BeginMS:21 EndMS:-1 DurationMS:-1 Check:hint_scan Detail:{Reason: Field: Target:0 Actual:-1 Limit:-1 Start:-1 End:-1 ExpectedType: ActualType:}} Provider:<nil> Outcome: Refunded:false}"
2026/09/22 10:16:45 INFO generation_trace event="{RelatedRunID: ActorKind: RequestID:req_REay9uLI16tkpQXXpdLHkw RunID:01a0c6e6-bbfd-73c0-b293-7fd14727a07e ModelID:01a0c6e6-b00f-7c59-8ef9-8046d398c5bb Sequence:163 ElapsedMS:24 Kind:check_end Late:false Fact:{Stage:content_validate State:ok BeginMS:21 EndMS:-1 DurationMS:-1 Check:hint_scan Detail:{Reason: Field: Target:0 Actual:-1 Limit:-1 Start:-1 End:-1 ExpectedType: ActualType:}} Provider:<nil> Outcome: Refunded:false}"
2026/09/22 10:16:45 INFO generation_trace event="{RelatedRunID: ActorKind: RequestID:req_REay9uLI16tkpQXXpdLHkw RunID:01a0c6e6-bbfd-73c0-b293-7fd14727a07e ModelID:01a0c6e6-b00f-7c59-8ef9-8046d398c5bb Sequence:164 ElapsedMS:24 Kind:check_begin Late:false Fact:{Stage:content_validate State:running BeginMS:21 EndMS:-1 DurationMS:-1 Check:passage_scan Detail:{Reason: Field: Target:0 Actual:-1 Limit:-1 Start:-1 End:-1 ExpectedType: ActualType:}} Provider:<nil> Outcome: Refunded:false}"
2026/09/22 10:16:45 INFO generation_trace event="{RelatedRunID: ActorKind: RequestID:req_REay9uLI16tkpQXXpdLHkw RunID:01a0c6e6-bbfd-73c0-b293-7fd14727a07e ModelID:01a0c6e6-b00f-7c59-8ef9-8046d398c5bb Sequence:165 ElapsedMS:24 Kind:check_end Late:false Fact:{Stage:content_validate State:ok BeginMS:21 EndMS:-1 DurationMS:-1 Check:passage_scan Detail:{Reason: Field: Target:0 Actual:-1 Limit:-1 Start:-1 End:-1 ExpectedType: ActualType:}} Provider:<nil> Outcome: Refunded:false}"
2026/09/22 10:16:45 INFO generation_trace event="{RelatedRunID: ActorKind: RequestID:req_REay9uLI16tkpQXXpdLHkw RunID:01a0c6e6-bbfd-73c0-b293-7fd14727a07e ModelID:01a0c6e6-b00f-7c59-8ef9-8046d398c5bb Sequence:166 ElapsedMS:24 Kind:check_begin Late:false Fact:{Stage:content_validate State:running BeginMS:21 EndMS:-1 DurationMS:-1 Check:passage_relations Detail:{Reason: Field: Target:0 Actual:-1 Limit:-1 Start:-1 End:-1 ExpectedType: ActualType:}} Provider:<nil> Outcome: Refunded:false}"
2026/09/22 10:16:45 INFO generation_trace event="{RelatedRunID: ActorKind: RequestID:req_REay9uLI16tkpQXXpdLHkw RunID:01a0c6e6-bbfd-73c0-b293-7fd14727a07e ModelID:01a0c6e6-b00f-7c59-8ef9-8046d398c5bb Sequence:167 ElapsedMS:24 Kind:check_end Late:false Fact:{Stage:content_validate State:ok BeginMS:21 EndMS:-1 DurationMS:-1 Check:passage_relations Detail:{Reason: Field: Target:0 Actual:-1 Limit:-1 Start:-1 End:-1 ExpectedType: ActualType:}} Provider:<nil> Outcome: Refunded:false}"
2026/09/22 10:16:45 INFO generation_trace event="{RelatedRunID: ActorKind: RequestID:req_REay9uLI16tkpQXXpdLHkw RunID:01a0c6e6-bbfd-73c0-b293-7fd14727a07e ModelID:01a0c6e6-b00f-7c59-8ef9-8046d398c5bb Sequence:168 ElapsedMS:24 Kind:check_begin Late:false Fact:{Stage:content_validate State:running BeginMS:21 EndMS:-1 DurationMS:-1 Check:hint_relations Detail:{Reason: Field: Target:0 Actual:-1 Limit:-1 Start:-1 End:-1 ExpectedType: ActualType:}} Provider:<nil> Outcome: Refunded:false}"
2026/09/22 10:16:45 INFO generation_trace event="{RelatedRunID: ActorKind: RequestID:req_REay9uLI16tkpQXXpdLHkw RunID:01a0c6e6-bbfd-73c0-b293-7fd14727a07e ModelID:01a0c6e6-b00f-7c59-8ef9-8046d398c5bb Sequence:169 ElapsedMS:24 Kind:check_end Late:false Fact:{Stage:content_validate State:ok BeginMS:21 EndMS:-1 DurationMS:-1 Check:hint_relations Detail:{Reason: Field: Target:0 Actual:-1 Limit:-1 Start:-1 End:-1 ExpectedType: ActualType:}} Provider:<nil> Outcome: Refunded:false}"
2026/09/22 10:16:45 INFO generation_trace event="{RelatedRunID: ActorKind: RequestID:req_REay9uLI16tkpQXXpdLHkw RunID:01a0c6e6-bbfd-73c0-b293-7fd14727a07e ModelID:01a0c6e6-b00f-7c59-8ef9-8046d398c5bb Sequence:170 ElapsedMS:24 Kind:check_begin Late:false Fact:{Stage:content_validate State:running BeginMS:21 EndMS:-1 DurationMS:-1 Check:passage_presence Detail:{Reason: Field: Target:0 Actual:-1 Limit:-1 Start:-1 End:-1 ExpectedType: ActualType:}} Provider:<nil> Outcome: Refunded:false}"
2026/09/22 10:16:45 INFO generation_trace event="{RelatedRunID: ActorKind: RequestID:req_REay9uLI16tkpQXXpdLHkw RunID:01a0c6e6-bbfd-73c0-b293-7fd14727a07e ModelID:01a0c6e6-b00f-7c59-8ef9-8046d398c5bb Sequence:171 ElapsedMS:24 Kind:check_end Late:false Fact:{Stage:content_validate State:ok BeginMS:21 EndMS:-1 DurationMS:-1 Check:passage_presence Detail:{Reason: Field: Target:0 Actual:-1 Limit:-1 Start:-1 End:-1 ExpectedType: ActualType:}} Provider:<nil> Outcome: Refunded:false}"
2026/09/22 10:16:45 INFO generation_trace event="{RelatedRunID: ActorKind: RequestID:req_REay9uLI16tkpQXXpdLHkw RunID:01a0c6e6-bbfd-73c0-b293-7fd14727a07e ModelID:01a0c6e6-b00f-7c59-8ef9-8046d398c5bb Sequence:172 ElapsedMS:24 Kind:check_begin Late:false Fact:{Stage:content_validate State:running BeginMS:21 EndMS:-1 DurationMS:-1 Check:hint_presence Detail:{Reason: Field: Target:0 Actual:-1 Limit:-1 Start:-1 End:-1 ExpectedType: ActualType:}} Provider:<nil> Outcome: Refunded:false}"
2026/09/22 10:16:45 INFO generation_trace event="{RelatedRunID: ActorKind: RequestID:req_REay9uLI16tkpQXXpdLHkw RunID:01a0c6e6-bbfd-73c0-b293-7fd14727a07e ModelID:01a0c6e6-b00f-7c59-8ef9-8046d398c5bb Sequence:173 ElapsedMS:24 Kind:check_end Late:false Fact:{Stage:content_validate State:ok BeginMS:21 EndMS:-1 DurationMS:-1 Check:hint_presence Detail:{Reason: Field: Target:0 Actual:-1 Limit:-1 Start:-1 End:-1 ExpectedType: ActualType:}} Provider:<nil> Outcome: Refunded:false}"
2026/09/22 10:16:45 INFO generation_trace event="{RelatedRunID: ActorKind: RequestID:req_REay9uLI16tkpQXXpdLHkw RunID:01a0c6e6-bbfd-73c0-b293-7fd14727a07e ModelID:01a0c6e6-b00f-7c59-8ef9-8046d398c5bb Sequence:174 ElapsedMS:24 Kind:check_begin Late:false Fact:{Stage:content_validate State:running BeginMS:21 EndMS:-1 DurationMS:-1 Check:collision Detail:{Reason: Field: Target:-1 Actual:-1 Limit:-1 Start:-1 End:-1 ExpectedType: ActualType:}} Provider:<nil> Outcome: Refunded:false}"
2026/09/22 10:16:45 INFO generation_trace event="{RelatedRunID: ActorKind: RequestID:req_REay9uLI16tkpQXXpdLHkw RunID:01a0c6e6-bbfd-73c0-b293-7fd14727a07e ModelID:01a0c6e6-b00f-7c59-8ef9-8046d398c5bb Sequence:175 ElapsedMS:24 Kind:check_end Late:false Fact:{Stage:content_validate State:ok BeginMS:21 EndMS:-1 DurationMS:-1 Check:collision Detail:{Reason: Field: Target:-1 Actual:-1 Limit:-1 Start:-1 End:-1 ExpectedType: ActualType:}} Provider:<nil> Outcome: Refunded:false}"
2026/09/22 10:16:45 INFO generation_trace event="{RelatedRunID: ActorKind: RequestID:req_REay9uLI16tkpQXXpdLHkw RunID:01a0c6e6-bbfd-73c0-b293-7fd14727a07e ModelID:01a0c6e6-b00f-7c59-8ef9-8046d398c5bb Sequence:176 ElapsedMS:24 Kind:check_begin Late:false Fact:{Stage:content_validate State:running BeginMS:21 EndMS:-1 DurationMS:-1 Check:context Detail:{Reason: Field: Target:-1 Actual:-1 Limit:-1 Start:-1 End:-1 ExpectedType: ActualType:}} Provider:<nil> Outcome: Refunded:false}"
2026/09/22 10:16:45 INFO generation_trace event="{RelatedRunID: ActorKind: RequestID:req_REay9uLI16tkpQXXpdLHkw RunID:01a0c6e6-bbfd-73c0-b293-7fd14727a07e ModelID:01a0c6e6-b00f-7c59-8ef9-8046d398c5bb Sequence:177 ElapsedMS:24 Kind:check_end Late:false Fact:{Stage:content_validate State:ok BeginMS:21 EndMS:24 DurationMS:3 Check:context Detail:{Reason: Field: Target:-1 Actual:-1 Limit:-1 Start:-1 End:-1 ExpectedType: ActualType:}} Provider:<nil> Outcome: Refunded:false}"
2026/09/22 10:16:45 INFO generation_trace event="{RelatedRunID: ActorKind: RequestID:req_REay9uLI16tkpQXXpdLHkw RunID:01a0c6e6-bbfd-73c0-b293-7fd14727a07e ModelID:01a0c6e6-b00f-7c59-8ef9-8046d398c5bb Sequence:178 ElapsedMS:24 Kind:stage_end Late:false Fact:{Stage:content_validate State:ok BeginMS:21 EndMS:24 DurationMS:3 Check:context Detail:{Reason: Field: Target:-1 Actual:-1 Limit:-1 Start:-1 End:-1 ExpectedType: ActualType:}} Provider:<nil> Outcome: Refunded:false}"
2026/09/22 10:16:45 INFO generation_trace event="{RelatedRunID: ActorKind: RequestID:req_REay9uLI16tkpQXXpdLHkw RunID:01a0c6e6-bbfd-73c0-b293-7fd14727a07e ModelID:01a0c6e6-b00f-7c59-8ef9-8046d398c5bb Sequence:179 ElapsedMS:24 Kind:stage_begin Late:false Fact:{Stage:draft_commit State:running BeginMS:24 EndMS:-1 DurationMS:-1 Check: Detail:{Reason: Field: Target:-1 Actual:-1 Limit:-1 Start:-1 End:-1 ExpectedType: ActualType:}} Provider:<nil> Outcome: Refunded:false}"
2026/09/22 10:16:45 INFO generation_trace event="{RelatedRunID: ActorKind: RequestID:req_REay9uLI16tkpQXXpdLHkw RunID:01a0c6e6-bbfd-73c0-b293-7fd14727a07e ModelID:01a0c6e6-b00f-7c59-8ef9-8046d398c5bb Sequence:180 ElapsedMS:25 Kind:check_begin Late:false Fact:{Stage:draft_commit State:running BeginMS:24 EndMS:-1 DurationMS:-1 Check:snapshot Detail:{Reason: Field: Target:-1 Actual:-1 Limit:-1 Start:-1 End:-1 ExpectedType: ActualType:}} Provider:<nil> Outcome: Refunded:false}"
2026/09/22 10:16:45 INFO generation_trace event="{RelatedRunID: ActorKind: RequestID:req_REay9uLI16tkpQXXpdLHkw RunID:01a0c6e6-bbfd-73c0-b293-7fd14727a07e ModelID:01a0c6e6-b00f-7c59-8ef9-8046d398c5bb Sequence:181 ElapsedMS:25 Kind:check_end Late:false Fact:{Stage:draft_commit State:ok BeginMS:24 EndMS:-1 DurationMS:-1 Check:snapshot Detail:{Reason: Field: Target:-1 Actual:-1 Limit:-1 Start:-1 End:-1 ExpectedType: ActualType:}} Provider:<nil> Outcome: Refunded:false}"
2026/09/22 10:16:45 INFO generation_trace event="{RelatedRunID: ActorKind: RequestID:req_REay9uLI16tkpQXXpdLHkw RunID:01a0c6e6-bbfd-73c0-b293-7fd14727a07e ModelID:01a0c6e6-b00f-7c59-8ef9-8046d398c5bb Sequence:182 ElapsedMS:25 Kind:check_begin Late:false Fact:{Stage:draft_commit State:running BeginMS:24 EndMS:-1 DurationMS:-1 Check:draft_encode Detail:{Reason: Field: Target:-1 Actual:-1 Limit:-1 Start:-1 End:-1 ExpectedType: ActualType:}} Provider:<nil> Outcome: Refunded:false}"
2026/09/22 10:16:45 INFO generation_trace event="{RelatedRunID: ActorKind: RequestID:req_REay9uLI16tkpQXXpdLHkw RunID:01a0c6e6-bbfd-73c0-b293-7fd14727a07e ModelID:01a0c6e6-b00f-7c59-8ef9-8046d398c5bb Sequence:183 ElapsedMS:25 Kind:check_end Late:false Fact:{Stage:draft_commit State:ok BeginMS:24 EndMS:-1 DurationMS:-1 Check:draft_encode Detail:{Reason: Field: Target:-1 Actual:-1 Limit:-1 Start:-1 End:-1 ExpectedType: ActualType:}} Provider:<nil> Outcome: Refunded:false}"
2026/09/22 10:16:45 INFO generation_trace event="{RelatedRunID: ActorKind: RequestID:req_REay9uLI16tkpQXXpdLHkw RunID:01a0c6e6-bbfd-73c0-b293-7fd14727a07e ModelID:01a0c6e6-b00f-7c59-8ef9-8046d398c5bb Sequence:184 ElapsedMS:25 Kind:check_begin Late:false Fact:{Stage:draft_commit State:running BeginMS:24 EndMS:-1 DurationMS:-1 Check:transaction_begin Detail:{Reason: Field: Target:-1 Actual:-1 Limit:-1 Start:-1 End:-1 ExpectedType: ActualType:}} Provider:<nil> Outcome: Refunded:false}"
2026/09/22 10:16:45 INFO generation_trace event="{RelatedRunID: ActorKind: RequestID:req_REay9uLI16tkpQXXpdLHkw RunID:01a0c6e6-bbfd-73c0-b293-7fd14727a07e ModelID:01a0c6e6-b00f-7c59-8ef9-8046d398c5bb Sequence:185 ElapsedMS:25 Kind:check_end Late:false Fact:{Stage:draft_commit State:ok BeginMS:24 EndMS:-1 DurationMS:-1 Check:transaction_begin Detail:{Reason: Field: Target:-1 Actual:-1 Limit:-1 Start:-1 End:-1 ExpectedType: ActualType:}} Provider:<nil> Outcome: Refunded:false}"
2026/09/22 10:16:45 INFO generation_trace event="{RelatedRunID: ActorKind: RequestID:req_REay9uLI16tkpQXXpdLHkw RunID:01a0c6e6-bbfd-73c0-b293-7fd14727a07e ModelID:01a0c6e6-b00f-7c59-8ef9-8046d398c5bb Sequence:186 ElapsedMS:25 Kind:check_begin Late:false Fact:{Stage:draft_commit State:running BeginMS:24 EndMS:-1 DurationMS:-1 Check:cas Detail:{Reason: Field: Target:-1 Actual:-1 Limit:-1 Start:-1 End:-1 ExpectedType: ActualType:}} Provider:<nil> Outcome: Refunded:false}"
2026/09/22 10:16:45 INFO generation_trace event="{RelatedRunID: ActorKind: RequestID:req_REay9uLI16tkpQXXpdLHkw RunID:01a0c6e6-bbfd-73c0-b293-7fd14727a07e ModelID:01a0c6e6-b00f-7c59-8ef9-8046d398c5bb Sequence:187 ElapsedMS:27 Kind:check_end Late:false Fact:{Stage:draft_commit State:ok BeginMS:24 EndMS:-1 DurationMS:-1 Check:cas Detail:{Reason: Field: Target:-1 Actual:-1 Limit:-1 Start:-1 End:-1 ExpectedType: ActualType:}} Provider:<nil> Outcome: Refunded:false}"
2026/09/22 10:16:45 INFO generation_trace event="{RelatedRunID: ActorKind: RequestID:req_REay9uLI16tkpQXXpdLHkw RunID:01a0c6e6-bbfd-73c0-b293-7fd14727a07e ModelID:01a0c6e6-b00f-7c59-8ef9-8046d398c5bb Sequence:188 ElapsedMS:27 Kind:check_begin Late:false Fact:{Stage:draft_commit State:running BeginMS:24 EndMS:-1 DurationMS:-1 Check:draft_insert Detail:{Reason: Field: Target:-1 Actual:-1 Limit:-1 Start:-1 End:-1 ExpectedType: ActualType:}} Provider:<nil> Outcome: Refunded:false}"
2026/09/22 10:16:45 INFO generation_trace event="{RelatedRunID: ActorKind: RequestID:req_REay9uLI16tkpQXXpdLHkw RunID:01a0c6e6-bbfd-73c0-b293-7fd14727a07e ModelID:01a0c6e6-b00f-7c59-8ef9-8046d398c5bb Sequence:189 ElapsedMS:27 Kind:check_end Late:false Fact:{Stage:draft_commit State:ok BeginMS:24 EndMS:-1 DurationMS:-1 Check:draft_insert Detail:{Reason: Field: Target:-1 Actual:-1 Limit:-1 Start:-1 End:-1 ExpectedType: ActualType:}} Provider:<nil> Outcome: Refunded:false}"
2026/09/22 10:16:45 INFO generation_trace event="{RelatedRunID: ActorKind: RequestID:req_REay9uLI16tkpQXXpdLHkw RunID:01a0c6e6-bbfd-73c0-b293-7fd14727a07e ModelID:01a0c6e6-b00f-7c59-8ef9-8046d398c5bb Sequence:190 ElapsedMS:27 Kind:check_begin Late:false Fact:{Stage:draft_commit State:running BeginMS:24 EndMS:-1 DurationMS:-1 Check:transaction_commit Detail:{Reason: Field: Target:-1 Actual:-1 Limit:-1 Start:-1 End:-1 ExpectedType: ActualType:}} Provider:<nil> Outcome: Refunded:false}"
2026/09/22 10:16:45 INFO generation_trace event="{RelatedRunID: ActorKind: RequestID:req_REay9uLI16tkpQXXpdLHkw RunID:01a0c6e6-bbfd-73c0-b293-7fd14727a07e ModelID:01a0c6e6-b00f-7c59-8ef9-8046d398c5bb Sequence:191 ElapsedMS:28 Kind:outcome_confirmed Late:false Fact:{Stage: State: BeginMS:0 EndMS:0 DurationMS:0 Check: Detail:{Reason: Field: Target:0 Actual:0 Limit:0 Start:0 End:0 ExpectedType: ActualType:}} Provider:<nil> Outcome:valid Refunded:false}"
2026/09/22 10:16:45 INFO generation_trace event="{RelatedRunID: ActorKind: RequestID:req_REay9uLI16tkpQXXpdLHkw RunID:01a0c6e6-bbfd-73c0-b293-7fd14727a07e ModelID:01a0c6e6-b00f-7c59-8ef9-8046d398c5bb Sequence:192 ElapsedMS:28 Kind:check_end Late:false Fact:{Stage:draft_commit State:ok BeginMS:24 EndMS:28 DurationMS:4 Check:transaction_commit Detail:{Reason: Field: Target:-1 Actual:-1 Limit:-1 Start:-1 End:-1 ExpectedType: ActualType:}} Provider:<nil> Outcome: Refunded:false}"
2026/09/22 10:16:45 INFO generation_trace event="{RelatedRunID: ActorKind: RequestID:req_REay9uLI16tkpQXXpdLHkw RunID:01a0c6e6-bbfd-73c0-b293-7fd14727a07e ModelID:01a0c6e6-b00f-7c59-8ef9-8046d398c5bb Sequence:193 ElapsedMS:28 Kind:stage_end Late:false Fact:{Stage:draft_commit State:ok BeginMS:24 EndMS:28 DurationMS:4 Check:transaction_commit Detail:{Reason: Field: Target:-1 Actual:-1 Limit:-1 Start:-1 End:-1 ExpectedType: ActualType:}} Provider:<nil> Outcome: Refunded:false}"
2026/09/22 10:16:45 INFO generation_trace event="{RelatedRunID: ActorKind: RequestID:req_REay9uLI16tkpQXXpdLHkw RunID:01a0c6e6-bbfd-73c0-b293-7fd14727a07e ModelID:01a0c6e6-b00f-7c59-8ef9-8046d398c5bb Sequence:194 ElapsedMS:28 Kind:fact Late:false Fact:{Stage:delivery State:running BeginMS:15 EndMS:-1 DurationMS:-1 Check:validated Detail:{Reason: Field: Target:-1 Actual:917 Limit:-1 Start:-1 End:-1 ExpectedType: ActualType:}} Provider:<nil> Outcome: Refunded:false}"
2026/09/22 10:16:45 INFO generation_trace event="{RelatedRunID: ActorKind: RequestID:req_REay9uLI16tkpQXXpdLHkw RunID:01a0c6e6-bbfd-73c0-b293-7fd14727a07e ModelID:01a0c6e6-b00f-7c59-8ef9-8046d398c5bb Sequence:195 ElapsedMS:28 Kind:stage_end Late:false Fact:{Stage:delivery State:ok BeginMS:15 EndMS:28 DurationMS:13 Check: Detail:{Reason: Field: Target:-1 Actual:-1 Limit:-1 Start:-1 End:-1 ExpectedType: ActualType:}} Provider:<nil> Outcome: Refunded:false}"
2026/09/22 10:16:45 INFO ai_generation_request_finished request_id=req_REay9uLI16tkpQXXpdLHkw run_id=01a0c6e6-bbfd-73c0-b293-7fd14727a07e model_id=01a0c6e6-b00f-7c59-8ef9-8046d398c5bb elapsed_ms=27
2026/09/22 10:16:45 INFO http_request request_id=req_REay9uLI16tkpQXXpdLHkw method=POST route=/api/v1/generations/stream status=200 duration_ms=28
2026/09/22 10:16:45 INFO generation_trace event="{RelatedRunID: ActorKind: RequestID:req_REay9uLI16tkpQXXpdLHkw RunID:01a0c6e6-bbfd-73c0-b293-7fd14727a07e ModelID:01a0c6e6-b00f-7c59-8ef9-8046d398c5bb Sequence:196 ElapsedMS:28 Kind:check_end Late:false Fact:{Stage:request State:ok BeginMS:0 EndMS:28 DurationMS:28 Check:body Detail:{Reason: Field: Target:-1 Actual:-1 Limit:-1 Start:-1 End:-1 ExpectedType: ActualType:}} Provider:<nil> Outcome: Refunded:false}"
2026/09/22 10:16:45 INFO generation_trace event="{RelatedRunID: ActorKind: RequestID:req_REay9uLI16tkpQXXpdLHkw RunID:01a0c6e6-bbfd-73c0-b293-7fd14727a07e ModelID:01a0c6e6-b00f-7c59-8ef9-8046d398c5bb Sequence:197 ElapsedMS:28 Kind:stage_end Late:false Fact:{Stage:request State:ok BeginMS:0 EndMS:28 DurationMS:28 Check:body Detail:{Reason: Field: Target:-1 Actual:-1 Limit:-1 Start:-1 End:-1 ExpectedType: ActualType:}} Provider:<nil> Outcome: Refunded:false}"
2026/09/22 10:16:45 INFO generation_summary summary="{RequestID:req_REay9uLI16tkpQXXpdLHkw RunID:01a0c6e6-bbfd-73c0-b293-7fd14727a07e ModelID:01a0c6e6-b00f-7c59-8ef9-8046d398c5bb ElapsedMS:28 Stages:[{Stage:request State:ok BeginMS:0 EndMS:28 DurationMS:28 Check:body Detail:{Reason: Field: Target:-1 Actual:-1 Limit:-1 Start:-1 End:-1 ExpectedType: ActualType:}} {Stage:preflight State:ok BeginMS:1 EndMS:11 DurationMS:10 Check:transaction_commit Detail:{Reason: Field: Target:-1 Actual:-1 Limit:-1 Start:-1 End:-1 ExpectedType: ActualType:}} {Stage:provider_open State:ok BeginMS:11 EndMS:15 DurationMS:4 Check:response_headers Detail:{Reason: Field: Target:-1 Actual:-1 Limit:-1 Start:-1 End:-1 ExpectedType: ActualType:}} {Stage:provider_stream State:ok BeginMS:15 EndMS:16 DurationMS:1 Check: Detail:{Reason: Field: Target:-1 Actual:-1 Limit:-1 Start:-1 End:-1 ExpectedType: ActualType:}} {Stage:passage_decode State:ok BeginMS:16 EndMS:20 DurationMS:4 Check:clean_consistency Detail:{Reason: Field: Target:-1 Actual:-1 Limit:-1 Start:-1 End:-1 ExpectedType: ActualType:}} {Stage:candidate_decode State:ok BeginMS:16 EndMS:19 DurationMS:3 Check:hint_size Detail:{Reason: Field: Target:-1 Actual:-1 Limit:-1 Start:-1 End:-1 ExpectedType: ActualType:}} {Stage:content_validate State:ok BeginMS:21 EndMS:24 DurationMS:3 Check:context Detail:{Reason: Field: Target:-1 Actual:-1 Limit:-1 Start:-1 End:-1 ExpectedType: ActualType:}} {Stage:draft_commit State:ok BeginMS:24 EndMS:28 DurationMS:4 Check:transaction_commit Detail:{Reason: Field: Target:-1 Actual:-1 Limit:-1 Start:-1 End:-1 ExpectedType: ActualType:}} {Stage:settlement State:not_run BeginMS:-1 EndMS:-1 DurationMS:-1 Check: Detail:{Reason: Field: Target:-1 Actual:-1 Limit:-1 Start:-1 End:-1 ExpectedType: ActualType:}} {Stage:delivery State:ok BeginMS:15 EndMS:28 DurationMS:13 Check: Detail:{Reason: Field: Target:-1 Actual:-1 Limit:-1 Start:-1 End:-1 ExpectedType: ActualType:}} {Stage:continuation State:not_run BeginMS:-1 EndMS:-1 DurationMS:-1 Check: Detail:{Reason: Field: Target:-1 Actual:-1 Limit:-1 Start:-1 End:-1 ExpectedType: ActualType:}}] FirstFailure:<nil> Outcome:valid Refunded:false Pending:false}"
2026/09/22 10:16:45 INFO http_request request_id=req_qBj-unJ1LUXnopXicNlWKA method=POST route=/api/v1/generations/{run_id}/discard status=204 duration_ms=2
=== RUN   TestNoContentConsumersEnforcePrivateNoStoreResponse/batch_deletion_cascades_its_single-batch_review_session
2026/09/22 10:16:45 INFO generation_trace event="{RelatedRunID: ActorKind: RequestID:req_myED0TNqkLRtHi6NxArF8g RunID: ModelID: Sequence:1 ElapsedMS:0 Kind:stage_begin Late:false Fact:{Stage:request State:running BeginMS:0 EndMS:-1 DurationMS:-1 Check: Detail:{Reason: Field: Target:-1 Actual:-1 Limit:-1 Start:-1 End:-1 ExpectedType: ActualType:}} Provider:<nil> Outcome: Refunded:false}"
2026/09/22 10:16:45 INFO generation_trace event="{RelatedRunID: ActorKind: RequestID:req_myED0TNqkLRtHi6NxArF8g RunID: ModelID: Sequence:2 ElapsedMS:0 Kind:check_begin Late:false Fact:{Stage:request State:running BeginMS:0 EndMS:-1 DurationMS:-1 Check:identity Detail:{Reason: Field: Target:-1 Actual:-1 Limit:-1 Start:-1 End:-1 ExpectedType: ActualType:}} Provider:<nil> Outcome: Refunded:false}"
2026/09/22 10:16:45 INFO generation_trace event="{RelatedRunID: ActorKind:account RequestID:req_myED0TNqkLRtHi6NxArF8g RunID: ModelID: Sequence:3 ElapsedMS:0 Kind:actor_resolved Late:false Fact:{Stage: State: BeginMS:0 EndMS:0 DurationMS:0 Check: Detail:{Reason: Field: Target:0 Actual:0 Limit:0 Start:0 End:0 ExpectedType: ActualType:}} Provider:<nil> Outcome: Refunded:false}"
2026/09/22 10:16:45 INFO generation_trace event="{RelatedRunID: ActorKind: RequestID:req_myED0TNqkLRtHi6NxArF8g RunID: ModelID: Sequence:4 ElapsedMS:0 Kind:check_end Late:false Fact:{Stage:request State:ok BeginMS:0 EndMS:-1 DurationMS:-1 Check:identity Detail:{Reason: Field: Target:-1 Actual:-1 Limit:-1 Start:-1 End:-1 ExpectedType: ActualType:}} Provider:<nil> Outcome: Refunded:false}"
2026/09/22 10:16:45 INFO generation_trace event="{RelatedRunID: ActorKind: RequestID:req_myED0TNqkLRtHi6NxArF8g RunID: ModelID: Sequence:5 ElapsedMS:0 Kind:check_begin Late:false Fact:{Stage:request State:running BeginMS:0 EndMS:-1 DurationMS:-1 Check:origin Detail:{Reason: Field: Target:-1 Actual:-1 Limit:-1 Start:-1 End:-1 ExpectedType: ActualType:}} Provider:<nil> Outcome: Refunded:false}"
2026/09/22 10:16:45 INFO generation_trace event="{RelatedRunID: ActorKind: RequestID:req_myED0TNqkLRtHi6NxArF8g RunID: ModelID: Sequence:6 ElapsedMS:0 Kind:check_end Late:false Fact:{Stage:request State:ok BeginMS:0 EndMS:-1 DurationMS:-1 Check:origin Detail:{Reason: Field: Target:-1 Actual:-1 Limit:-1 Start:-1 End:-1 ExpectedType: ActualType:}} Provider:<nil> Outcome: Refunded:false}"
2026/09/22 10:16:45 INFO generation_trace event="{RelatedRunID: ActorKind: RequestID:req_myED0TNqkLRtHi6NxArF8g RunID: ModelID: Sequence:7 ElapsedMS:0 Kind:check_begin Late:false Fact:{Stage:request State:running BeginMS:0 EndMS:-1 DurationMS:-1 Check:content_type Detail:{Reason: Field: Target:-1 Actual:-1 Limit:-1 Start:-1 End:-1 ExpectedType: ActualType:}} Provider:<nil> Outcome: Refunded:false}"
2026/09/22 10:16:45 INFO generation_trace event="{RelatedRunID: ActorKind: RequestID:req_myED0TNqkLRtHi6NxArF8g RunID: ModelID: Sequence:8 ElapsedMS:0 Kind:check_end Late:false Fact:{Stage:request State:ok BeginMS:0 EndMS:-1 DurationMS:-1 Check:content_type Detail:{Reason: Field: Target:-1 Actual:-1 Limit:-1 Start:-1 End:-1 ExpectedType: ActualType:}} Provider:<nil> Outcome: Refunded:false}"
2026/09/22 10:16:45 INFO generation_trace event="{RelatedRunID: ActorKind: RequestID:req_myED0TNqkLRtHi6NxArF8g RunID: ModelID: Sequence:9 ElapsedMS:0 Kind:check_begin Late:false Fact:{Stage:request State:running BeginMS:0 EndMS:-1 DurationMS:-1 Check:csrf Detail:{Reason: Field: Target:-1 Actual:-1 Limit:-1 Start:-1 End:-1 ExpectedType: ActualType:}} Provider:<nil> Outcome: Refunded:false}"
2026/09/22 10:16:45 INFO generation_trace event="{RelatedRunID: ActorKind: RequestID:req_myED0TNqkLRtHi6NxArF8g RunID: ModelID: Sequence:10 ElapsedMS:0 Kind:check_end Late:false Fact:{Stage:request State:ok BeginMS:0 EndMS:-1 DurationMS:-1 Check:csrf Detail:{Reason: Field: Target:-1 Actual:-1 Limit:-1 Start:-1 End:-1 ExpectedType: ActualType:}} Provider:<nil> Outcome: Refunded:false}"
2026/09/22 10:16:45 INFO generation_trace event="{RelatedRunID: ActorKind: RequestID:req_myED0TNqkLRtHi6NxArF8g RunID: ModelID: Sequence:11 ElapsedMS:0 Kind:check_begin Late:false Fact:{Stage:request State:running BeginMS:0 EndMS:-1 DurationMS:-1 Check:body Detail:{Reason: Field: Target:-1 Actual:-1 Limit:-1 Start:-1 End:-1 ExpectedType: ActualType:}} Provider:<nil> Outcome: Refunded:false}"
2026/09/22 10:16:45 INFO generation_trace event="{RelatedRunID: ActorKind: RequestID:req_myED0TNqkLRtHi6NxArF8g RunID: ModelID: Sequence:12 ElapsedMS:1 Kind:stage_begin Late:false Fact:{Stage:preflight State:running BeginMS:1 EndMS:-1 DurationMS:-1 Check: Detail:{Reason: Field: Target:-1 Actual:-1 Limit:-1 Start:-1 End:-1 ExpectedType: ActualType:}} Provider:<nil> Outcome: Refunded:false}"
2026/09/22 10:16:45 INFO generation_trace event="{RelatedRunID: ActorKind: RequestID:req_myED0TNqkLRtHi6NxArF8g RunID: ModelID: Sequence:13 ElapsedMS:1 Kind:check_begin Late:false Fact:{Stage:preflight State:running BeginMS:1 EndMS:-1 DurationMS:-1 Check:input Detail:{Reason: Field: Target:-1 Actual:-1 Limit:-1 Start:-1 End:-1 ExpectedType: ActualType:}} Provider:<nil> Outcome: Refunded:false}"
2026/09/22 10:16:45 INFO generation_trace event="{RelatedRunID: ActorKind: RequestID:req_myED0TNqkLRtHi6NxArF8g RunID: ModelID: Sequence:14 ElapsedMS:1 Kind:check_end Late:false Fact:{Stage:preflight State:ok BeginMS:1 EndMS:-1 DurationMS:-1 Check:input Detail:{Reason: Field: Target:-1 Actual:-1 Limit:-1 Start:-1 End:-1 ExpectedType: ActualType:}} Provider:<nil> Outcome: Refunded:false}"
2026/09/22 10:16:45 INFO generation_trace event="{RelatedRunID: ActorKind: RequestID:req_myED0TNqkLRtHi6NxArF8g RunID: ModelID: Sequence:15 ElapsedMS:1 Kind:check_begin Late:false Fact:{Stage:preflight State:running BeginMS:1 EndMS:-1 DurationMS:-1 Check:transaction_begin Detail:{Reason: Field: Target:-1 Actual:-1 Limit:-1 Start:-1 End:-1 ExpectedType: ActualType:}} Provider:<nil> Outcome: Refunded:false}"
2026/09/22 10:16:45 INFO generation_trace event="{RelatedRunID: ActorKind: RequestID:req_myED0TNqkLRtHi6NxArF8g RunID: ModelID: Sequence:16 ElapsedMS:1 Kind:check_end Late:false Fact:{Stage:preflight State:ok BeginMS:1 EndMS:-1 DurationMS:-1 Check:transaction_begin Detail:{Reason: Field: Target:-1 Actual:-1 Limit:-1 Start:-1 End:-1 ExpectedType: ActualType:}} Provider:<nil> Outcome: Refunded:false}"
2026/09/22 10:16:45 INFO generation_trace event="{RelatedRunID: ActorKind: RequestID:req_myED0TNqkLRtHi6NxArF8g RunID: ModelID: Sequence:17 ElapsedMS:1 Kind:check_begin Late:false Fact:{Stage:preflight State:running BeginMS:1 EndMS:-1 DurationMS:-1 Check:credentials Detail:{Reason: Field: Target:-1 Actual:-1 Limit:-1 Start:-1 End:-1 ExpectedType: ActualType:}} Provider:<nil> Outcome: Refunded:false}"
2026/09/22 10:16:45 INFO generation_trace event="{RelatedRunID: ActorKind: RequestID:req_myED0TNqkLRtHi6NxArF8g RunID: ModelID: Sequence:18 ElapsedMS:1 Kind:check_end Late:false Fact:{Stage:preflight State:ok BeginMS:1 EndMS:-1 DurationMS:-1 Check:credentials Detail:{Reason: Field: Target:-1 Actual:-1 Limit:-1 Start:-1 End:-1 ExpectedType: ActualType:}} Provider:<nil> Outcome: Refunded:false}"
2026/09/22 10:16:45 INFO generation_trace event="{RelatedRunID: ActorKind: RequestID:req_myED0TNqkLRtHi6NxArF8g RunID: ModelID: Sequence:19 ElapsedMS:1 Kind:check_begin Late:false Fact:{Stage:preflight State:running BeginMS:1 EndMS:-1 DurationMS:-1 Check:actor_lock Detail:{Reason: Field: Target:-1 Actual:-1 Limit:-1 Start:-1 End:-1 ExpectedType: ActualType:}} Provider:<nil> Outcome: Refunded:false}"
2026/09/22 10:16:45 INFO generation_trace event="{RelatedRunID: ActorKind: RequestID:req_myED0TNqkLRtHi6NxArF8g RunID: ModelID: Sequence:20 ElapsedMS:2 Kind:check_end Late:false Fact:{Stage:preflight State:ok BeginMS:1 EndMS:-1 DurationMS:-1 Check:actor_lock Detail:{Reason: Field: Target:-1 Actual:-1 Limit:-1 Start:-1 End:-1 ExpectedType: ActualType:}} Provider:<nil> Outcome: Refunded:false}"
2026/09/22 10:16:45 INFO generation_trace event="{RelatedRunID: ActorKind: RequestID:req_myED0TNqkLRtHi6NxArF8g RunID: ModelID: Sequence:21 ElapsedMS:2 Kind:check_begin Late:false Fact:{Stage:preflight State:running BeginMS:1 EndMS:-1 DurationMS:-1 Check:group_policy Detail:{Reason: Field: Target:-1 Actual:-1 Limit:-1 Start:-1 End:-1 ExpectedType: ActualType:}} Provider:<nil> Outcome: Refunded:false}"
2026/09/22 10:16:45 INFO generation_trace event="{RelatedRunID: ActorKind: RequestID:req_myED0TNqkLRtHi6NxArF8g RunID: ModelID: Sequence:22 ElapsedMS:2 Kind:check_end Late:false Fact:{Stage:preflight State:ok BeginMS:1 EndMS:-1 DurationMS:-1 Check:group_policy Detail:{Reason: Field: Target:-1 Actual:-1 Limit:-1 Start:-1 End:-1 ExpectedType: ActualType:}} Provider:<nil> Outcome: Refunded:false}"
2026/09/22 10:16:45 INFO generation_trace event="{RelatedRunID: ActorKind: RequestID:req_myED0TNqkLRtHi6NxArF8g RunID: ModelID: Sequence:23 ElapsedMS:2 Kind:check_begin Late:false Fact:{Stage:preflight State:running BeginMS:1 EndMS:-1 DurationMS:-1 Check:model_assignment Detail:{Reason: Field: Target:-1 Actual:-1 Limit:-1 Start:-1 End:-1 ExpectedType: ActualType:}} Provider:<nil> Outcome: Refunded:false}"
2026/09/22 10:16:45 INFO generation_trace event="{RelatedRunID: ActorKind: RequestID:req_myED0TNqkLRtHi6NxArF8g RunID: ModelID: Sequence:24 ElapsedMS:2 Kind:check_end Late:false Fact:{Stage:preflight State:ok BeginMS:1 EndMS:-1 DurationMS:-1 Check:model_assignment Detail:{Reason: Field: Target:-1 Actual:-1 Limit:-1 Start:-1 End:-1 ExpectedType: ActualType:}} Provider:<nil> Outcome: Refunded:false}"
2026/09/22 10:16:45 INFO generation_trace event="{RelatedRunID: ActorKind: RequestID:req_myED0TNqkLRtHi6NxArF8g RunID: ModelID: Sequence:25 ElapsedMS:2 Kind:check_begin Late:false Fact:{Stage:preflight State:running BeginMS:1 EndMS:-1 DurationMS:-1 Check:length_assignment Detail:{Reason: Field: Target:-1 Actual:-1 Limit:-1 Start:-1 End:-1 ExpectedType: ActualType:}} Provider:<nil> Outcome: Refunded:false}"
2026/09/22 10:16:45 INFO generation_trace event="{RelatedRunID: ActorKind: RequestID:req_myED0TNqkLRtHi6NxArF8g RunID: ModelID: Sequence:26 ElapsedMS:3 Kind:check_end Late:false Fact:{Stage:preflight State:ok BeginMS:1 EndMS:-1 DurationMS:-1 Check:length_assignment Detail:{Reason: Field: Target:-1 Actual:-1 Limit:-1 Start:-1 End:-1 ExpectedType: ActualType:}} Provider:<nil> Outcome: Refunded:false}"
2026/09/22 10:16:45 INFO generation_trace event="{RelatedRunID: ActorKind: RequestID:req_myED0TNqkLRtHi6NxArF8g RunID: ModelID: Sequence:27 ElapsedMS:3 Kind:check_begin Late:false Fact:{Stage:preflight State:running BeginMS:1 EndMS:-1 DurationMS:-1 Check:vocabulary Detail:{Reason: Field: Target:-1 Actual:-1 Limit:-1 Start:-1 End:-1 ExpectedType: ActualType:}} Provider:<nil> Outcome: Refunded:false}"
2026/09/22 10:16:45 INFO generation_trace event="{RelatedRunID: ActorKind: RequestID:req_myED0TNqkLRtHi6NxArF8g RunID: ModelID: Sequence:28 ElapsedMS:3 Kind:check_end Late:false Fact:{Stage:preflight State:ok BeginMS:1 EndMS:-1 DurationMS:-1 Check:vocabulary Detail:{Reason: Field: Target:-1 Actual:-1 Limit:-1 Start:-1 End:-1 ExpectedType: ActualType:}} Provider:<nil> Outcome: Refunded:false}"
2026/09/22 10:16:45 INFO generation_trace event="{RelatedRunID: ActorKind: RequestID:req_myED0TNqkLRtHi6NxArF8g RunID: ModelID: Sequence:29 ElapsedMS:3 Kind:check_begin Late:false Fact:{Stage:preflight State:running BeginMS:1 EndMS:-1 DurationMS:-1 Check:quota Detail:{Reason: Field: Target:-1 Actual:-1 Limit:-1 Start:-1 End:-1 ExpectedType: ActualType:}} Provider:<nil> Outcome: Refunded:false}"
2026/09/22 10:16:45 INFO generation_trace event="{RelatedRunID: ActorKind: RequestID:req_myED0TNqkLRtHi6NxArF8g RunID: ModelID: Sequence:30 ElapsedMS:3 Kind:check_end Late:false Fact:{Stage:preflight State:ok BeginMS:1 EndMS:-1 DurationMS:-1 Check:quota Detail:{Reason: Field: Target:-1 Actual:-1 Limit:-1 Start:-1 End:-1 ExpectedType: ActualType:}} Provider:<nil> Outcome: Refunded:false}"
2026/09/22 10:16:45 INFO generation_trace event="{RelatedRunID: ActorKind: RequestID:req_myED0TNqkLRtHi6NxArF8g RunID: ModelID: Sequence:31 ElapsedMS:3 Kind:check_begin Late:false Fact:{Stage:preflight State:running BeginMS:1 EndMS:-1 DurationMS:-1 Check:reserve Detail:{Reason: Field: Target:-1 Actual:-1 Limit:-1 Start:-1 End:-1 ExpectedType: ActualType:}} Provider:<nil> Outcome: Refunded:false}"
2026/09/22 10:16:45 INFO generation_trace event="{RelatedRunID: ActorKind: RequestID:req_myED0TNqkLRtHi6NxArF8g RunID: ModelID: Sequence:32 ElapsedMS:4 Kind:check_end Late:false Fact:{Stage:preflight State:ok BeginMS:1 EndMS:-1 DurationMS:-1 Check:reserve Detail:{Reason: Field: Target:-1 Actual:-1 Limit:-1 Start:-1 End:-1 ExpectedType: ActualType:}} Provider:<nil> Outcome: Refunded:false}"
2026/09/22 10:16:45 INFO generation_trace event="{RelatedRunID: ActorKind: RequestID:req_myED0TNqkLRtHi6NxArF8g RunID: ModelID: Sequence:33 ElapsedMS:4 Kind:check_begin Late:false Fact:{Stage:preflight State:running BeginMS:1 EndMS:-1 DurationMS:-1 Check:entries Detail:{Reason: Field: Target:-1 Actual:-1 Limit:-1 Start:-1 End:-1 ExpectedType: ActualType:}} Provider:<nil> Outcome: Refunded:false}"
2026/09/22 10:16:45 INFO generation_trace event="{RelatedRunID: ActorKind: RequestID:req_myED0TNqkLRtHi6NxArF8g RunID: ModelID: Sequence:34 ElapsedMS:4 Kind:check_end Late:false Fact:{Stage:preflight State:ok BeginMS:1 EndMS:-1 DurationMS:-1 Check:entries Detail:{Reason: Field: Target:-1 Actual:-1 Limit:-1 Start:-1 End:-1 ExpectedType: ActualType:}} Provider:<nil> Outcome: Refunded:false}"
2026/09/22 10:16:45 INFO generation_trace event="{RelatedRunID: ActorKind: RequestID:req_myED0TNqkLRtHi6NxArF8g RunID: ModelID: Sequence:35 ElapsedMS:4 Kind:check_begin Late:false Fact:{Stage:preflight State:running BeginMS:1 EndMS:-1 DurationMS:-1 Check:token Detail:{Reason: Field: Target:-1 Actual:-1 Limit:-1 Start:-1 End:-1 ExpectedType: ActualType:}} Provider:<nil> Outcome: Refunded:false}"
2026/09/22 10:16:45 INFO generation_trace event="{RelatedRunID: ActorKind: RequestID:req_myED0TNqkLRtHi6NxArF8g RunID: ModelID: Sequence:36 ElapsedMS:4 Kind:check_end Late:false Fact:{Stage:preflight State:ok BeginMS:1 EndMS:-1 DurationMS:-1 Check:token Detail:{Reason: Field: Target:-1 Actual:-1 Limit:-1 Start:-1 End:-1 ExpectedType: ActualType:}} Provider:<nil> Outcome: Refunded:false}"
2026/09/22 10:16:45 INFO generation_trace event="{RelatedRunID: ActorKind: RequestID:req_myED0TNqkLRtHi6NxArF8g RunID: ModelID: Sequence:37 ElapsedMS:4 Kind:check_begin Late:false Fact:{Stage:preflight State:running BeginMS:1 EndMS:-1 DurationMS:-1 Check:transaction_commit Detail:{Reason: Field: Target:-1 Actual:-1 Limit:-1 Start:-1 End:-1 ExpectedType: ActualType:}} Provider:<nil> Outcome: Refunded:false}"
2026/09/22 10:16:45 INFO generation_trace event="{RelatedRunID: ActorKind: RequestID:req_myED0TNqkLRtHi6NxArF8g RunID:01a0c6e6-bc18-7b0e-af59-efa6fa90ba52 ModelID:01a0c6e6-b00f-7c59-8ef9-8046d398c5bb Sequence:38 ElapsedMS:4 Kind:run_bound Late:false Fact:{Stage: State: BeginMS:0 EndMS:0 DurationMS:0 Check: Detail:{Reason: Field: Target:0 Actual:0 Limit:0 Start:0 End:0 ExpectedType: ActualType:}} Provider:<nil> Outcome: Refunded:false}"
2026/09/22 10:16:45 INFO generation_trace event="{RelatedRunID: ActorKind: RequestID:req_myED0TNqkLRtHi6NxArF8g RunID:01a0c6e6-bc18-7b0e-af59-efa6fa90ba52 ModelID:01a0c6e6-b00f-7c59-8ef9-8046d398c5bb Sequence:39 ElapsedMS:5 Kind:check_end Late:false Fact:{Stage:preflight State:ok BeginMS:1 EndMS:5 DurationMS:4 Check:transaction_commit Detail:{Reason: Field: Target:-1 Actual:-1 Limit:-1 Start:-1 End:-1 ExpectedType: ActualType:}} Provider:<nil> Outcome: Refunded:false}"
2026/09/22 10:16:45 INFO generation_trace event="{RelatedRunID: ActorKind: RequestID:req_myED0TNqkLRtHi6NxArF8g RunID:01a0c6e6-bc18-7b0e-af59-efa6fa90ba52 ModelID:01a0c6e6-b00f-7c59-8ef9-8046d398c5bb Sequence:40 ElapsedMS:5 Kind:stage_end Late:false Fact:{Stage:preflight State:ok BeginMS:1 EndMS:5 DurationMS:4 Check:transaction_commit Detail:{Reason: Field: Target:-1 Actual:-1 Limit:-1 Start:-1 End:-1 ExpectedType: ActualType:}} Provider:<nil> Outcome: Refunded:false}"
2026/09/22 10:16:45 INFO generation_trace event="{RelatedRunID: ActorKind: RequestID:req_myED0TNqkLRtHi6NxArF8g RunID:01a0c6e6-bc18-7b0e-af59-efa6fa90ba52 ModelID:01a0c6e6-b00f-7c59-8ef9-8046d398c5bb Sequence:41 ElapsedMS:5 Kind:stage_begin Late:false Fact:{Stage:provider_open State:running BeginMS:5 EndMS:-1 DurationMS:-1 Check: Detail:{Reason: Field: Target:-1 Actual:-1 Limit:-1 Start:-1 End:-1 ExpectedType: ActualType:}} Provider:<nil> Outcome: Refunded:false}"
2026/09/22 10:16:45 INFO generation_trace event="{RelatedRunID: ActorKind: RequestID:req_myED0TNqkLRtHi6NxArF8g RunID:01a0c6e6-bc18-7b0e-af59-efa6fa90ba52 ModelID:01a0c6e6-b00f-7c59-8ef9-8046d398c5bb Sequence:42 ElapsedMS:5 Kind:check_begin Late:false Fact:{Stage:provider_open State:running BeginMS:5 EndMS:-1 DurationMS:-1 Check:credentials Detail:{Reason: Field: Target:-1 Actual:-1 Limit:-1 Start:-1 End:-1 ExpectedType: ActualType:}} Provider:<nil> Outcome: Refunded:false}"
2026/09/22 10:16:45 INFO generation_trace event="{RelatedRunID: ActorKind: RequestID:req_myED0TNqkLRtHi6NxArF8g RunID:01a0c6e6-bc18-7b0e-af59-efa6fa90ba52 ModelID:01a0c6e6-b00f-7c59-8ef9-8046d398c5bb Sequence:43 ElapsedMS:5 Kind:check_end Late:false Fact:{Stage:provider_open State:ok BeginMS:5 EndMS:-1 DurationMS:-1 Check:credentials Detail:{Reason: Field: Target:-1 Actual:-1 Limit:-1 Start:-1 End:-1 ExpectedType: ActualType:}} Provider:<nil> Outcome: Refunded:false}"
2026/09/22 10:16:45 INFO generation_trace event="{RelatedRunID: ActorKind: RequestID:req_myED0TNqkLRtHi6NxArF8g RunID:01a0c6e6-bc18-7b0e-af59-efa6fa90ba52 ModelID:01a0c6e6-b00f-7c59-8ef9-8046d398c5bb Sequence:44 ElapsedMS:5 Kind:check_begin Late:false Fact:{Stage:provider_open State:running BeginMS:5 EndMS:-1 DurationMS:-1 Check:request_encode Detail:{Reason: Field: Target:-1 Actual:-1 Limit:-1 Start:-1 End:-1 ExpectedType: ActualType:}} Provider:<nil> Outcome: Refunded:false}"
2026/09/22 10:16:45 INFO generation_trace event="{RelatedRunID: ActorKind: RequestID:req_myED0TNqkLRtHi6NxArF8g RunID:01a0c6e6-bc18-7b0e-af59-efa6fa90ba52 ModelID:01a0c6e6-b00f-7c59-8ef9-8046d398c5bb Sequence:45 ElapsedMS:6 Kind:check_end Late:false Fact:{Stage:provider_open State:ok BeginMS:5 EndMS:-1 DurationMS:-1 Check:request_encode Detail:{Reason: Field: Target:-1 Actual:-1 Limit:-1 Start:-1 End:-1 ExpectedType: ActualType:}} Provider:<nil> Outcome: Refunded:false}"
2026/09/22 10:16:45 INFO generation_trace event="{RelatedRunID: ActorKind: RequestID:req_myED0TNqkLRtHi6NxArF8g RunID:01a0c6e6-bc18-7b0e-af59-efa6fa90ba52 ModelID:01a0c6e6-b00f-7c59-8ef9-8046d398c5bb Sequence:46 ElapsedMS:6 Kind:check_begin Late:false Fact:{Stage:provider_open State:running BeginMS:5 EndMS:-1 DurationMS:-1 Check:request_create Detail:{Reason: Field: Target:-1 Actual:-1 Limit:-1 Start:-1 End:-1 ExpectedType: ActualType:}} Provider:<nil> Outcome: Refunded:false}"
2026/09/22 10:16:45 INFO generation_trace event="{RelatedRunID: ActorKind: RequestID:req_myED0TNqkLRtHi6NxArF8g RunID:01a0c6e6-bc18-7b0e-af59-efa6fa90ba52 ModelID:01a0c6e6-b00f-7c59-8ef9-8046d398c5bb Sequence:47 ElapsedMS:6 Kind:check_end Late:false Fact:{Stage:provider_open State:ok BeginMS:5 EndMS:-1 DurationMS:-1 Check:request_create Detail:{Reason: Field: Target:-1 Actual:-1 Limit:-1 Start:-1 End:-1 ExpectedType: ActualType:}} Provider:<nil> Outcome: Refunded:false}"
2026/09/22 10:16:45 INFO generation_trace event="{RelatedRunID: ActorKind: RequestID:req_myED0TNqkLRtHi6NxArF8g RunID:01a0c6e6-bc18-7b0e-af59-efa6fa90ba52 ModelID:01a0c6e6-b00f-7c59-8ef9-8046d398c5bb Sequence:48 ElapsedMS:6 Kind:check_begin Late:false Fact:{Stage:provider_open State:running BeginMS:5 EndMS:-1 DurationMS:-1 Check:request_send Detail:{Reason: Field: Target:-1 Actual:-1 Limit:-1 Start:-1 End:-1 ExpectedType: ActualType:}} Provider:<nil> Outcome: Refunded:false}"
2026/09/22 10:16:45 INFO generation_trace event="{RelatedRunID: ActorKind: RequestID:req_myED0TNqkLRtHi6NxArF8g RunID:01a0c6e6-bc18-7b0e-af59-efa6fa90ba52 ModelID:01a0c6e6-b00f-7c59-8ef9-8046d398c5bb Sequence:49 ElapsedMS:7 Kind:check_end Late:false Fact:{Stage:provider_open State:ok BeginMS:5 EndMS:-1 DurationMS:-1 Check:request_send Detail:{Reason: Field: Target:-1 Actual:-1 Limit:-1 Start:-1 End:-1 ExpectedType: ActualType:}} Provider:<nil> Outcome: Refunded:false}"
2026/09/22 10:16:45 INFO generation_trace event="{RelatedRunID: ActorKind: RequestID:req_myED0TNqkLRtHi6NxArF8g RunID:01a0c6e6-bc18-7b0e-af59-efa6fa90ba52 ModelID:01a0c6e6-b00f-7c59-8ef9-8046d398c5bb Sequence:50 ElapsedMS:7 Kind:check_begin Late:false Fact:{Stage:provider_open State:running BeginMS:5 EndMS:-1 DurationMS:-1 Check:response_headers Detail:{Reason: Field: Target:-1 Actual:-1 Limit:-1 Start:-1 End:-1 ExpectedType: ActualType:}} Provider:<nil> Outcome: Refunded:false}"
2026/09/22 10:16:45 INFO generation_trace event="{RelatedRunID: ActorKind: RequestID:req_myED0TNqkLRtHi6NxArF8g RunID:01a0c6e6-bc18-7b0e-af59-efa6fa90ba52 ModelID:01a0c6e6-b00f-7c59-8ef9-8046d398c5bb Sequence:51 ElapsedMS:7 Kind:provider Late:false Fact:{Stage:provider_open State:running BeginMS:5 EndMS:-1 DurationMS:-1 Check:response_headers Detail:{Reason: Field: Target:-1 Actual:-1 Limit:-1 Start:-1 End:-1 ExpectedType: ActualType:}} Provider:0xc00421d040 Outcome: Refunded:false}"
2026/09/22 10:16:45 INFO generation_trace event="{RelatedRunID: ActorKind: RequestID:req_myED0TNqkLRtHi6NxArF8g RunID:01a0c6e6-bc18-7b0e-af59-efa6fa90ba52 ModelID:01a0c6e6-b00f-7c59-8ef9-8046d398c5bb Sequence:52 ElapsedMS:7 Kind:check_end Late:false Fact:{Stage:provider_open State:ok BeginMS:5 EndMS:7 DurationMS:2 Check:response_headers Detail:{Reason: Field: Target:-1 Actual:-1 Limit:-1 Start:-1 End:-1 ExpectedType: ActualType:}} Provider:<nil> Outcome: Refunded:false}"
2026/09/22 10:16:45 INFO generation_trace event="{RelatedRunID: ActorKind: RequestID:req_myED0TNqkLRtHi6NxArF8g RunID:01a0c6e6-bc18-7b0e-af59-efa6fa90ba52 ModelID:01a0c6e6-b00f-7c59-8ef9-8046d398c5bb Sequence:53 ElapsedMS:7 Kind:stage_end Late:false Fact:{Stage:provider_open State:ok BeginMS:5 EndMS:7 DurationMS:2 Check:response_headers Detail:{Reason: Field: Target:-1 Actual:-1 Limit:-1 Start:-1 End:-1 ExpectedType: ActualType:}} Provider:<nil> Outcome: Refunded:false}"
2026/09/22 10:16:45 INFO generation_trace event="{RelatedRunID: ActorKind: RequestID:req_myED0TNqkLRtHi6NxArF8g RunID:01a0c6e6-bc18-7b0e-af59-efa6fa90ba52 ModelID:01a0c6e6-b00f-7c59-8ef9-8046d398c5bb Sequence:54 ElapsedMS:7 Kind:stage_begin Late:false Fact:{Stage:delivery State:running BeginMS:7 EndMS:-1 DurationMS:-1 Check: Detail:{Reason: Field: Target:-1 Actual:-1 Limit:-1 Start:-1 End:-1 ExpectedType: ActualType:}} Provider:<nil> Outcome: Refunded:false}"
2026/09/22 10:16:45 INFO generation_trace event="{RelatedRunID: ActorKind: RequestID:req_myED0TNqkLRtHi6NxArF8g RunID:01a0c6e6-bc18-7b0e-af59-efa6fa90ba52 ModelID:01a0c6e6-b00f-7c59-8ef9-8046d398c5bb Sequence:55 ElapsedMS:7 Kind:fact Late:false Fact:{Stage:delivery State:running BeginMS:7 EndMS:-1 DurationMS:-1 Check:started Detail:{Reason: Field: Target:-1 Actual:192 Limit:-1 Start:-1 End:-1 ExpectedType: ActualType:}} Provider:<nil> Outcome: Refunded:false}"
2026/09/22 10:16:45 INFO generation_trace event="{RelatedRunID: ActorKind: RequestID:req_myED0TNqkLRtHi6NxArF8g RunID:01a0c6e6-bc18-7b0e-af59-efa6fa90ba52 ModelID:01a0c6e6-b00f-7c59-8ef9-8046d398c5bb Sequence:56 ElapsedMS:8 Kind:stage_begin Late:false Fact:{Stage:provider_stream State:running BeginMS:8 EndMS:-1 DurationMS:-1 Check: Detail:{Reason: Field: Target:-1 Actual:-1 Limit:-1 Start:-1 End:-1 ExpectedType: ActualType:}} Provider:<nil> Outcome: Refunded:false}"
2026/09/22 10:16:45 INFO generation_trace event="{RelatedRunID: ActorKind: RequestID:req_myED0TNqkLRtHi6NxArF8g RunID:01a0c6e6-bc18-7b0e-af59-efa6fa90ba52 ModelID:01a0c6e6-b00f-7c59-8ef9-8046d398c5bb Sequence:57 ElapsedMS:8 Kind:fact Late:false Fact:{Stage:provider_stream State:running BeginMS:8 EndMS:-1 DurationMS:-1 Check:frame Detail:{Reason: Field: Target:-1 Actual:1 Limit:-1 Start:-1 End:690 ExpectedType: ActualType:}} Provider:<nil> Outcome: Refunded:false}"
2026/09/22 10:16:45 INFO generation_trace event="{RelatedRunID: ActorKind: RequestID:req_myED0TNqkLRtHi6NxArF8g RunID:01a0c6e6-bc18-7b0e-af59-efa6fa90ba52 ModelID:01a0c6e6-b00f-7c59-8ef9-8046d398c5bb Sequence:58 ElapsedMS:8 Kind:provider Late:false Fact:{Stage:provider_stream State:running BeginMS:8 EndMS:-1 DurationMS:-1 Check: Detail:{Reason: Field: Target:-1 Actual:-1 Limit:-1 Start:-1 End:-1 ExpectedType: ActualType:}} Provider:0xc00421d180 Outcome: Refunded:false}"
2026/09/22 10:16:45 INFO generation_trace event="{RelatedRunID: ActorKind: RequestID:req_myED0TNqkLRtHi6NxArF8g RunID:01a0c6e6-bc18-7b0e-af59-efa6fa90ba52 ModelID:01a0c6e6-b00f-7c59-8ef9-8046d398c5bb Sequence:59 ElapsedMS:8 Kind:first_provider_content Late:false Fact:{Stage:provider_stream State:running BeginMS:8 EndMS:-1 DurationMS:-1 Check:content Detail:{Reason: Field: Target:-1 Actual:632 Limit:16777216 Start:0 End:632 ExpectedType: ActualType:}} Provider:<nil> Outcome: Refunded:false}"
2026/09/22 10:16:45 INFO generation_trace event="{RelatedRunID: ActorKind: RequestID:req_myED0TNqkLRtHi6NxArF8g RunID:01a0c6e6-bc18-7b0e-af59-efa6fa90ba52 ModelID:01a0c6e6-b00f-7c59-8ef9-8046d398c5bb Sequence:60 ElapsedMS:8 Kind:fact Late:false Fact:{Stage:provider_stream State:running BeginMS:8 EndMS:-1 DurationMS:-1 Check:content Detail:{Reason: Field: Target:-1 Actual:632 Limit:16777216 Start:0 End:632 ExpectedType: ActualType:}} Provider:<nil> Outcome: Refunded:false}"
2026/09/22 10:16:45 INFO generation_trace event="{RelatedRunID: ActorKind: RequestID:req_myED0TNqkLRtHi6NxArF8g RunID:01a0c6e6-bc18-7b0e-af59-efa6fa90ba52 ModelID:01a0c6e6-b00f-7c59-8ef9-8046d398c5bb Sequence:61 ElapsedMS:8 Kind:stage_begin Late:false Fact:{Stage:passage_decode State:running BeginMS:8 EndMS:-1 DurationMS:-1 Check: Detail:{Reason: Field: Target:-1 Actual:-1 Limit:-1 Start:-1 End:-1 ExpectedType: ActualType:}} Provider:<nil> Outcome: Refunded:false}"
2026/09/22 10:16:45 INFO generation_trace event="{RelatedRunID: ActorKind: RequestID:req_myED0TNqkLRtHi6NxArF8g RunID:01a0c6e6-bc18-7b0e-af59-efa6fa90ba52 ModelID:01a0c6e6-b00f-7c59-8ef9-8046d398c5bb Sequence:62 ElapsedMS:8 Kind:stage_end Late:false Fact:{Stage:provider_stream State:ok BeginMS:8 EndMS:8 DurationMS:0 Check: Detail:{Reason: Field: Target:-1 Actual:-1 Limit:-1 Start:-1 End:-1 ExpectedType: ActualType:}} Provider:<nil> Outcome: Refunded:false}"
2026/09/22 10:16:45 INFO generation_trace event="{RelatedRunID: ActorKind: RequestID:req_myED0TNqkLRtHi6NxArF8g RunID:01a0c6e6-bc18-7b0e-af59-efa6fa90ba52 ModelID:01a0c6e6-b00f-7c59-8ef9-8046d398c5bb Sequence:63 ElapsedMS:8 Kind:stage_begin Late:false Fact:{Stage:candidate_decode State:running BeginMS:8 EndMS:-1 DurationMS:-1 Check: Detail:{Reason: Field: Target:-1 Actual:-1 Limit:-1 Start:-1 End:-1 ExpectedType: ActualType:}} Provider:<nil> Outcome: Refunded:false}"
2026/09/22 10:16:45 INFO generation_trace event="{RelatedRunID: ActorKind: RequestID:req_myED0TNqkLRtHi6NxArF8g RunID:01a0c6e6-bc18-7b0e-af59-efa6fa90ba52 ModelID:01a0c6e6-b00f-7c59-8ef9-8046d398c5bb Sequence:64 ElapsedMS:8 Kind:check_begin Late:false Fact:{Stage:candidate_decode State:running BeginMS:8 EndMS:-1 DurationMS:-1 Check:json_schema Detail:{Reason: Field: Target:-1 Actual:-1 Limit:-1 Start:-1 End:-1 ExpectedType: ActualType:}} Provider:<nil> Outcome: Refunded:false}"
2026/09/22 10:16:45 INFO generation_trace event="{RelatedRunID: ActorKind: RequestID:req_myED0TNqkLRtHi6NxArF8g RunID:01a0c6e6-bc18-7b0e-af59-efa6fa90ba52 ModelID:01a0c6e6-b00f-7c59-8ef9-8046d398c5bb Sequence:65 ElapsedMS:8 Kind:check_end Late:false Fact:{Stage:candidate_decode State:ok BeginMS:8 EndMS:-1 DurationMS:-1 Check:json_schema Detail:{Reason: Field: Target:-1 Actual:-1 Limit:-1 Start:-1 End:-1 ExpectedType: ActualType:}} Provider:<nil> Outcome: Refunded:false}"
2026/09/22 10:16:45 INFO generation_trace event="{RelatedRunID: ActorKind: RequestID:req_myED0TNqkLRtHi6NxArF8g RunID:01a0c6e6-bc18-7b0e-af59-efa6fa90ba52 ModelID:01a0c6e6-b00f-7c59-8ef9-8046d398c5bb Sequence:66 ElapsedMS:8 Kind:check_begin Late:false Fact:{Stage:candidate_decode State:running BeginMS:8 EndMS:-1 DurationMS:-1 Check:candidate_bytes Detail:{Reason: Field: Target:-1 Actual:-1 Limit:-1 Start:-1 End:-1 ExpectedType: ActualType:}} Provider:<nil> Outcome: Refunded:false}"
2026/09/22 10:16:45 INFO generation_trace event="{RelatedRunID: ActorKind: RequestID:req_myED0TNqkLRtHi6NxArF8g RunID:01a0c6e6-bc18-7b0e-af59-efa6fa90ba52 ModelID:01a0c6e6-b00f-7c59-8ef9-8046d398c5bb Sequence:67 ElapsedMS:9 Kind:fact Late:false Fact:{Stage:candidate_decode State:running BeginMS:8 EndMS:-1 DurationMS:-1 Check:candidate_bytes Detail:{Reason: Field: Target:-1 Actual:632 Limit:16777216 Start:-1 End:-1 ExpectedType: ActualType:}} Provider:<nil> Outcome: Refunded:false}"
2026/09/22 10:16:45 INFO generation_trace event="{RelatedRunID: ActorKind: RequestID:req_myED0TNqkLRtHi6NxArF8g RunID:01a0c6e6-bc18-7b0e-af59-efa6fa90ba52 ModelID:01a0c6e6-b00f-7c59-8ef9-8046d398c5bb Sequence:68 ElapsedMS:9 Kind:check_end Late:false Fact:{Stage:candidate_decode State:ok BeginMS:8 EndMS:-1 DurationMS:-1 Check:candidate_bytes Detail:{Reason: Field: Target:-1 Actual:-1 Limit:-1 Start:-1 End:-1 ExpectedType: ActualType:}} Provider:<nil> Outcome: Refunded:false}"
2026/09/22 10:16:45 INFO generation_trace event="{RelatedRunID: ActorKind: RequestID:req_myED0TNqkLRtHi6NxArF8g RunID:01a0c6e6-bc18-7b0e-af59-efa6fa90ba52 ModelID:01a0c6e6-b00f-7c59-8ef9-8046d398c5bb Sequence:69 ElapsedMS:9 Kind:check_begin Late:false Fact:{Stage:candidate_decode State:running BeginMS:8 EndMS:-1 DurationMS:-1 Check:candidate_encoding Detail:{Reason: Field: Target:-1 Actual:-1 Limit:-1 Start:-1 End:-1 ExpectedType: ActualType:}} Provider:<nil> Outcome: Refunded:false}"
2026/09/22 10:16:45 INFO generation_trace event="{RelatedRunID: ActorKind: RequestID:req_myED0TNqkLRtHi6NxArF8g RunID:01a0c6e6-bc18-7b0e-af59-efa6fa90ba52 ModelID:01a0c6e6-b00f-7c59-8ef9-8046d398c5bb Sequence:70 ElapsedMS:9 Kind:check_end Late:false Fact:{Stage:candidate_decode State:ok BeginMS:8 EndMS:-1 DurationMS:-1 Check:candidate_encoding Detail:{Reason: Field: Target:-1 Actual:-1 Limit:-1 Start:-1 End:-1 ExpectedType: ActualType:}} Provider:<nil> Outcome: Refunded:false}"
2026/09/22 10:16:45 INFO generation_trace event="{RelatedRunID: ActorKind: RequestID:req_myED0TNqkLRtHi6NxArF8g RunID:01a0c6e6-bc18-7b0e-af59-efa6fa90ba52 ModelID:01a0c6e6-b00f-7c59-8ef9-8046d398c5bb Sequence:71 ElapsedMS:9 Kind:check_begin Late:false Fact:{Stage:candidate_decode State:running BeginMS:8 EndMS:-1 DurationMS:-1 Check:candidate_nonempty Detail:{Reason: Field: Target:-1 Actual:-1 Limit:-1 Start:-1 End:-1 ExpectedType: ActualType:}} Provider:<nil> Outcome: Refunded:false}"
2026/09/22 10:16:45 INFO generation_trace event="{RelatedRunID: ActorKind: RequestID:req_myED0TNqkLRtHi6NxArF8g RunID:01a0c6e6-bc18-7b0e-af59-efa6fa90ba52 ModelID:01a0c6e6-b00f-7c59-8ef9-8046d398c5bb Sequence:72 ElapsedMS:9 Kind:check_end Late:false Fact:{Stage:candidate_decode State:ok BeginMS:8 EndMS:-1 DurationMS:-1 Check:candidate_nonempty Detail:{Reason: Field: Target:-1 Actual:-1 Limit:-1 Start:-1 End:-1 ExpectedType: ActualType:}} Provider:<nil> Outcome: Refunded:false}"
2026/09/22 10:16:45 INFO generation_trace event="{RelatedRunID: ActorKind: RequestID:req_myED0TNqkLRtHi6NxArF8g RunID:01a0c6e6-bc18-7b0e-af59-efa6fa90ba52 ModelID:01a0c6e6-b00f-7c59-8ef9-8046d398c5bb Sequence:73 ElapsedMS:9 Kind:check_begin Late:false Fact:{Stage:candidate_decode State:running BeginMS:8 EndMS:-1 DurationMS:-1 Check:passage_first Detail:{Reason: Field: Target:-1 Actual:-1 Limit:-1 Start:-1 End:-1 ExpectedType: ActualType:}} Provider:<nil> Outcome: Refunded:false}"
2026/09/22 10:16:45 INFO generation_trace event="{RelatedRunID: ActorKind: RequestID:req_myED0TNqkLRtHi6NxArF8g RunID:01a0c6e6-bc18-7b0e-af59-efa6fa90ba52 ModelID:01a0c6e6-b00f-7c59-8ef9-8046d398c5bb Sequence:74 ElapsedMS:9 Kind:check_end Late:false Fact:{Stage:candidate_decode State:ok BeginMS:8 EndMS:-1 DurationMS:-1 Check:passage_first Detail:{Reason: Field: Target:-1 Actual:-1 Limit:-1 Start:-1 End:-1 ExpectedType: ActualType:}} Provider:<nil> Outcome: Refunded:false}"
2026/09/22 10:16:45 INFO generation_trace event="{RelatedRunID: ActorKind: RequestID:req_myED0TNqkLRtHi6NxArF8g RunID:01a0c6e6-bc18-7b0e-af59-efa6fa90ba52 ModelID:01a0c6e6-b00f-7c59-8ef9-8046d398c5bb Sequence:75 ElapsedMS:9 Kind:check_begin Late:false Fact:{Stage:candidate_decode State:running BeginMS:8 EndMS:-1 DurationMS:-1 Check:json_tokens Detail:{Reason: Field: Target:-1 Actual:-1 Limit:-1 Start:-1 End:-1 ExpectedType: ActualType:}} Provider:<nil> Outcome: Refunded:false}"
2026/09/22 10:16:45 INFO generation_trace event="{RelatedRunID: ActorKind: RequestID:req_myED0TNqkLRtHi6NxArF8g RunID:01a0c6e6-bc18-7b0e-af59-efa6fa90ba52 ModelID:01a0c6e6-b00f-7c59-8ef9-8046d398c5bb Sequence:76 ElapsedMS:9 Kind:first_browser_content Late:false Fact:{Stage:delivery State:running BeginMS:7 EndMS:-1 DurationMS:-1 Check:delta Detail:{Reason: Field: Target:-1 Actual:465 Limit:-1 Start:-1 End:-1 ExpectedType: ActualType:}} Provider:<nil> Outcome: Refunded:false}"
2026/09/22 10:16:45 INFO generation_trace event="{RelatedRunID: ActorKind: RequestID:req_myED0TNqkLRtHi6NxArF8g RunID:01a0c6e6-bc18-7b0e-af59-efa6fa90ba52 ModelID:01a0c6e6-b00f-7c59-8ef9-8046d398c5bb Sequence:77 ElapsedMS:9 Kind:fact Late:false Fact:{Stage:delivery State:running BeginMS:7 EndMS:-1 DurationMS:-1 Check:delta Detail:{Reason: Field: Target:-1 Actual:465 Limit:-1 Start:-1 End:-1 ExpectedType: ActualType:}} Provider:<nil> Outcome: Refunded:false}"
2026/09/22 10:16:45 INFO generation_trace event="{RelatedRunID: ActorKind: RequestID:req_myED0TNqkLRtHi6NxArF8g RunID:01a0c6e6-bc18-7b0e-af59-efa6fa90ba52 ModelID:01a0c6e6-b00f-7c59-8ef9-8046d398c5bb Sequence:78 ElapsedMS:9 Kind:check_end Late:false Fact:{Stage:candidate_decode State:ok BeginMS:8 EndMS:-1 DurationMS:-1 Check:json_tokens Detail:{Reason: Field: Target:-1 Actual:-1 Limit:-1 Start:-1 End:-1 ExpectedType: ActualType:}} Provider:<nil> Outcome: Refunded:false}"
2026/09/22 10:16:45 INFO generation_trace event="{RelatedRunID: ActorKind: RequestID:req_myED0TNqkLRtHi6NxArF8g RunID:01a0c6e6-bc18-7b0e-af59-efa6fa90ba52 ModelID:01a0c6e6-b00f-7c59-8ef9-8046d398c5bb Sequence:79 ElapsedMS:9 Kind:check_begin Late:false Fact:{Stage:candidate_decode State:running BeginMS:8 EndMS:-1 DurationMS:-1 Check:candidate_keys Detail:{Reason: Field: Target:-1 Actual:-1 Limit:-1 Start:-1 End:-1 ExpectedType: ActualType:}} Provider:<nil> Outcome: Refunded:false}"
2026/09/22 10:16:45 INFO generation_trace event="{RelatedRunID: ActorKind: RequestID:req_myED0TNqkLRtHi6NxArF8g RunID:01a0c6e6-bc18-7b0e-af59-efa6fa90ba52 ModelID:01a0c6e6-b00f-7c59-8ef9-8046d398c5bb Sequence:80 ElapsedMS:9 Kind:check_end Late:false Fact:{Stage:candidate_decode State:ok BeginMS:8 EndMS:-1 DurationMS:-1 Check:candidate_keys Detail:{Reason: Field: Target:-1 Actual:-1 Limit:-1 Start:-1 End:-1 ExpectedType: ActualType:}} Provider:<nil> Outcome: Refunded:false}"
2026/09/22 10:16:45 INFO generation_trace event="{RelatedRunID: ActorKind: RequestID:req_myED0TNqkLRtHi6NxArF8g RunID:01a0c6e6-bc18-7b0e-af59-efa6fa90ba52 ModelID:01a0c6e6-b00f-7c59-8ef9-8046d398c5bb Sequence:81 ElapsedMS:9 Kind:check_begin Late:false Fact:{Stage:candidate_decode State:running BeginMS:8 EndMS:-1 DurationMS:-1 Check:targets_type Detail:{Reason: Field: Target:-1 Actual:-1 Limit:-1 Start:-1 End:-1 ExpectedType: ActualType:}} Provider:<nil> Outcome: Refunded:false}"
2026/09/22 10:16:45 INFO generation_trace event="{RelatedRunID: ActorKind: RequestID:req_myED0TNqkLRtHi6NxArF8g RunID:01a0c6e6-bc18-7b0e-af59-efa6fa90ba52 ModelID:01a0c6e6-b00f-7c59-8ef9-8046d398c5bb Sequence:82 ElapsedMS:10 Kind:check_end Late:false Fact:{Stage:candidate_decode State:ok BeginMS:8 EndMS:-1 DurationMS:-1 Check:targets_type Detail:{Reason: Field: Target:-1 Actual:-1 Limit:-1 Start:-1 End:-1 ExpectedType: ActualType:}} Provider:<nil> Outcome: Refunded:false}"
2026/09/22 10:16:45 INFO generation_trace event="{RelatedRunID: ActorKind: RequestID:req_myED0TNqkLRtHi6NxArF8g RunID:01a0c6e6-bc18-7b0e-af59-efa6fa90ba52 ModelID:01a0c6e6-b00f-7c59-8ef9-8046d398c5bb Sequence:83 ElapsedMS:10 Kind:check_begin Late:false Fact:{Stage:candidate_decode State:running BeginMS:8 EndMS:-1 DurationMS:-1 Check:target_keys Detail:{Reason: Field: Target:0 Actual:-1 Limit:-1 Start:-1 End:-1 ExpectedType: ActualType:}} Provider:<nil> Outcome: Refunded:false}"
2026/09/22 10:16:45 INFO generation_trace event="{RelatedRunID: ActorKind: RequestID:req_myED0TNqkLRtHi6NxArF8g RunID:01a0c6e6-bc18-7b0e-af59-efa6fa90ba52 ModelID:01a0c6e6-b00f-7c59-8ef9-8046d398c5bb Sequence:84 ElapsedMS:10 Kind:fact Late:false Fact:{Stage:candidate_decode State:running BeginMS:8 EndMS:-1 DurationMS:-1 Check:target_keys Detail:{Reason: Field:targets Target:0 Actual:2 Limit:2 Start:-1 End:-1 ExpectedType: ActualType:}} Provider:<nil> Outcome: Refunded:false}"
2026/09/22 10:16:45 INFO generation_trace event="{RelatedRunID: ActorKind: RequestID:req_myED0TNqkLRtHi6NxArF8g RunID:01a0c6e6-bc18-7b0e-af59-efa6fa90ba52 ModelID:01a0c6e6-b00f-7c59-8ef9-8046d398c5bb Sequence:85 ElapsedMS:10 Kind:check_end Late:false Fact:{Stage:candidate_decode State:ok BeginMS:8 EndMS:-1 DurationMS:-1 Check:target_keys Detail:{Reason: Field: Target:0 Actual:-1 Limit:-1 Start:-1 End:-1 ExpectedType: ActualType:}} Provider:<nil> Outcome: Refunded:false}"
2026/09/22 10:16:45 INFO generation_trace event="{RelatedRunID: ActorKind: RequestID:req_myED0TNqkLRtHi6NxArF8g RunID:01a0c6e6-bc18-7b0e-af59-efa6fa90ba52 ModelID:01a0c6e6-b00f-7c59-8ef9-8046d398c5bb Sequence:86 ElapsedMS:10 Kind:check_begin Late:false Fact:{Stage:candidate_decode State:running BeginMS:8 EndMS:-1 DurationMS:-1 Check:json_decode Detail:{Reason: Field: Target:0 Actual:-1 Limit:-1 Start:-1 End:-1 ExpectedType: ActualType:}} Provider:<nil> Outcome: Refunded:false}"
2026/09/22 10:16:45 INFO generation_trace event="{RelatedRunID: ActorKind: RequestID:req_myED0TNqkLRtHi6NxArF8g RunID:01a0c6e6-bc18-7b0e-af59-efa6fa90ba52 ModelID:01a0c6e6-b00f-7c59-8ef9-8046d398c5bb Sequence:87 ElapsedMS:10 Kind:check_end Late:false Fact:{Stage:candidate_decode State:ok BeginMS:8 EndMS:-1 DurationMS:-1 Check:json_decode Detail:{Reason: Field: Target:0 Actual:-1 Limit:-1 Start:-1 End:-1 ExpectedType: ActualType:}} Provider:<nil> Outcome: Refunded:false}"
2026/09/22 10:16:45 INFO generation_trace event="{RelatedRunID: ActorKind: RequestID:req_myED0TNqkLRtHi6NxArF8g RunID:01a0c6e6-bc18-7b0e-af59-efa6fa90ba52 ModelID:01a0c6e6-b00f-7c59-8ef9-8046d398c5bb Sequence:88 ElapsedMS:10 Kind:check_begin Late:false Fact:{Stage:candidate_decode State:running BeginMS:8 EndMS:-1 DurationMS:-1 Check:json_decode Detail:{Reason: Field: Target:-1 Actual:-1 Limit:-1 Start:-1 End:-1 ExpectedType: ActualType:}} Provider:<nil> Outcome: Refunded:false}"
2026/09/22 10:16:45 INFO generation_trace event="{RelatedRunID: ActorKind: RequestID:req_myED0TNqkLRtHi6NxArF8g RunID:01a0c6e6-bc18-7b0e-af59-efa6fa90ba52 ModelID:01a0c6e6-b00f-7c59-8ef9-8046d398c5bb Sequence:89 ElapsedMS:10 Kind:check_end Late:false Fact:{Stage:candidate_decode State:ok BeginMS:8 EndMS:-1 DurationMS:-1 Check:json_decode Detail:{Reason: Field: Target:-1 Actual:-1 Limit:-1 Start:-1 End:-1 ExpectedType: ActualType:}} Provider:<nil> Outcome: Refunded:false}"
2026/09/22 10:16:45 INFO generation_trace event="{RelatedRunID: ActorKind: RequestID:req_myED0TNqkLRtHi6NxArF8g RunID:01a0c6e6-bc18-7b0e-af59-efa6fa90ba52 ModelID:01a0c6e6-b00f-7c59-8ef9-8046d398c5bb Sequence:90 ElapsedMS:10 Kind:check_begin Late:false Fact:{Stage:candidate_decode State:running BeginMS:8 EndMS:-1 DurationMS:-1 Check:json_tail Detail:{Reason: Field: Target:-1 Actual:-1 Limit:-1 Start:-1 End:-1 ExpectedType: ActualType:}} Provider:<nil> Outcome: Refunded:false}"
2026/09/22 10:16:45 INFO generation_trace event="{RelatedRunID: ActorKind: RequestID:req_myED0TNqkLRtHi6NxArF8g RunID:01a0c6e6-bc18-7b0e-af59-efa6fa90ba52 ModelID:01a0c6e6-b00f-7c59-8ef9-8046d398c5bb Sequence:91 ElapsedMS:10 Kind:check_end Late:false Fact:{Stage:candidate_decode State:ok BeginMS:8 EndMS:-1 DurationMS:-1 Check:json_tail Detail:{Reason: Field: Target:-1 Actual:-1 Limit:-1 Start:-1 End:-1 ExpectedType: ActualType:}} Provider:<nil> Outcome: Refunded:false}"
2026/09/22 10:16:45 INFO generation_trace event="{RelatedRunID: ActorKind: RequestID:req_myED0TNqkLRtHi6NxArF8g RunID:01a0c6e6-bc18-7b0e-af59-efa6fa90ba52 ModelID:01a0c6e6-b00f-7c59-8ef9-8046d398c5bb Sequence:92 ElapsedMS:10 Kind:check_begin Late:false Fact:{Stage:candidate_decode State:running BeginMS:8 EndMS:-1 DurationMS:-1 Check:passage_nonempty Detail:{Reason: Field: Target:-1 Actual:-1 Limit:-1 Start:-1 End:-1 ExpectedType: ActualType:}} Provider:<nil> Outcome: Refunded:false}"
2026/09/22 10:16:45 INFO generation_trace event="{RelatedRunID: ActorKind: RequestID:req_myED0TNqkLRtHi6NxArF8g RunID:01a0c6e6-bc18-7b0e-af59-efa6fa90ba52 ModelID:01a0c6e6-b00f-7c59-8ef9-8046d398c5bb Sequence:93 ElapsedMS:10 Kind:check_end Late:false Fact:{Stage:candidate_decode State:ok BeginMS:8 EndMS:-1 DurationMS:-1 Check:passage_nonempty Detail:{Reason: Field: Target:-1 Actual:-1 Limit:-1 Start:-1 End:-1 ExpectedType: ActualType:}} Provider:<nil> Outcome: Refunded:false}"
2026/09/22 10:16:45 INFO generation_trace event="{RelatedRunID: ActorKind: RequestID:req_myED0TNqkLRtHi6NxArF8g RunID:01a0c6e6-bc18-7b0e-af59-efa6fa90ba52 ModelID:01a0c6e6-b00f-7c59-8ef9-8046d398c5bb Sequence:94 ElapsedMS:10 Kind:check_begin Late:false Fact:{Stage:candidate_decode State:running BeginMS:8 EndMS:-1 DurationMS:-1 Check:tag_count Detail:{Reason: Field: Target:-1 Actual:-1 Limit:-1 Start:-1 End:-1 ExpectedType: ActualType:}} Provider:<nil> Outcome: Refunded:false}"
2026/09/22 10:16:45 INFO generation_trace event="{RelatedRunID: ActorKind: RequestID:req_myED0TNqkLRtHi6NxArF8g RunID:01a0c6e6-bc18-7b0e-af59-efa6fa90ba52 ModelID:01a0c6e6-b00f-7c59-8ef9-8046d398c5bb Sequence:95 ElapsedMS:10 Kind:fact Late:false Fact:{Stage:candidate_decode State:running BeginMS:8 EndMS:-1 DurationMS:-1 Check:tag_count Detail:{Reason: Field:tags Target:-1 Actual:1 Limit:3 Start:-1 End:-1 ExpectedType: ActualType:}} Provider:<nil> Outcome: Refunded:false}"
2026/09/22 10:16:45 INFO generation_trace event="{RelatedRunID: ActorKind: RequestID:req_myED0TNqkLRtHi6NxArF8g RunID:01a0c6e6-bc18-7b0e-af59-efa6fa90ba52 ModelID:01a0c6e6-b00f-7c59-8ef9-8046d398c5bb Sequence:96 ElapsedMS:11 Kind:check_end Late:false Fact:{Stage:candidate_decode State:ok BeginMS:8 EndMS:-1 DurationMS:-1 Check:tag_count Detail:{Reason: Field: Target:-1 Actual:-1 Limit:-1 Start:-1 End:-1 ExpectedType: ActualType:}} Provider:<nil> Outcome: Refunded:false}"
2026/09/22 10:16:45 INFO generation_trace event="{RelatedRunID: ActorKind: RequestID:req_myED0TNqkLRtHi6NxArF8g RunID:01a0c6e6-bc18-7b0e-af59-efa6fa90ba52 ModelID:01a0c6e6-b00f-7c59-8ef9-8046d398c5bb Sequence:97 ElapsedMS:11 Kind:check_begin Late:false Fact:{Stage:candidate_decode State:running BeginMS:8 EndMS:-1 DurationMS:-1 Check:targets_nonnull Detail:{Reason: Field: Target:-1 Actual:-1 Limit:-1 Start:-1 End:-1 ExpectedType: ActualType:}} Provider:<nil> Outcome: Refunded:false}"
2026/09/22 10:16:45 INFO generation_trace event="{RelatedRunID: ActorKind: RequestID:req_myED0TNqkLRtHi6NxArF8g RunID:01a0c6e6-bc18-7b0e-af59-efa6fa90ba52 ModelID:01a0c6e6-b00f-7c59-8ef9-8046d398c5bb Sequence:98 ElapsedMS:11 Kind:check_end Late:false Fact:{Stage:candidate_decode State:ok BeginMS:8 EndMS:-1 DurationMS:-1 Check:targets_nonnull Detail:{Reason: Field: Target:-1 Actual:-1 Limit:-1 Start:-1 End:-1 ExpectedType: ActualType:}} Provider:<nil> Outcome: Refunded:false}"
2026/09/22 10:16:45 INFO generation_trace event="{RelatedRunID: ActorKind: RequestID:req_myED0TNqkLRtHi6NxArF8g RunID:01a0c6e6-bc18-7b0e-af59-efa6fa90ba52 ModelID:01a0c6e6-b00f-7c59-8ef9-8046d398c5bb Sequence:99 ElapsedMS:11 Kind:check_begin Late:false Fact:{Stage:candidate_decode State:running BeginMS:8 EndMS:-1 DurationMS:-1 Check:tag_size Detail:{Reason: Field: Target:-1 Actual:-1 Limit:-1 Start:-1 End:-1 ExpectedType: ActualType:}} Provider:<nil> Outcome: Refunded:false}"
2026/09/22 10:16:45 INFO generation_trace event="{RelatedRunID: ActorKind: RequestID:req_myED0TNqkLRtHi6NxArF8g RunID:01a0c6e6-bc18-7b0e-af59-efa6fa90ba52 ModelID:01a0c6e6-b00f-7c59-8ef9-8046d398c5bb Sequence:100 ElapsedMS:11 Kind:fact Late:false Fact:{Stage:candidate_decode State:running BeginMS:8 EndMS:-1 DurationMS:-1 Check:tag_size Detail:{Reason: Field:tags Target:-1 Actual:5 Limit:100 Start:-1 End:-1 ExpectedType: ActualType:}} Provider:<nil> Outcome: Refunded:false}"
2026/09/22 10:16:45 INFO generation_trace event="{RelatedRunID: ActorKind: RequestID:req_myED0TNqkLRtHi6NxArF8g RunID:01a0c6e6-bc18-7b0e-af59-efa6fa90ba52 ModelID:01a0c6e6-b00f-7c59-8ef9-8046d398c5bb Sequence:101 ElapsedMS:11 Kind:check_end Late:false Fact:{Stage:candidate_decode State:ok BeginMS:8 EndMS:-1 DurationMS:-1 Check:tag_size Detail:{Reason: Field: Target:-1 Actual:-1 Limit:-1 Start:-1 End:-1 ExpectedType: ActualType:}} Provider:<nil> Outcome: Refunded:false}"
2026/09/22 10:16:45 INFO generation_trace event="{RelatedRunID: ActorKind: RequestID:req_myED0TNqkLRtHi6NxArF8g RunID:01a0c6e6-bc18-7b0e-af59-efa6fa90ba52 ModelID:01a0c6e6-b00f-7c59-8ef9-8046d398c5bb Sequence:102 ElapsedMS:11 Kind:check_begin Late:false Fact:{Stage:candidate_decode State:running BeginMS:8 EndMS:-1 DurationMS:-1 Check:source_entry_size Detail:{Reason: Field: Target:0 Actual:-1 Limit:-1 Start:-1 End:-1 ExpectedType: ActualType:}} Provider:<nil> Outcome: Refunded:false}"
2026/09/22 10:16:45 INFO generation_trace event="{RelatedRunID: ActorKind: RequestID:req_myED0TNqkLRtHi6NxArF8g RunID:01a0c6e6-bc18-7b0e-af59-efa6fa90ba52 ModelID:01a0c6e6-b00f-7c59-8ef9-8046d398c5bb Sequence:103 ElapsedMS:11 Kind:fact Late:false Fact:{Stage:candidate_decode State:running BeginMS:8 EndMS:-1 DurationMS:-1 Check:source_entry_size Detail:{Reason: Field:source_entry Target:0 Actual:5 Limit:128 Start:-1 End:-1 ExpectedType: ActualType:}} Provider:<nil> Outcome: Refunded:false}"
2026/09/22 10:16:45 INFO generation_trace event="{RelatedRunID: ActorKind: RequestID:req_myED0TNqkLRtHi6NxArF8g RunID:01a0c6e6-bc18-7b0e-af59-efa6fa90ba52 ModelID:01a0c6e6-b00f-7c59-8ef9-8046d398c5bb Sequence:104 ElapsedMS:11 Kind:check_end Late:false Fact:{Stage:candidate_decode State:ok BeginMS:8 EndMS:-1 DurationMS:-1 Check:source_entry_size Detail:{Reason: Field: Target:0 Actual:-1 Limit:-1 Start:-1 End:-1 ExpectedType: ActualType:}} Provider:<nil> Outcome: Refunded:false}"
2026/09/22 10:16:45 INFO generation_trace event="{RelatedRunID: ActorKind: RequestID:req_myED0TNqkLRtHi6NxArF8g RunID:01a0c6e6-bc18-7b0e-af59-efa6fa90ba52 ModelID:01a0c6e6-b00f-7c59-8ef9-8046d398c5bb Sequence:105 ElapsedMS:11 Kind:check_begin Late:false Fact:{Stage:candidate_decode State:running BeginMS:8 EndMS:-1 DurationMS:-1 Check:meaning_size Detail:{Reason: Field: Target:0 Actual:-1 Limit:-1 Start:-1 End:-1 ExpectedType: ActualType:}} Provider:<nil> Outcome: Refunded:false}"
2026/09/22 10:16:45 INFO generation_trace event="{RelatedRunID: ActorKind: RequestID:req_myED0TNqkLRtHi6NxArF8g RunID:01a0c6e6-bc18-7b0e-af59-efa6fa90ba52 ModelID:01a0c6e6-b00f-7c59-8ef9-8046d398c5bb Sequence:106 ElapsedMS:11 Kind:fact Late:false Fact:{Stage:candidate_decode State:running BeginMS:8 EndMS:-1 DurationMS:-1 Check:meaning_size Detail:{Reason: Field:entry_meaning Target:0 Actual:28 Limit:500 Start:-1 End:-1 ExpectedType: ActualType:}} Provider:<nil> Outcome: Refunded:false}"
2026/09/22 10:16:45 INFO generation_trace event="{RelatedRunID: ActorKind: RequestID:req_myED0TNqkLRtHi6NxArF8g RunID:01a0c6e6-bc18-7b0e-af59-efa6fa90ba52 ModelID:01a0c6e6-b00f-7c59-8ef9-8046d398c5bb Sequence:107 ElapsedMS:11 Kind:check_end Late:false Fact:{Stage:candidate_decode State:ok BeginMS:8 EndMS:-1 DurationMS:-1 Check:meaning_size Detail:{Reason: Field: Target:0 Actual:-1 Limit:-1 Start:-1 End:-1 ExpectedType: ActualType:}} Provider:<nil> Outcome: Refunded:false}"
2026/09/22 10:16:45 INFO generation_trace event="{RelatedRunID: ActorKind: RequestID:req_myED0TNqkLRtHi6NxArF8g RunID:01a0c6e6-bc18-7b0e-af59-efa6fa90ba52 ModelID:01a0c6e6-b00f-7c59-8ef9-8046d398c5bb Sequence:108 ElapsedMS:11 Kind:check_begin Late:false Fact:{Stage:candidate_decode State:running BeginMS:8 EndMS:-1 DurationMS:-1 Check:hint_size Detail:{Reason: Field: Target:0 Actual:-1 Limit:-1 Start:-1 End:-1 ExpectedType: ActualType:}} Provider:<nil> Outcome: Refunded:false}"
2026/09/22 10:16:45 INFO generation_trace event="{RelatedRunID: ActorKind: RequestID:req_myED0TNqkLRtHi6NxArF8g RunID:01a0c6e6-bc18-7b0e-af59-efa6fa90ba52 ModelID:01a0c6e6-b00f-7c59-8ef9-8046d398c5bb Sequence:109 ElapsedMS:11 Kind:fact Late:false Fact:{Stage:candidate_decode State:running BeginMS:8 EndMS:-1 DurationMS:-1 Check:hint_size Detail:{Reason: Field:hint_phrase Target:0 Actual:69 Limit:65500 Start:-1 End:-1 ExpectedType: ActualType:}} Provider:<nil> Outcome: Refunded:false}"
2026/09/22 10:16:45 INFO generation_trace event="{RelatedRunID: ActorKind: RequestID:req_myED0TNqkLRtHi6NxArF8g RunID:01a0c6e6-bc18-7b0e-af59-efa6fa90ba52 ModelID:01a0c6e6-b00f-7c59-8ef9-8046d398c5bb Sequence:110 ElapsedMS:11 Kind:check_end Late:false Fact:{Stage:candidate_decode State:ok BeginMS:8 EndMS:11 DurationMS:3 Check:hint_size Detail:{Reason: Field: Target:-1 Actual:-1 Limit:-1 Start:-1 End:-1 ExpectedType: ActualType:}} Provider:<nil> Outcome: Refunded:false}"
2026/09/22 10:16:45 INFO generation_trace event="{RelatedRunID: ActorKind: RequestID:req_myED0TNqkLRtHi6NxArF8g RunID:01a0c6e6-bc18-7b0e-af59-efa6fa90ba52 ModelID:01a0c6e6-b00f-7c59-8ef9-8046d398c5bb Sequence:111 ElapsedMS:11 Kind:stage_end Late:false Fact:{Stage:candidate_decode State:ok BeginMS:8 EndMS:11 DurationMS:3 Check:hint_size Detail:{Reason: Field: Target:-1 Actual:-1 Limit:-1 Start:-1 End:-1 ExpectedType: ActualType:}} Provider:<nil> Outcome: Refunded:false}"
2026/09/22 10:16:45 INFO generation_trace event="{RelatedRunID: ActorKind: RequestID:req_myED0TNqkLRtHi6NxArF8g RunID:01a0c6e6-bc18-7b0e-af59-efa6fa90ba52 ModelID:01a0c6e6-b00f-7c59-8ef9-8046d398c5bb Sequence:112 ElapsedMS:12 Kind:check_begin Late:false Fact:{Stage:passage_decode State:running BeginMS:8 EndMS:-1 DurationMS:-1 Check:clean_consistency Detail:{Reason: Field: Target:-1 Actual:-1 Limit:-1 Start:-1 End:-1 ExpectedType: ActualType:}} Provider:<nil> Outcome: Refunded:false}"
2026/09/22 10:16:45 INFO generation_trace event="{RelatedRunID: ActorKind: RequestID:req_myED0TNqkLRtHi6NxArF8g RunID:01a0c6e6-bc18-7b0e-af59-efa6fa90ba52 ModelID:01a0c6e6-b00f-7c59-8ef9-8046d398c5bb Sequence:113 ElapsedMS:12 Kind:check_end Late:false Fact:{Stage:passage_decode State:ok BeginMS:8 EndMS:12 DurationMS:4 Check:clean_consistency Detail:{Reason: Field: Target:-1 Actual:-1 Limit:-1 Start:-1 End:-1 ExpectedType: ActualType:}} Provider:<nil> Outcome: Refunded:false}"
2026/09/22 10:16:45 INFO generation_trace event="{RelatedRunID: ActorKind: RequestID:req_myED0TNqkLRtHi6NxArF8g RunID:01a0c6e6-bc18-7b0e-af59-efa6fa90ba52 ModelID:01a0c6e6-b00f-7c59-8ef9-8046d398c5bb Sequence:114 ElapsedMS:12 Kind:stage_end Late:false Fact:{Stage:passage_decode State:ok BeginMS:8 EndMS:12 DurationMS:4 Check:clean_consistency Detail:{Reason: Field: Target:-1 Actual:-1 Limit:-1 Start:-1 End:-1 ExpectedType: ActualType:}} Provider:<nil> Outcome: Refunded:false}"
2026/09/22 10:16:45 INFO generation_trace event="{RelatedRunID: ActorKind: RequestID:req_myED0TNqkLRtHi6NxArF8g RunID:01a0c6e6-bc18-7b0e-af59-efa6fa90ba52 ModelID:01a0c6e6-b00f-7c59-8ef9-8046d398c5bb Sequence:115 ElapsedMS:12 Kind:fact Late:false Fact:{Stage:provider_stream State:ok BeginMS:8 EndMS:8 DurationMS:0 Check:termination Detail:{Reason:done Field: Target:-1 Actual:-1 Limit:-1 Start:-1 End:-1 ExpectedType: ActualType:}} Provider:<nil> Outcome: Refunded:false}"
2026/09/22 10:16:45 INFO generation_trace event="{RelatedRunID: ActorKind: RequestID:req_myED0TNqkLRtHi6NxArF8g RunID:01a0c6e6-bc18-7b0e-af59-efa6fa90ba52 ModelID:01a0c6e6-b00f-7c59-8ef9-8046d398c5bb Sequence:116 ElapsedMS:12 Kind:fact Late:false Fact:{Stage:provider_stream State:ok BeginMS:8 EndMS:8 DurationMS:0 Check:receiver_exit Detail:{Reason: Field: Target:-1 Actual:-1 Limit:-1 Start:-1 End:-1 ExpectedType: ActualType:}} Provider:<nil> Outcome: Refunded:false}"
2026/09/22 10:16:45 INFO generation_trace event="{RelatedRunID: ActorKind: RequestID:req_myED0TNqkLRtHi6NxArF8g RunID:01a0c6e6-bc18-7b0e-af59-efa6fa90ba52 ModelID:01a0c6e6-b00f-7c59-8ef9-8046d398c5bb Sequence:117 ElapsedMS:12 Kind:stage_begin Late:false Fact:{Stage:content_validate State:running BeginMS:12 EndMS:-1 DurationMS:-1 Check: Detail:{Reason: Field: Target:-1 Actual:-1 Limit:-1 Start:-1 End:-1 ExpectedType: ActualType:}} Provider:<nil> Outcome: Refunded:false}"
2026/09/22 10:16:45 INFO generation_trace event="{RelatedRunID: ActorKind: RequestID:req_myED0TNqkLRtHi6NxArF8g RunID:01a0c6e6-bc18-7b0e-af59-efa6fa90ba52 ModelID:01a0c6e6-b00f-7c59-8ef9-8046d398c5bb Sequence:118 ElapsedMS:13 Kind:check_begin Late:false Fact:{Stage:content_validate State:running BeginMS:12 EndMS:-1 DurationMS:-1 Check:lexicon Detail:{Reason: Field: Target:-1 Actual:-1 Limit:-1 Start:-1 End:-1 ExpectedType: ActualType:}} Provider:<nil> Outcome: Refunded:false}"
2026/09/22 10:16:45 INFO generation_trace event="{RelatedRunID: ActorKind: RequestID:req_myED0TNqkLRtHi6NxArF8g RunID:01a0c6e6-bc18-7b0e-af59-efa6fa90ba52 ModelID:01a0c6e6-b00f-7c59-8ef9-8046d398c5bb Sequence:119 ElapsedMS:13 Kind:check_end Late:false Fact:{Stage:content_validate State:ok BeginMS:12 EndMS:-1 DurationMS:-1 Check:lexicon Detail:{Reason: Field: Target:-1 Actual:-1 Limit:-1 Start:-1 End:-1 ExpectedType: ActualType:}} Provider:<nil> Outcome: Refunded:false}"
2026/09/22 10:16:45 INFO generation_trace event="{RelatedRunID: ActorKind: RequestID:req_myED0TNqkLRtHi6NxArF8g RunID:01a0c6e6-bc18-7b0e-af59-efa6fa90ba52 ModelID:01a0c6e6-b00f-7c59-8ef9-8046d398c5bb Sequence:120 ElapsedMS:13 Kind:check_begin Late:false Fact:{Stage:content_validate State:running BeginMS:12 EndMS:-1 DurationMS:-1 Check:context Detail:{Reason: Field: Target:-1 Actual:-1 Limit:-1 Start:-1 End:-1 ExpectedType: ActualType:}} Provider:<nil> Outcome: Refunded:false}"
2026/09/22 10:16:45 INFO generation_trace event="{RelatedRunID: ActorKind: RequestID:req_myED0TNqkLRtHi6NxArF8g RunID:01a0c6e6-bc18-7b0e-af59-efa6fa90ba52 ModelID:01a0c6e6-b00f-7c59-8ef9-8046d398c5bb Sequence:121 ElapsedMS:13 Kind:check_end Late:false Fact:{Stage:content_validate State:ok BeginMS:12 EndMS:-1 DurationMS:-1 Check:context Detail:{Reason: Field: Target:-1 Actual:-1 Limit:-1 Start:-1 End:-1 ExpectedType: ActualType:}} Provider:<nil> Outcome: Refunded:false}"
2026/09/22 10:16:45 INFO generation_trace event="{RelatedRunID: ActorKind: RequestID:req_myED0TNqkLRtHi6NxArF8g RunID:01a0c6e6-bc18-7b0e-af59-efa6fa90ba52 ModelID:01a0c6e6-b00f-7c59-8ef9-8046d398c5bb Sequence:122 ElapsedMS:13 Kind:check_begin Late:false Fact:{Stage:content_validate State:running BeginMS:12 EndMS:-1 DurationMS:-1 Check:passage_annotations Detail:{Reason: Field: Target:-1 Actual:-1 Limit:-1 Start:-1 End:-1 ExpectedType: ActualType:}} Provider:<nil> Outcome: Refunded:false}"
2026/09/22 10:16:45 INFO generation_trace event="{RelatedRunID: ActorKind: RequestID:req_myED0TNqkLRtHi6NxArF8g RunID:01a0c6e6-bc18-7b0e-af59-efa6fa90ba52 ModelID:01a0c6e6-b00f-7c59-8ef9-8046d398c5bb Sequence:123 ElapsedMS:13 Kind:check_end Late:false Fact:{Stage:content_validate State:ok BeginMS:12 EndMS:-1 DurationMS:-1 Check:passage_annotations Detail:{Reason: Field: Target:-1 Actual:-1 Limit:-1 Start:-1 End:-1 ExpectedType: ActualType:}} Provider:<nil> Outcome: Refunded:false}"
2026/09/22 10:16:45 INFO generation_trace event="{RelatedRunID: ActorKind: RequestID:req_myED0TNqkLRtHi6NxArF8g RunID:01a0c6e6-bc18-7b0e-af59-efa6fa90ba52 ModelID:01a0c6e6-b00f-7c59-8ef9-8046d398c5bb Sequence:124 ElapsedMS:13 Kind:check_begin Late:false Fact:{Stage:content_validate State:running BeginMS:12 EndMS:-1 DurationMS:-1 Check:passage_ownership Detail:{Reason: Field: Target:-1 Actual:-1 Limit:-1 Start:-1 End:-1 ExpectedType: ActualType:}} Provider:<nil> Outcome: Refunded:false}"
2026/09/22 10:16:45 INFO generation_trace event="{RelatedRunID: ActorKind: RequestID:req_myED0TNqkLRtHi6NxArF8g RunID:01a0c6e6-bc18-7b0e-af59-efa6fa90ba52 ModelID:01a0c6e6-b00f-7c59-8ef9-8046d398c5bb Sequence:125 ElapsedMS:13 Kind:check_end Late:false Fact:{Stage:content_validate State:ok BeginMS:12 EndMS:-1 DurationMS:-1 Check:passage_ownership Detail:{Reason: Field: Target:-1 Actual:-1 Limit:-1 Start:-1 End:-1 ExpectedType: ActualType:}} Provider:<nil> Outcome: Refunded:false}"
2026/09/22 10:16:45 INFO generation_trace event="{RelatedRunID: ActorKind: RequestID:req_myED0TNqkLRtHi6NxArF8g RunID:01a0c6e6-bc18-7b0e-af59-efa6fa90ba52 ModelID:01a0c6e6-b00f-7c59-8ef9-8046d398c5bb Sequence:126 ElapsedMS:13 Kind:check_begin Late:false Fact:{Stage:content_validate State:running BeginMS:12 EndMS:-1 DurationMS:-1 Check:passage_content Detail:{Reason: Field: Target:-1 Actual:-1 Limit:-1 Start:-1 End:-1 ExpectedType: ActualType:}} Provider:<nil> Outcome: Refunded:false}"
2026/09/22 10:16:45 INFO generation_trace event="{RelatedRunID: ActorKind: RequestID:req_myED0TNqkLRtHi6NxArF8g RunID:01a0c6e6-bc18-7b0e-af59-efa6fa90ba52 ModelID:01a0c6e6-b00f-7c59-8ef9-8046d398c5bb Sequence:127 ElapsedMS:13 Kind:check_end Late:false Fact:{Stage:content_validate State:ok BeginMS:12 EndMS:-1 DurationMS:-1 Check:passage_content Detail:{Reason: Field: Target:-1 Actual:-1 Limit:-1 Start:-1 End:-1 ExpectedType: ActualType:}} Provider:<nil> Outcome: Refunded:false}"
2026/09/22 10:16:45 INFO generation_trace event="{RelatedRunID: ActorKind: RequestID:req_myED0TNqkLRtHi6NxArF8g RunID:01a0c6e6-bc18-7b0e-af59-efa6fa90ba52 ModelID:01a0c6e6-b00f-7c59-8ef9-8046d398c5bb Sequence:128 ElapsedMS:13 Kind:check_begin Late:false Fact:{Stage:content_validate State:running BeginMS:12 EndMS:-1 DurationMS:-1 Check:word_count Detail:{Reason: Field: Target:-1 Actual:-1 Limit:-1 Start:-1 End:-1 ExpectedType: ActualType:}} Provider:<nil> Outcome: Refunded:false}"
2026/09/22 10:16:45 INFO generation_trace event="{RelatedRunID: ActorKind: RequestID:req_myED0TNqkLRtHi6NxArF8g RunID:01a0c6e6-bc18-7b0e-af59-efa6fa90ba52 ModelID:01a0c6e6-b00f-7c59-8ef9-8046d398c5bb Sequence:129 ElapsedMS:13 Kind:check_end Late:false Fact:{Stage:content_validate State:ok BeginMS:12 EndMS:-1 DurationMS:-1 Check:word_count Detail:{Reason: Field: Target:-1 Actual:-1 Limit:-1 Start:-1 End:-1 ExpectedType: ActualType:}} Provider:<nil> Outcome: Refunded:false}"
2026/09/22 10:16:45 INFO generation_trace event="{RelatedRunID: ActorKind: RequestID:req_myED0TNqkLRtHi6NxArF8g RunID:01a0c6e6-bc18-7b0e-af59-efa6fa90ba52 ModelID:01a0c6e6-b00f-7c59-8ef9-8046d398c5bb Sequence:130 ElapsedMS:13 Kind:check_begin Late:false Fact:{Stage:content_validate State:running BeginMS:12 EndMS:-1 DurationMS:-1 Check:passage_language Detail:{Reason: Field: Target:-1 Actual:-1 Limit:-1 Start:-1 End:-1 ExpectedType: ActualType:}} Provider:<nil> Outcome: Refunded:false}"
2026/09/22 10:16:45 INFO generation_trace event="{RelatedRunID: ActorKind: RequestID:req_myED0TNqkLRtHi6NxArF8g RunID:01a0c6e6-bc18-7b0e-af59-efa6fa90ba52 ModelID:01a0c6e6-b00f-7c59-8ef9-8046d398c5bb Sequence:131 ElapsedMS:13 Kind:check_end Late:false Fact:{Stage:content_validate State:ok BeginMS:12 EndMS:-1 DurationMS:-1 Check:passage_language Detail:{Reason: Field: Target:-1 Actual:-1 Limit:-1 Start:-1 End:-1 ExpectedType: ActualType:}} Provider:<nil> Outcome: Refunded:false}"
2026/09/22 10:16:45 INFO generation_trace event="{RelatedRunID: ActorKind: RequestID:req_myED0TNqkLRtHi6NxArF8g RunID:01a0c6e6-bc18-7b0e-af59-efa6fa90ba52 ModelID:01a0c6e6-b00f-7c59-8ef9-8046d398c5bb Sequence:132 ElapsedMS:13 Kind:check_begin Late:false Fact:{Stage:content_validate State:running BeginMS:12 EndMS:-1 DurationMS:-1 Check:tag_count Detail:{Reason: Field: Target:-1 Actual:-1 Limit:-1 Start:-1 End:-1 ExpectedType: ActualType:}} Provider:<nil> Outcome: Refunded:false}"
2026/09/22 10:16:45 INFO generation_trace event="{RelatedRunID: ActorKind: RequestID:req_myED0TNqkLRtHi6NxArF8g RunID:01a0c6e6-bc18-7b0e-af59-efa6fa90ba52 ModelID:01a0c6e6-b00f-7c59-8ef9-8046d398c5bb Sequence:133 ElapsedMS:14 Kind:check_end Late:false Fact:{Stage:content_validate State:ok BeginMS:12 EndMS:-1 DurationMS:-1 Check:tag_count Detail:{Reason: Field: Target:-1 Actual:-1 Limit:-1 Start:-1 End:-1 ExpectedType: ActualType:}} Provider:<nil> Outcome: Refunded:false}"
2026/09/22 10:16:45 INFO generation_trace event="{RelatedRunID: ActorKind: RequestID:req_myED0TNqkLRtHi6NxArF8g RunID:01a0c6e6-bc18-7b0e-af59-efa6fa90ba52 ModelID:01a0c6e6-b00f-7c59-8ef9-8046d398c5bb Sequence:134 ElapsedMS:14 Kind:check_begin Late:false Fact:{Stage:content_validate State:running BeginMS:12 EndMS:-1 DurationMS:-1 Check:tag_content Detail:{Reason: Field: Target:-1 Actual:-1 Limit:-1 Start:-1 End:-1 ExpectedType: ActualType:}} Provider:<nil> Outcome: Refunded:false}"
2026/09/22 10:16:45 INFO generation_trace event="{RelatedRunID: ActorKind: RequestID:req_myED0TNqkLRtHi6NxArF8g RunID:01a0c6e6-bc18-7b0e-af59-efa6fa90ba52 ModelID:01a0c6e6-b00f-7c59-8ef9-8046d398c5bb Sequence:135 ElapsedMS:14 Kind:check_end Late:false Fact:{Stage:content_validate State:ok BeginMS:12 EndMS:-1 DurationMS:-1 Check:tag_content Detail:{Reason: Field: Target:-1 Actual:-1 Limit:-1 Start:-1 End:-1 ExpectedType: ActualType:}} Provider:<nil> Outcome: Refunded:false}"
2026/09/22 10:16:45 INFO generation_trace event="{RelatedRunID: ActorKind: RequestID:req_myED0TNqkLRtHi6NxArF8g RunID:01a0c6e6-bc18-7b0e-af59-efa6fa90ba52 ModelID:01a0c6e6-b00f-7c59-8ef9-8046d398c5bb Sequence:136 ElapsedMS:14 Kind:check_begin Late:false Fact:{Stage:content_validate State:running BeginMS:12 EndMS:-1 DurationMS:-1 Check:tag_duplicate Detail:{Reason: Field: Target:-1 Actual:-1 Limit:-1 Start:-1 End:-1 ExpectedType: ActualType:}} Provider:<nil> Outcome: Refunded:false}"
2026/09/22 10:16:45 INFO generation_trace event="{RelatedRunID: ActorKind: RequestID:req_myED0TNqkLRtHi6NxArF8g RunID:01a0c6e6-bc18-7b0e-af59-efa6fa90ba52 ModelID:01a0c6e6-b00f-7c59-8ef9-8046d398c5bb Sequence:137 ElapsedMS:14 Kind:check_end Late:false Fact:{Stage:content_validate State:ok BeginMS:12 EndMS:-1 DurationMS:-1 Check:tag_duplicate Detail:{Reason: Field: Target:-1 Actual:-1 Limit:-1 Start:-1 End:-1 ExpectedType: ActualType:}} Provider:<nil> Outcome: Refunded:false}"
2026/09/22 10:16:45 INFO generation_trace event="{RelatedRunID: ActorKind: RequestID:req_myED0TNqkLRtHi6NxArF8g RunID:01a0c6e6-bc18-7b0e-af59-efa6fa90ba52 ModelID:01a0c6e6-b00f-7c59-8ef9-8046d398c5bb Sequence:138 ElapsedMS:14 Kind:check_begin Late:false Fact:{Stage:content_validate State:running BeginMS:12 EndMS:-1 DurationMS:-1 Check:target_count Detail:{Reason: Field: Target:-1 Actual:-1 Limit:-1 Start:-1 End:-1 ExpectedType: ActualType:}} Provider:<nil> Outcome: Refunded:false}"
2026/09/22 10:16:45 INFO generation_trace event="{RelatedRunID: ActorKind: RequestID:req_myED0TNqkLRtHi6NxArF8g RunID:01a0c6e6-bc18-7b0e-af59-efa6fa90ba52 ModelID:01a0c6e6-b00f-7c59-8ef9-8046d398c5bb Sequence:139 ElapsedMS:14 Kind:check_end Late:false Fact:{Stage:content_validate State:ok BeginMS:12 EndMS:-1 DurationMS:-1 Check:target_count Detail:{Reason: Field: Target:-1 Actual:-1 Limit:-1 Start:-1 End:-1 ExpectedType: ActualType:}} Provider:<nil> Outcome: Refunded:false}"
2026/09/22 10:16:45 INFO generation_trace event="{RelatedRunID: ActorKind: RequestID:req_myED0TNqkLRtHi6NxArF8g RunID:01a0c6e6-bc18-7b0e-af59-efa6fa90ba52 ModelID:01a0c6e6-b00f-7c59-8ef9-8046d398c5bb Sequence:140 ElapsedMS:14 Kind:check_begin Late:false Fact:{Stage:content_validate State:running BeginMS:12 EndMS:-1 DurationMS:-1 Check:passage_index Detail:{Reason: Field: Target:-1 Actual:-1 Limit:-1 Start:-1 End:-1 ExpectedType: ActualType:}} Provider:<nil> Outcome: Refunded:false}"
2026/09/22 10:16:45 INFO generation_trace event="{RelatedRunID: ActorKind: RequestID:req_myED0TNqkLRtHi6NxArF8g RunID:01a0c6e6-bc18-7b0e-af59-efa6fa90ba52 ModelID:01a0c6e6-b00f-7c59-8ef9-8046d398c5bb Sequence:141 ElapsedMS:14 Kind:check_end Late:false Fact:{Stage:content_validate State:ok BeginMS:12 EndMS:-1 DurationMS:-1 Check:passage_index Detail:{Reason: Field: Target:-1 Actual:-1 Limit:-1 Start:-1 End:-1 ExpectedType: ActualType:}} Provider:<nil> Outcome: Refunded:false}"
2026/09/22 10:16:45 INFO generation_trace event="{RelatedRunID: ActorKind: RequestID:req_myED0TNqkLRtHi6NxArF8g RunID:01a0c6e6-bc18-7b0e-af59-efa6fa90ba52 ModelID:01a0c6e6-b00f-7c59-8ef9-8046d398c5bb Sequence:142 ElapsedMS:14 Kind:check_begin Late:false Fact:{Stage:content_validate State:running BeginMS:12 EndMS:-1 DurationMS:-1 Check:context Detail:{Reason: Field: Target:0 Actual:-1 Limit:-1 Start:-1 End:-1 ExpectedType: ActualType:}} Provider:<nil> Outcome: Refunded:false}"
2026/09/22 10:16:45 INFO generation_trace event="{RelatedRunID: ActorKind: RequestID:req_myED0TNqkLRtHi6NxArF8g RunID:01a0c6e6-bc18-7b0e-af59-efa6fa90ba52 ModelID:01a0c6e6-b00f-7c59-8ef9-8046d398c5bb Sequence:143 ElapsedMS:14 Kind:check_end Late:false Fact:{Stage:content_validate State:ok BeginMS:12 EndMS:-1 DurationMS:-1 Check:context Detail:{Reason: Field: Target:0 Actual:-1 Limit:-1 Start:-1 End:-1 ExpectedType: ActualType:}} Provider:<nil> Outcome: Refunded:false}"
2026/09/22 10:16:45 INFO generation_trace event="{RelatedRunID: ActorKind: RequestID:req_myED0TNqkLRtHi6NxArF8g RunID:01a0c6e6-bc18-7b0e-af59-efa6fa90ba52 ModelID:01a0c6e6-b00f-7c59-8ef9-8046d398c5bb Sequence:144 ElapsedMS:14 Kind:check_begin Late:false Fact:{Stage:content_validate State:running BeginMS:12 EndMS:-1 DurationMS:-1 Check:source_entry Detail:{Reason: Field: Target:0 Actual:-1 Limit:-1 Start:-1 End:-1 ExpectedType: ActualType:}} Provider:<nil> Outcome: Refunded:false}"
2026/09/22 10:16:45 INFO generation_trace event="{RelatedRunID: ActorKind: RequestID:req_myED0TNqkLRtHi6NxArF8g RunID:01a0c6e6-bc18-7b0e-af59-efa6fa90ba52 ModelID:01a0c6e6-b00f-7c59-8ef9-8046d398c5bb Sequence:145 ElapsedMS:14 Kind:check_end Late:false Fact:{Stage:content_validate State:ok BeginMS:12 EndMS:-1 DurationMS:-1 Check:source_entry Detail:{Reason: Field: Target:0 Actual:-1 Limit:-1 Start:-1 End:-1 ExpectedType: ActualType:}} Provider:<nil> Outcome: Refunded:false}"
2026/09/22 10:16:45 INFO generation_trace event="{RelatedRunID: ActorKind: RequestID:req_myED0TNqkLRtHi6NxArF8g RunID:01a0c6e6-bc18-7b0e-af59-efa6fa90ba52 ModelID:01a0c6e6-b00f-7c59-8ef9-8046d398c5bb Sequence:146 ElapsedMS:14 Kind:check_begin Late:false Fact:{Stage:content_validate State:running BeginMS:12 EndMS:-1 DurationMS:-1 Check:meaning_content Detail:{Reason: Field: Target:0 Actual:-1 Limit:-1 Start:-1 End:-1 ExpectedType: ActualType:}} Provider:<nil> Outcome: Refunded:false}"
2026/09/22 10:16:45 INFO generation_trace event="{RelatedRunID: ActorKind: RequestID:req_myED0TNqkLRtHi6NxArF8g RunID:01a0c6e6-bc18-7b0e-af59-efa6fa90ba52 ModelID:01a0c6e6-b00f-7c59-8ef9-8046d398c5bb Sequence:147 ElapsedMS:14 Kind:check_end Late:false Fact:{Stage:content_validate State:ok BeginMS:12 EndMS:-1 DurationMS:-1 Check:meaning_content Detail:{Reason: Field: Target:0 Actual:-1 Limit:-1 Start:-1 End:-1 ExpectedType: ActualType:}} Provider:<nil> Outcome: Refunded:false}"
2026/09/22 10:16:45 INFO generation_trace event="{RelatedRunID: ActorKind: RequestID:req_myED0TNqkLRtHi6NxArF8g RunID:01a0c6e6-bc18-7b0e-af59-efa6fa90ba52 ModelID:01a0c6e6-b00f-7c59-8ef9-8046d398c5bb Sequence:148 ElapsedMS:14 Kind:check_begin Late:false Fact:{Stage:content_validate State:running BeginMS:12 EndMS:-1 DurationMS:-1 Check:meaning_repeated Detail:{Reason: Field: Target:0 Actual:-1 Limit:-1 Start:-1 End:-1 ExpectedType: ActualType:}} Provider:<nil> Outcome: Refunded:false}"
2026/09/22 10:16:45 INFO generation_trace event="{RelatedRunID: ActorKind: RequestID:req_myED0TNqkLRtHi6NxArF8g RunID:01a0c6e6-bc18-7b0e-af59-efa6fa90ba52 ModelID:01a0c6e6-b00f-7c59-8ef9-8046d398c5bb Sequence:149 ElapsedMS:15 Kind:check_end Late:false Fact:{Stage:content_validate State:ok BeginMS:12 EndMS:-1 DurationMS:-1 Check:meaning_repeated Detail:{Reason: Field: Target:0 Actual:-1 Limit:-1 Start:-1 End:-1 ExpectedType: ActualType:}} Provider:<nil> Outcome: Refunded:false}"
2026/09/22 10:16:45 INFO generation_trace event="{RelatedRunID: ActorKind: RequestID:req_myED0TNqkLRtHi6NxArF8g RunID:01a0c6e6-bc18-7b0e-af59-efa6fa90ba52 ModelID:01a0c6e6-b00f-7c59-8ef9-8046d398c5bb Sequence:150 ElapsedMS:15 Kind:check_begin Late:false Fact:{Stage:content_validate State:running BeginMS:12 EndMS:-1 DurationMS:-1 Check:hint_annotations Detail:{Reason: Field: Target:0 Actual:-1 Limit:-1 Start:-1 End:-1 ExpectedType: ActualType:}} Provider:<nil> Outcome: Refunded:false}"
2026/09/22 10:16:45 INFO generation_trace event="{RelatedRunID: ActorKind: RequestID:req_myED0TNqkLRtHi6NxArF8g RunID:01a0c6e6-bc18-7b0e-af59-efa6fa90ba52 ModelID:01a0c6e6-b00f-7c59-8ef9-8046d398c5bb Sequence:151 ElapsedMS:15 Kind:check_end Late:false Fact:{Stage:content_validate State:ok BeginMS:12 EndMS:-1 DurationMS:-1 Check:hint_annotations Detail:{Reason: Field: Target:0 Actual:-1 Limit:-1 Start:-1 End:-1 ExpectedType: ActualType:}} Provider:<nil> Outcome: Refunded:false}"
2026/09/22 10:16:45 INFO generation_trace event="{RelatedRunID: ActorKind: RequestID:req_myED0TNqkLRtHi6NxArF8g RunID:01a0c6e6-bc18-7b0e-af59-efa6fa90ba52 ModelID:01a0c6e6-b00f-7c59-8ef9-8046d398c5bb Sequence:152 ElapsedMS:15 Kind:check_begin Late:false Fact:{Stage:content_validate State:running BeginMS:12 EndMS:-1 DurationMS:-1 Check:hint_ownership Detail:{Reason: Field: Target:0 Actual:-1 Limit:-1 Start:-1 End:-1 ExpectedType: ActualType:}} Provider:<nil> Outcome: Refunded:false}"
2026/09/22 10:16:45 INFO generation_trace event="{RelatedRunID: ActorKind: RequestID:req_myED0TNqkLRtHi6NxArF8g RunID:01a0c6e6-bc18-7b0e-af59-efa6fa90ba52 ModelID:01a0c6e6-b00f-7c59-8ef9-8046d398c5bb Sequence:153 ElapsedMS:15 Kind:check_end Late:false Fact:{Stage:content_validate State:ok BeginMS:12 EndMS:-1 DurationMS:-1 Check:hint_ownership Detail:{Reason: Field: Target:0 Actual:-1 Limit:-1 Start:-1 End:-1 ExpectedType: ActualType:}} Provider:<nil> Outcome: Refunded:false}"
2026/09/22 10:16:45 INFO generation_trace event="{RelatedRunID: ActorKind: RequestID:req_myED0TNqkLRtHi6NxArF8g RunID:01a0c6e6-bc18-7b0e-af59-efa6fa90ba52 ModelID:01a0c6e6-b00f-7c59-8ef9-8046d398c5bb Sequence:154 ElapsedMS:15 Kind:check_begin Late:false Fact:{Stage:content_validate State:running BeginMS:12 EndMS:-1 DurationMS:-1 Check:hint_content Detail:{Reason: Field: Target:0 Actual:-1 Limit:-1 Start:-1 End:-1 ExpectedType: ActualType:}} Provider:<nil> Outcome: Refunded:false}"
2026/09/22 10:16:45 INFO generation_trace event="{RelatedRunID: ActorKind: RequestID:req_myED0TNqkLRtHi6NxArF8g RunID:01a0c6e6-bc18-7b0e-af59-efa6fa90ba52 ModelID:01a0c6e6-b00f-7c59-8ef9-8046d398c5bb Sequence:155 ElapsedMS:15 Kind:check_end Late:false Fact:{Stage:content_validate State:ok BeginMS:12 EndMS:-1 DurationMS:-1 Check:hint_content Detail:{Reason: Field: Target:0 Actual:-1 Limit:-1 Start:-1 End:-1 ExpectedType: ActualType:}} Provider:<nil> Outcome: Refunded:false}"
2026/09/22 10:16:45 INFO generation_trace event="{RelatedRunID: ActorKind: RequestID:req_myED0TNqkLRtHi6NxArF8g RunID:01a0c6e6-bc18-7b0e-af59-efa6fa90ba52 ModelID:01a0c6e6-b00f-7c59-8ef9-8046d398c5bb Sequence:156 ElapsedMS:15 Kind:check_begin Late:false Fact:{Stage:content_validate State:running BeginMS:12 EndMS:-1 DurationMS:-1 Check:passage_annotation_presence Detail:{Reason: Field: Target:0 Actual:-1 Limit:-1 Start:-1 End:-1 ExpectedType: ActualType:}} Provider:<nil> Outcome: Refunded:false}"
2026/09/22 10:16:45 INFO generation_trace event="{RelatedRunID: ActorKind: RequestID:req_myED0TNqkLRtHi6NxArF8g RunID:01a0c6e6-bc18-7b0e-af59-efa6fa90ba52 ModelID:01a0c6e6-b00f-7c59-8ef9-8046d398c5bb Sequence:157 ElapsedMS:15 Kind:check_end Late:false Fact:{Stage:content_validate State:ok BeginMS:12 EndMS:-1 DurationMS:-1 Check:passage_annotation_presence Detail:{Reason: Field: Target:0 Actual:-1 Limit:-1 Start:-1 End:-1 ExpectedType: ActualType:}} Provider:<nil> Outcome: Refunded:false}"
2026/09/22 10:16:45 INFO generation_trace event="{RelatedRunID: ActorKind: RequestID:req_myED0TNqkLRtHi6NxArF8g RunID:01a0c6e6-bc18-7b0e-af59-efa6fa90ba52 ModelID:01a0c6e6-b00f-7c59-8ef9-8046d398c5bb Sequence:158 ElapsedMS:15 Kind:check_begin Late:false Fact:{Stage:content_validate State:running BeginMS:12 EndMS:-1 DurationMS:-1 Check:hint_annotation_presence Detail:{Reason: Field: Target:0 Actual:-1 Limit:-1 Start:-1 End:-1 ExpectedType: ActualType:}} Provider:<nil> Outcome: Refunded:false}"
2026/09/22 10:16:45 INFO generation_trace event="{RelatedRunID: ActorKind: RequestID:req_myED0TNqkLRtHi6NxArF8g RunID:01a0c6e6-bc18-7b0e-af59-efa6fa90ba52 ModelID:01a0c6e6-b00f-7c59-8ef9-8046d398c5bb Sequence:159 ElapsedMS:15 Kind:check_end Late:false Fact:{Stage:content_validate State:ok BeginMS:12 EndMS:-1 DurationMS:-1 Check:hint_annotation_presence Detail:{Reason: Field: Target:0 Actual:-1 Limit:-1 Start:-1 End:-1 ExpectedType: ActualType:}} Provider:<nil> Outcome: Refunded:false}"
2026/09/22 10:16:45 INFO generation_trace event="{RelatedRunID: ActorKind: RequestID:req_myED0TNqkLRtHi6NxArF8g RunID:01a0c6e6-bc18-7b0e-af59-efa6fa90ba52 ModelID:01a0c6e6-b00f-7c59-8ef9-8046d398c5bb Sequence:160 ElapsedMS:15 Kind:check_begin Late:false Fact:{Stage:content_validate State:running BeginMS:12 EndMS:-1 DurationMS:-1 Check:hint_index Detail:{Reason: Field: Target:0 Actual:-1 Limit:-1 Start:-1 End:-1 ExpectedType: ActualType:}} Provider:<nil> Outcome: Refunded:false}"
2026/09/22 10:16:45 INFO generation_trace event="{RelatedRunID: ActorKind: RequestID:req_myED0TNqkLRtHi6NxArF8g RunID:01a0c6e6-bc18-7b0e-af59-efa6fa90ba52 ModelID:01a0c6e6-b00f-7c59-8ef9-8046d398c5bb Sequence:161 ElapsedMS:15 Kind:check_end Late:false Fact:{Stage:content_validate State:ok BeginMS:12 EndMS:-1 DurationMS:-1 Check:hint_index Detail:{Reason: Field: Target:0 Actual:-1 Limit:-1 Start:-1 End:-1 ExpectedType: ActualType:}} Provider:<nil> Outcome: Refunded:false}"
2026/09/22 10:16:45 INFO generation_trace event="{RelatedRunID: ActorKind: RequestID:req_myED0TNqkLRtHi6NxArF8g RunID:01a0c6e6-bc18-7b0e-af59-efa6fa90ba52 ModelID:01a0c6e6-b00f-7c59-8ef9-8046d398c5bb Sequence:162 ElapsedMS:15 Kind:check_begin Late:false Fact:{Stage:content_validate State:running BeginMS:12 EndMS:-1 DurationMS:-1 Check:hint_scan Detail:{Reason: Field: Target:0 Actual:-1 Limit:-1 Start:-1 End:-1 ExpectedType: ActualType:}} Provider:<nil> Outcome: Refunded:false}"
2026/09/22 10:16:45 INFO generation_trace event="{RelatedRunID: ActorKind: RequestID:req_myED0TNqkLRtHi6NxArF8g RunID:01a0c6e6-bc18-7b0e-af59-efa6fa90ba52 ModelID:01a0c6e6-b00f-7c59-8ef9-8046d398c5bb Sequence:163 ElapsedMS:15 Kind:check_end Late:false Fact:{Stage:content_validate State:ok BeginMS:12 EndMS:-1 DurationMS:-1 Check:hint_scan Detail:{Reason: Field: Target:0 Actual:-1 Limit:-1 Start:-1 End:-1 ExpectedType: ActualType:}} Provider:<nil> Outcome: Refunded:false}"
2026/09/22 10:16:45 INFO generation_trace event="{RelatedRunID: ActorKind: RequestID:req_myED0TNqkLRtHi6NxArF8g RunID:01a0c6e6-bc18-7b0e-af59-efa6fa90ba52 ModelID:01a0c6e6-b00f-7c59-8ef9-8046d398c5bb Sequence:164 ElapsedMS:15 Kind:check_begin Late:false Fact:{Stage:content_validate State:running BeginMS:12 EndMS:-1 DurationMS:-1 Check:passage_scan Detail:{Reason: Field: Target:0 Actual:-1 Limit:-1 Start:-1 End:-1 ExpectedType: ActualType:}} Provider:<nil> Outcome: Refunded:false}"
2026/09/22 10:16:45 INFO generation_trace event="{RelatedRunID: ActorKind: RequestID:req_myED0TNqkLRtHi6NxArF8g RunID:01a0c6e6-bc18-7b0e-af59-efa6fa90ba52 ModelID:01a0c6e6-b00f-7c59-8ef9-8046d398c5bb Sequence:165 ElapsedMS:16 Kind:check_end Late:false Fact:{Stage:content_validate State:ok BeginMS:12 EndMS:-1 DurationMS:-1 Check:passage_scan Detail:{Reason: Field: Target:0 Actual:-1 Limit:-1 Start:-1 End:-1 ExpectedType: ActualType:}} Provider:<nil> Outcome: Refunded:false}"
2026/09/22 10:16:45 INFO generation_trace event="{RelatedRunID: ActorKind: RequestID:req_myED0TNqkLRtHi6NxArF8g RunID:01a0c6e6-bc18-7b0e-af59-efa6fa90ba52 ModelID:01a0c6e6-b00f-7c59-8ef9-8046d398c5bb Sequence:166 ElapsedMS:16 Kind:check_begin Late:false Fact:{Stage:content_validate State:running BeginMS:12 EndMS:-1 DurationMS:-1 Check:passage_relations Detail:{Reason: Field: Target:0 Actual:-1 Limit:-1 Start:-1 End:-1 ExpectedType: ActualType:}} Provider:<nil> Outcome: Refunded:false}"
2026/09/22 10:16:45 INFO generation_trace event="{RelatedRunID: ActorKind: RequestID:req_myED0TNqkLRtHi6NxArF8g RunID:01a0c6e6-bc18-7b0e-af59-efa6fa90ba52 ModelID:01a0c6e6-b00f-7c59-8ef9-8046d398c5bb Sequence:167 ElapsedMS:16 Kind:check_end Late:false Fact:{Stage:content_validate State:ok BeginMS:12 EndMS:-1 DurationMS:-1 Check:passage_relations Detail:{Reason: Field: Target:0 Actual:-1 Limit:-1 Start:-1 End:-1 ExpectedType: ActualType:}} Provider:<nil> Outcome: Refunded:false}"
2026/09/22 10:16:45 INFO generation_trace event="{RelatedRunID: ActorKind: RequestID:req_myED0TNqkLRtHi6NxArF8g RunID:01a0c6e6-bc18-7b0e-af59-efa6fa90ba52 ModelID:01a0c6e6-b00f-7c59-8ef9-8046d398c5bb Sequence:168 ElapsedMS:16 Kind:check_begin Late:false Fact:{Stage:content_validate State:running BeginMS:12 EndMS:-1 DurationMS:-1 Check:hint_relations Detail:{Reason: Field: Target:0 Actual:-1 Limit:-1 Start:-1 End:-1 ExpectedType: ActualType:}} Provider:<nil> Outcome: Refunded:false}"
2026/09/22 10:16:45 INFO generation_trace event="{RelatedRunID: ActorKind: RequestID:req_myED0TNqkLRtHi6NxArF8g RunID:01a0c6e6-bc18-7b0e-af59-efa6fa90ba52 ModelID:01a0c6e6-b00f-7c59-8ef9-8046d398c5bb Sequence:169 ElapsedMS:16 Kind:check_end Late:false Fact:{Stage:content_validate State:ok BeginMS:12 EndMS:-1 DurationMS:-1 Check:hint_relations Detail:{Reason: Field: Target:0 Actual:-1 Limit:-1 Start:-1 End:-1 ExpectedType: ActualType:}} Provider:<nil> Outcome: Refunded:false}"
2026/09/22 10:16:45 INFO generation_trace event="{RelatedRunID: ActorKind: RequestID:req_myED0TNqkLRtHi6NxArF8g RunID:01a0c6e6-bc18-7b0e-af59-efa6fa90ba52 ModelID:01a0c6e6-b00f-7c59-8ef9-8046d398c5bb Sequence:170 ElapsedMS:16 Kind:check_begin Late:false Fact:{Stage:content_validate State:running BeginMS:12 EndMS:-1 DurationMS:-1 Check:passage_presence Detail:{Reason: Field: Target:0 Actual:-1 Limit:-1 Start:-1 End:-1 ExpectedType: ActualType:}} Provider:<nil> Outcome: Refunded:false}"
2026/09/22 10:16:45 INFO generation_trace event="{RelatedRunID: ActorKind: RequestID:req_myED0TNqkLRtHi6NxArF8g RunID:01a0c6e6-bc18-7b0e-af59-efa6fa90ba52 ModelID:01a0c6e6-b00f-7c59-8ef9-8046d398c5bb Sequence:171 ElapsedMS:16 Kind:check_end Late:false Fact:{Stage:content_validate State:ok BeginMS:12 EndMS:-1 DurationMS:-1 Check:passage_presence Detail:{Reason: Field: Target:0 Actual:-1 Limit:-1 Start:-1 End:-1 ExpectedType: ActualType:}} Provider:<nil> Outcome: Refunded:false}"
2026/09/22 10:16:45 INFO generation_trace event="{RelatedRunID: ActorKind: RequestID:req_myED0TNqkLRtHi6NxArF8g RunID:01a0c6e6-bc18-7b0e-af59-efa6fa90ba52 ModelID:01a0c6e6-b00f-7c59-8ef9-8046d398c5bb Sequence:172 ElapsedMS:16 Kind:check_begin Late:false Fact:{Stage:content_validate State:running BeginMS:12 EndMS:-1 DurationMS:-1 Check:hint_presence Detail:{Reason: Field: Target:0 Actual:-1 Limit:-1 Start:-1 End:-1 ExpectedType: ActualType:}} Provider:<nil> Outcome: Refunded:false}"
2026/09/22 10:16:45 INFO generation_trace event="{RelatedRunID: ActorKind: RequestID:req_myED0TNqkLRtHi6NxArF8g RunID:01a0c6e6-bc18-7b0e-af59-efa6fa90ba52 ModelID:01a0c6e6-b00f-7c59-8ef9-8046d398c5bb Sequence:173 ElapsedMS:16 Kind:check_end Late:false Fact:{Stage:content_validate State:ok BeginMS:12 EndMS:-1 DurationMS:-1 Check:hint_presence Detail:{Reason: Field: Target:0 Actual:-1 Limit:-1 Start:-1 End:-1 ExpectedType: ActualType:}} Provider:<nil> Outcome: Refunded:false}"
2026/09/22 10:16:45 INFO generation_trace event="{RelatedRunID: ActorKind: RequestID:req_myED0TNqkLRtHi6NxArF8g RunID:01a0c6e6-bc18-7b0e-af59-efa6fa90ba52 ModelID:01a0c6e6-b00f-7c59-8ef9-8046d398c5bb Sequence:174 ElapsedMS:16 Kind:check_begin Late:false Fact:{Stage:content_validate State:running BeginMS:12 EndMS:-1 DurationMS:-1 Check:collision Detail:{Reason: Field: Target:-1 Actual:-1 Limit:-1 Start:-1 End:-1 ExpectedType: ActualType:}} Provider:<nil> Outcome: Refunded:false}"
2026/09/22 10:16:45 INFO generation_trace event="{RelatedRunID: ActorKind: RequestID:req_myED0TNqkLRtHi6NxArF8g RunID:01a0c6e6-bc18-7b0e-af59-efa6fa90ba52 ModelID:01a0c6e6-b00f-7c59-8ef9-8046d398c5bb Sequence:175 ElapsedMS:16 Kind:check_end Late:false Fact:{Stage:content_validate State:ok BeginMS:12 EndMS:-1 DurationMS:-1 Check:collision Detail:{Reason: Field: Target:-1 Actual:-1 Limit:-1 Start:-1 End:-1 ExpectedType: ActualType:}} Provider:<nil> Outcome: Refunded:false}"
2026/09/22 10:16:45 INFO generation_trace event="{RelatedRunID: ActorKind: RequestID:req_myED0TNqkLRtHi6NxArF8g RunID:01a0c6e6-bc18-7b0e-af59-efa6fa90ba52 ModelID:01a0c6e6-b00f-7c59-8ef9-8046d398c5bb Sequence:176 ElapsedMS:16 Kind:check_begin Late:false Fact:{Stage:content_validate State:running BeginMS:12 EndMS:-1 DurationMS:-1 Check:context Detail:{Reason: Field: Target:-1 Actual:-1 Limit:-1 Start:-1 End:-1 ExpectedType: ActualType:}} Provider:<nil> Outcome: Refunded:false}"
2026/09/22 10:16:45 INFO generation_trace event="{RelatedRunID: ActorKind: RequestID:req_myED0TNqkLRtHi6NxArF8g RunID:01a0c6e6-bc18-7b0e-af59-efa6fa90ba52 ModelID:01a0c6e6-b00f-7c59-8ef9-8046d398c5bb Sequence:177 ElapsedMS:16 Kind:check_end Late:false Fact:{Stage:content_validate State:ok BeginMS:12 EndMS:16 DurationMS:4 Check:context Detail:{Reason: Field: Target:-1 Actual:-1 Limit:-1 Start:-1 End:-1 ExpectedType: ActualType:}} Provider:<nil> Outcome: Refunded:false}"
2026/09/22 10:16:45 INFO generation_trace event="{RelatedRunID: ActorKind: RequestID:req_myED0TNqkLRtHi6NxArF8g RunID:01a0c6e6-bc18-7b0e-af59-efa6fa90ba52 ModelID:01a0c6e6-b00f-7c59-8ef9-8046d398c5bb Sequence:178 ElapsedMS:16 Kind:stage_end Late:false Fact:{Stage:content_validate State:ok BeginMS:12 EndMS:16 DurationMS:4 Check:context Detail:{Reason: Field: Target:-1 Actual:-1 Limit:-1 Start:-1 End:-1 ExpectedType: ActualType:}} Provider:<nil> Outcome: Refunded:false}"
2026/09/22 10:16:45 INFO generation_trace event="{RelatedRunID: ActorKind: RequestID:req_myED0TNqkLRtHi6NxArF8g RunID:01a0c6e6-bc18-7b0e-af59-efa6fa90ba52 ModelID:01a0c6e6-b00f-7c59-8ef9-8046d398c5bb Sequence:179 ElapsedMS:16 Kind:stage_begin Late:false Fact:{Stage:draft_commit State:running BeginMS:16 EndMS:-1 DurationMS:-1 Check: Detail:{Reason: Field: Target:-1 Actual:-1 Limit:-1 Start:-1 End:-1 ExpectedType: ActualType:}} Provider:<nil> Outcome: Refunded:false}"
2026/09/22 10:16:45 INFO generation_trace event="{RelatedRunID: ActorKind: RequestID:req_myED0TNqkLRtHi6NxArF8g RunID:01a0c6e6-bc18-7b0e-af59-efa6fa90ba52 ModelID:01a0c6e6-b00f-7c59-8ef9-8046d398c5bb Sequence:180 ElapsedMS:16 Kind:check_begin Late:false Fact:{Stage:draft_commit State:running BeginMS:16 EndMS:-1 DurationMS:-1 Check:snapshot Detail:{Reason: Field: Target:-1 Actual:-1 Limit:-1 Start:-1 End:-1 ExpectedType: ActualType:}} Provider:<nil> Outcome: Refunded:false}"
2026/09/22 10:16:45 INFO generation_trace event="{RelatedRunID: ActorKind: RequestID:req_myED0TNqkLRtHi6NxArF8g RunID:01a0c6e6-bc18-7b0e-af59-efa6fa90ba52 ModelID:01a0c6e6-b00f-7c59-8ef9-8046d398c5bb Sequence:181 ElapsedMS:17 Kind:check_end Late:false Fact:{Stage:draft_commit State:ok BeginMS:16 EndMS:-1 DurationMS:-1 Check:snapshot Detail:{Reason: Field: Target:-1 Actual:-1 Limit:-1 Start:-1 End:-1 ExpectedType: ActualType:}} Provider:<nil> Outcome: Refunded:false}"
2026/09/22 10:16:45 INFO generation_trace event="{RelatedRunID: ActorKind: RequestID:req_myED0TNqkLRtHi6NxArF8g RunID:01a0c6e6-bc18-7b0e-af59-efa6fa90ba52 ModelID:01a0c6e6-b00f-7c59-8ef9-8046d398c5bb Sequence:182 ElapsedMS:17 Kind:check_begin Late:false Fact:{Stage:draft_commit State:running BeginMS:16 EndMS:-1 DurationMS:-1 Check:draft_encode Detail:{Reason: Field: Target:-1 Actual:-1 Limit:-1 Start:-1 End:-1 ExpectedType: ActualType:}} Provider:<nil> Outcome: Refunded:false}"
2026/09/22 10:16:45 INFO generation_trace event="{RelatedRunID: ActorKind: RequestID:req_myED0TNqkLRtHi6NxArF8g RunID:01a0c6e6-bc18-7b0e-af59-efa6fa90ba52 ModelID:01a0c6e6-b00f-7c59-8ef9-8046d398c5bb Sequence:183 ElapsedMS:17 Kind:check_end Late:false Fact:{Stage:draft_commit State:ok BeginMS:16 EndMS:-1 DurationMS:-1 Check:draft_encode Detail:{Reason: Field: Target:-1 Actual:-1 Limit:-1 Start:-1 End:-1 ExpectedType: ActualType:}} Provider:<nil> Outcome: Refunded:false}"
2026/09/22 10:16:45 INFO generation_trace event="{RelatedRunID: ActorKind: RequestID:req_myED0TNqkLRtHi6NxArF8g RunID:01a0c6e6-bc18-7b0e-af59-efa6fa90ba52 ModelID:01a0c6e6-b00f-7c59-8ef9-8046d398c5bb Sequence:184 ElapsedMS:17 Kind:check_begin Late:false Fact:{Stage:draft_commit State:running BeginMS:16 EndMS:-1 DurationMS:-1 Check:transaction_begin Detail:{Reason: Field: Target:-1 Actual:-1 Limit:-1 Start:-1 End:-1 ExpectedType: ActualType:}} Provider:<nil> Outcome: Refunded:false}"
2026/09/22 10:16:45 INFO generation_trace event="{RelatedRunID: ActorKind: RequestID:req_myED0TNqkLRtHi6NxArF8g RunID:01a0c6e6-bc18-7b0e-af59-efa6fa90ba52 ModelID:01a0c6e6-b00f-7c59-8ef9-8046d398c5bb Sequence:185 ElapsedMS:17 Kind:check_end Late:false Fact:{Stage:draft_commit State:ok BeginMS:16 EndMS:-1 DurationMS:-1 Check:transaction_begin Detail:{Reason: Field: Target:-1 Actual:-1 Limit:-1 Start:-1 End:-1 ExpectedType: ActualType:}} Provider:<nil> Outcome: Refunded:false}"
2026/09/22 10:16:45 INFO generation_trace event="{RelatedRunID: ActorKind: RequestID:req_myED0TNqkLRtHi6NxArF8g RunID:01a0c6e6-bc18-7b0e-af59-efa6fa90ba52 ModelID:01a0c6e6-b00f-7c59-8ef9-8046d398c5bb Sequence:186 ElapsedMS:17 Kind:check_begin Late:false Fact:{Stage:draft_commit State:running BeginMS:16 EndMS:-1 DurationMS:-1 Check:cas Detail:{Reason: Field: Target:-1 Actual:-1 Limit:-1 Start:-1 End:-1 ExpectedType: ActualType:}} Provider:<nil> Outcome: Refunded:false}"
2026/09/22 10:16:45 INFO generation_trace event="{RelatedRunID: ActorKind: RequestID:req_myED0TNqkLRtHi6NxArF8g RunID:01a0c6e6-bc18-7b0e-af59-efa6fa90ba52 ModelID:01a0c6e6-b00f-7c59-8ef9-8046d398c5bb Sequence:187 ElapsedMS:18 Kind:check_end Late:false Fact:{Stage:draft_commit State:ok BeginMS:16 EndMS:-1 DurationMS:-1 Check:cas Detail:{Reason: Field: Target:-1 Actual:-1 Limit:-1 Start:-1 End:-1 ExpectedType: ActualType:}} Provider:<nil> Outcome: Refunded:false}"
2026/09/22 10:16:45 INFO generation_trace event="{RelatedRunID: ActorKind: RequestID:req_myED0TNqkLRtHi6NxArF8g RunID:01a0c6e6-bc18-7b0e-af59-efa6fa90ba52 ModelID:01a0c6e6-b00f-7c59-8ef9-8046d398c5bb Sequence:188 ElapsedMS:18 Kind:check_begin Late:false Fact:{Stage:draft_commit State:running BeginMS:16 EndMS:-1 DurationMS:-1 Check:draft_insert Detail:{Reason: Field: Target:-1 Actual:-1 Limit:-1 Start:-1 End:-1 ExpectedType: ActualType:}} Provider:<nil> Outcome: Refunded:false}"
2026/09/22 10:16:45 INFO generation_trace event="{RelatedRunID: ActorKind: RequestID:req_myED0TNqkLRtHi6NxArF8g RunID:01a0c6e6-bc18-7b0e-af59-efa6fa90ba52 ModelID:01a0c6e6-b00f-7c59-8ef9-8046d398c5bb Sequence:189 ElapsedMS:19 Kind:check_end Late:false Fact:{Stage:draft_commit State:ok BeginMS:16 EndMS:-1 DurationMS:-1 Check:draft_insert Detail:{Reason: Field: Target:-1 Actual:-1 Limit:-1 Start:-1 End:-1 ExpectedType: ActualType:}} Provider:<nil> Outcome: Refunded:false}"
2026/09/22 10:16:45 INFO generation_trace event="{RelatedRunID: ActorKind: RequestID:req_myED0TNqkLRtHi6NxArF8g RunID:01a0c6e6-bc18-7b0e-af59-efa6fa90ba52 ModelID:01a0c6e6-b00f-7c59-8ef9-8046d398c5bb Sequence:190 ElapsedMS:19 Kind:check_begin Late:false Fact:{Stage:draft_commit State:running BeginMS:16 EndMS:-1 DurationMS:-1 Check:transaction_commit Detail:{Reason: Field: Target:-1 Actual:-1 Limit:-1 Start:-1 End:-1 ExpectedType: ActualType:}} Provider:<nil> Outcome: Refunded:false}"
2026/09/22 10:16:45 INFO generation_trace event="{RelatedRunID: ActorKind: RequestID:req_myED0TNqkLRtHi6NxArF8g RunID:01a0c6e6-bc18-7b0e-af59-efa6fa90ba52 ModelID:01a0c6e6-b00f-7c59-8ef9-8046d398c5bb Sequence:191 ElapsedMS:19 Kind:outcome_confirmed Late:false Fact:{Stage: State: BeginMS:0 EndMS:0 DurationMS:0 Check: Detail:{Reason: Field: Target:0 Actual:0 Limit:0 Start:0 End:0 ExpectedType: ActualType:}} Provider:<nil> Outcome:valid Refunded:false}"
2026/09/22 10:16:45 INFO generation_trace event="{RelatedRunID: ActorKind: RequestID:req_myED0TNqkLRtHi6NxArF8g RunID:01a0c6e6-bc18-7b0e-af59-efa6fa90ba52 ModelID:01a0c6e6-b00f-7c59-8ef9-8046d398c5bb Sequence:192 ElapsedMS:19 Kind:check_end Late:false Fact:{Stage:draft_commit State:ok BeginMS:16 EndMS:19 DurationMS:3 Check:transaction_commit Detail:{Reason: Field: Target:-1 Actual:-1 Limit:-1 Start:-1 End:-1 ExpectedType: ActualType:}} Provider:<nil> Outcome: Refunded:false}"
2026/09/22 10:16:45 INFO generation_trace event="{RelatedRunID: ActorKind: RequestID:req_myED0TNqkLRtHi6NxArF8g RunID:01a0c6e6-bc18-7b0e-af59-efa6fa90ba52 ModelID:01a0c6e6-b00f-7c59-8ef9-8046d398c5bb Sequence:193 ElapsedMS:19 Kind:stage_end Late:false Fact:{Stage:draft_commit State:ok BeginMS:16 EndMS:19 DurationMS:3 Check:transaction_commit Detail:{Reason: Field: Target:-1 Actual:-1 Limit:-1 Start:-1 End:-1 ExpectedType: ActualType:}} Provider:<nil> Outcome: Refunded:false}"
2026/09/22 10:16:45 INFO generation_trace event="{RelatedRunID: ActorKind: RequestID:req_myED0TNqkLRtHi6NxArF8g RunID:01a0c6e6-bc18-7b0e-af59-efa6fa90ba52 ModelID:01a0c6e6-b00f-7c59-8ef9-8046d398c5bb Sequence:194 ElapsedMS:19 Kind:fact Late:false Fact:{Stage:delivery State:running BeginMS:7 EndMS:-1 DurationMS:-1 Check:validated Detail:{Reason: Field: Target:-1 Actual:917 Limit:-1 Start:-1 End:-1 ExpectedType: ActualType:}} Provider:<nil> Outcome: Refunded:false}"
2026/09/22 10:16:45 INFO generation_trace event="{RelatedRunID: ActorKind: RequestID:req_myED0TNqkLRtHi6NxArF8g RunID:01a0c6e6-bc18-7b0e-af59-efa6fa90ba52 ModelID:01a0c6e6-b00f-7c59-8ef9-8046d398c5bb Sequence:195 ElapsedMS:19 Kind:stage_end Late:false Fact:{Stage:delivery State:ok BeginMS:7 EndMS:19 DurationMS:12 Check: Detail:{Reason: Field: Target:-1 Actual:-1 Limit:-1 Start:-1 End:-1 ExpectedType: ActualType:}} Provider:<nil> Outcome: Refunded:false}"
2026/09/22 10:16:45 INFO ai_generation_request_finished request_id=req_myED0TNqkLRtHi6NxArF8g run_id=01a0c6e6-bc18-7b0e-af59-efa6fa90ba52 model_id=01a0c6e6-b00f-7c59-8ef9-8046d398c5bb elapsed_ms=18
2026/09/22 10:16:45 INFO http_request request_id=req_myED0TNqkLRtHi6NxArF8g method=POST route=/api/v1/generations/stream status=200 duration_ms=19
2026/09/22 10:16:45 INFO generation_trace event="{RelatedRunID: ActorKind: RequestID:req_myED0TNqkLRtHi6NxArF8g RunID:01a0c6e6-bc18-7b0e-af59-efa6fa90ba52 ModelID:01a0c6e6-b00f-7c59-8ef9-8046d398c5bb Sequence:196 ElapsedMS:19 Kind:check_end Late:false Fact:{Stage:request State:ok BeginMS:0 EndMS:19 DurationMS:19 Check:body Detail:{Reason: Field: Target:-1 Actual:-1 Limit:-1 Start:-1 End:-1 ExpectedType: ActualType:}} Provider:<nil> Outcome: Refunded:false}"
2026/09/22 10:16:45 INFO generation_trace event="{RelatedRunID: ActorKind: RequestID:req_myED0TNqkLRtHi6NxArF8g RunID:01a0c6e6-bc18-7b0e-af59-efa6fa90ba52 ModelID:01a0c6e6-b00f-7c59-8ef9-8046d398c5bb Sequence:197 ElapsedMS:19 Kind:stage_end Late:false Fact:{Stage:request State:ok BeginMS:0 EndMS:19 DurationMS:19 Check:body Detail:{Reason: Field: Target:-1 Actual:-1 Limit:-1 Start:-1 End:-1 ExpectedType: ActualType:}} Provider:<nil> Outcome: Refunded:false}"
2026/09/22 10:16:45 INFO generation_summary summary="{RequestID:req_myED0TNqkLRtHi6NxArF8g RunID:01a0c6e6-bc18-7b0e-af59-efa6fa90ba52 ModelID:01a0c6e6-b00f-7c59-8ef9-8046d398c5bb ElapsedMS:19 Stages:[{Stage:request State:ok BeginMS:0 EndMS:19 DurationMS:19 Check:body Detail:{Reason: Field: Target:-1 Actual:-1 Limit:-1 Start:-1 End:-1 ExpectedType: ActualType:}} {Stage:preflight State:ok BeginMS:1 EndMS:5 DurationMS:4 Check:transaction_commit Detail:{Reason: Field: Target:-1 Actual:-1 Limit:-1 Start:-1 End:-1 ExpectedType: ActualType:}} {Stage:provider_open State:ok BeginMS:5 EndMS:7 DurationMS:2 Check:response_headers Detail:{Reason: Field: Target:-1 Actual:-1 Limit:-1 Start:-1 End:-1 ExpectedType: ActualType:}} {Stage:provider_stream State:ok BeginMS:8 EndMS:8 DurationMS:0 Check: Detail:{Reason: Field: Target:-1 Actual:-1 Limit:-1 Start:-1 End:-1 ExpectedType: ActualType:}} {Stage:passage_decode State:ok BeginMS:8 EndMS:12 DurationMS:4 Check:clean_consistency Detail:{Reason: Field: Target:-1 Actual:-1 Limit:-1 Start:-1 End:-1 ExpectedType: ActualType:}} {Stage:candidate_decode State:ok BeginMS:8 EndMS:11 DurationMS:3 Check:hint_size Detail:{Reason: Field: Target:-1 Actual:-1 Limit:-1 Start:-1 End:-1 ExpectedType: ActualType:}} {Stage:content_validate State:ok BeginMS:12 EndMS:16 DurationMS:4 Check:context Detail:{Reason: Field: Target:-1 Actual:-1 Limit:-1 Start:-1 End:-1 ExpectedType: ActualType:}} {Stage:draft_commit State:ok BeginMS:16 EndMS:19 DurationMS:3 Check:transaction_commit Detail:{Reason: Field: Target:-1 Actual:-1 Limit:-1 Start:-1 End:-1 ExpectedType: ActualType:}} {Stage:settlement State:not_run BeginMS:-1 EndMS:-1 DurationMS:-1 Check: Detail:{Reason: Field: Target:-1 Actual:-1 Limit:-1 Start:-1 End:-1 ExpectedType: ActualType:}} {Stage:delivery State:ok BeginMS:7 EndMS:19 DurationMS:12 Check: Detail:{Reason: Field: Target:-1 Actual:-1 Limit:-1 Start:-1 End:-1 ExpectedType: ActualType:}} {Stage:continuation State:not_run BeginMS:-1 EndMS:-1 DurationMS:-1 Check: Detail:{Reason: Field: Target:-1 Actual:-1 Limit:-1 Start:-1 End:-1 ExpectedType: ActualType:}}] FirstFailure:<nil> Outcome:valid Refunded:false Pending:false}"
2026/09/22 10:16:45 INFO http_request request_id=req_bLS7HwM7y0baCJmZQ9dWrw method=POST route=/api/v1/generations/{run_id}/save status=201 duration_ms=7
2026/09/22 10:16:45 INFO http_request request_id=req_qRfFJHZUIB65vlD0KUw8EQ method=POST route=/api/v1/me/review-sessions status=201 duration_ms=5
2026/09/22 10:16:45 INFO http_request request_id=req_mPatw3CBOuj-XoYTYvA-sQ method=DELETE route=/api/v1/me/batches/{batch_id} status=204 duration_ms=2
=== RUN   TestNoContentConsumersEnforcePrivateNoStoreResponse/administrator_password_reset
2026/09/22 10:16:46 INFO http_request request_id=req_5otRCjdFogR1gGLxyHF3IA method=PUT route=/api/v1/admin/users/{user_id}/password status=204 duration_ms=742
2026/09/22 10:16:46 INFO http_request request_id=req_O5Xt_Jrk40kCMLz1EA-DiA method=GET route=/api/v1/bootstrap status=200 duration_ms=0
2026/09/22 10:16:46 INFO http_request request_id=req_DQ6DvDQMsCnvbj72VRhJdQ method=POST route=/api/v1/auth/register status=201 duration_ms=750
=== RUN   TestNoContentConsumersEnforcePrivateNoStoreResponse/account_deletion
2026/09/22 10:16:47 INFO http_request request_id=req_truc0aBvDxzsXay2FBMf2Q method=DELETE route=/api/v1/me/account status=204 duration_ms=752
--- PASS: TestNoContentConsumersEnforcePrivateNoStoreResponse (7.93s)
    --- PASS: TestNoContentConsumersEnforcePrivateNoStoreResponse/logout (0.00s)
    --- PASS: TestNoContentConsumersEnforcePrivateNoStoreResponse/learner_password_change (1.51s)
    --- PASS: TestNoContentConsumersEnforcePrivateNoStoreResponse/generation_discard (0.03s)
    --- PASS: TestNoContentConsumersEnforcePrivateNoStoreResponse/batch_deletion_cascades_its_single-batch_review_session (0.04s)
    --- PASS: TestNoContentConsumersEnforcePrivateNoStoreResponse/administrator_password_reset (0.74s)
    --- PASS: TestNoContentConsumersEnforcePrivateNoStoreResponse/account_deletion (0.75s)
PASS
ok  	wordweave/internal/httpapi	27.247s
