=== RUN   TestClaimedBatchDeletionHTTP
2026/09/23 11:37:54 INFO http_request request_id=req_Vh9PwuCgi7M_TmGpVVUNXA method=GET route=/api/v1/bootstrap status=200 duration_ms=1
2026/09/23 11:37:55 INFO http_request request_id=req_dPpFrRJX-W34qQ9PVYpAog method=POST route=/api/v1/auth/login status=200 duration_ms=830
2026/09/23 11:37:55 INFO http_request request_id=req_bOIxBOLyXhzYWeN0KSTfIg method=POST route=/api/v1/visitor-claims/consume status=201 duration_ms=19
2026/09/23 11:37:55 INFO http_request request_id=req_fRtXG8u_RsU_5J5C4xaFPA method=POST route=/api/v1/visitor-claims/consume status=200 duration_ms=3
2026/09/23 11:37:55 INFO http_request request_id=req_LiBRIFPLbRw3HCjM11onIA method=POST route=/api/v1/me/review-sessions status=201 duration_ms=3
=== RUN   TestClaimedBatchDeletionHTTP/missing_CSRF_cannot_delete
2026/09/23 11:37:55 INFO http_request request_id=req_Q_hQh_PoZTp68zbOuTq_zw method=DELETE route=/api/v1/me/batches/{batch_id} status=403 duration_ms=0
=== RUN   TestClaimedBatchDeletionHTTP/other_account_cannot_delete
2026/09/23 11:37:55 INFO http_request request_id=req_xcmv7XV3n4skBTfITyN24A method=GET route=/api/v1/bootstrap status=200 duration_ms=0
2026/09/23 11:37:56 INFO http_request request_id=req_82Z0ZtMHhctf-dEgV0YtIQ method=POST route=/api/v1/auth/register status=201 duration_ms=791
2026/09/23 11:37:56 INFO http_request request_id=req_GiOFc0KtyF7x34k5buO_ug method=DELETE route=/api/v1/me/batches/{batch_id} status=404 duration_ms=2
=== RUN   TestClaimedBatchDeletionHTTP/visitor_cannot_delete
2026/09/23 11:37:56 INFO http_request request_id=req_0BkXHz5j1vg5Ut4pd8Iu7A method=GET route=/api/v1/bootstrap status=200 duration_ms=0
2026/09/23 11:37:56 INFO http_request request_id=req_6O8NIjmNbV9Ptnq4Je0zow method=DELETE route=/api/v1/me/batches/{batch_id} status=401 duration_ms=0
2026/09/23 11:37:56 INFO http_request request_id=req_Qs0pgRkdkbC1dj4pcAhcrQ method=GET route=/api/v1/me/batches/{batch_id} status=200 duration_ms=2
2026/09/23 11:37:56 INFO http_request request_id=req_3gq7ySKCTGqRd6NQAR4KFg method=POST route=/api/v1/visitor-claims/consume status=200 duration_ms=1
2026/09/23 11:37:56 INFO http_request request_id=req_XX5AQzaXuBkiLgaQyfsoOA method=DELETE route=/api/v1/me/batches/{batch_id} status=204 duration_ms=2
2026/09/23 11:37:56 INFO http_request request_id=req_s5wbN-DOGWGARNjGyqtXPg method=GET route=/api/v1/me/batches/{batch_id} status=404 duration_ms=0
2026/09/23 11:37:56 INFO http_request request_id=req_QkGZdp7gH4lP4cNb0ArTlA method=POST route=/api/v1/visitor-claims/consume status=404 duration_ms=1
2026/09/23 11:37:56 INFO http_request request_id=req_xwoEAP4c-aUAaLnIJIak1Q method=POST route=/api/v1/visitor-claims/consume status=404 duration_ms=1
2026/09/23 11:37:56 INFO http_request request_id=req_zvpH12SzrolCjKtuHpzYWw method=DELETE route=/api/v1/me/batches/{batch_id} status=404 duration_ms=2
2026/09/23 11:37:56 INFO http_request request_id=req_A6QFhdFBj3ta89epYTnHww method=GET route=/api/v1/me/batches status=200 duration_ms=1
2026/09/23 11:37:56 INFO http_request request_id=req_VXOtGaU1c7ayTUhxchuD5w method=GET route=/api/v1/me/review-sessions/{session_id} status=404 duration_ms=0
2026/09/23 11:37:56 INFO http_request request_id=req_ukbTPgWDwZ7oON1EJNC4RQ method=POST route=/api/v1/me/review-sessions status=404 duration_ms=1
--- PASS: TestClaimedBatchDeletionHTTP (6.67s)
    --- PASS: TestClaimedBatchDeletionHTTP/missing_CSRF_cannot_delete (0.00s)
    --- PASS: TestClaimedBatchDeletionHTTP/other_account_cannot_delete (0.80s)
    --- PASS: TestClaimedBatchDeletionHTTP/visitor_cannot_delete (0.00s)
=== RUN   TestClaimedBatchDeletionRollback
--- PASS: TestClaimedBatchDeletionRollback (0.82s)
=== RUN   TestClaimedBatchDeletionConcurrency
=== RUN   TestClaimedBatchDeletionConcurrency/delete_wins_before_blocked_claim_replay
=== RUN   TestClaimedBatchDeletionConcurrency/concurrent_deletes_and_claim_replays
--- PASS: TestClaimedBatchDeletionConcurrency (1.06s)
    --- PASS: TestClaimedBatchDeletionConcurrency/delete_wins_before_blocked_claim_replay (0.05s)
    --- PASS: TestClaimedBatchDeletionConcurrency/concurrent_deletes_and_claim_replays (0.15s)
=== RUN   TestClaimedBatchDeletionRetention
--- PASS: TestClaimedBatchDeletionRetention (1.10s)
=== RUN   TestDraftLifecycleWithoutRegistry
=== RUN   TestDraftLifecycleWithoutRegistry/save_retry_concurrent_and_delete
=== RUN   TestDraftLifecycleWithoutRegistry/discard_and_save_cannot_resurrect
=== RUN   TestDraftLifecycleWithoutRegistry/save_versus_discard_serialized
=== RUN   TestDraftLifecycleWithoutRegistry/expired_pending_and_terminal_tokens
=== RUN   TestDraftLifecycleWithoutRegistry/active_never_saves
=== RUN   TestDraftLifecycleWithoutRegistry/provider_failed_never_saves
=== RUN   TestDraftLifecycleWithoutRegistry/server_failed_never_saves
=== RUN   TestDraftLifecycleWithoutRegistry/stream_failed_never_saves
=== RUN   TestDraftLifecycleWithoutRegistry/validation_failed_never_saves
=== RUN   TestDraftLifecycleWithoutRegistry/user_cancelled_never_saves
=== RUN   TestDraftLifecycleWithoutRegistry/visitor_claim_after_restart_and_expired_draft
=== RUN   TestDraftLifecycleWithoutRegistry/cleanup_skips_locked_run_and_later_removes_expired_draft
--- PASS: TestDraftLifecycleWithoutRegistry (1.23s)
    --- PASS: TestDraftLifecycleWithoutRegistry/save_retry_concurrent_and_delete (0.05s)
    --- PASS: TestDraftLifecycleWithoutRegistry/discard_and_save_cannot_resurrect (0.01s)
    --- PASS: TestDraftLifecycleWithoutRegistry/save_versus_discard_serialized (0.06s)
    --- PASS: TestDraftLifecycleWithoutRegistry/expired_pending_and_terminal_tokens (0.02s)
    --- PASS: TestDraftLifecycleWithoutRegistry/active_never_saves (0.00s)
    --- PASS: TestDraftLifecycleWithoutRegistry/provider_failed_never_saves (0.00s)
    --- PASS: TestDraftLifecycleWithoutRegistry/server_failed_never_saves (0.00s)
    --- PASS: TestDraftLifecycleWithoutRegistry/stream_failed_never_saves (0.00s)
    --- PASS: TestDraftLifecycleWithoutRegistry/validation_failed_never_saves (0.00s)
    --- PASS: TestDraftLifecycleWithoutRegistry/user_cancelled_never_saves (0.00s)
    --- PASS: TestDraftLifecycleWithoutRegistry/visitor_claim_after_restart_and_expired_draft (0.04s)
    --- PASS: TestDraftLifecycleWithoutRegistry/cleanup_skips_locked_run_and_later_removes_expired_draft (0.31s)
=== RUN   TestDraftHTTPAcrossProcessRestart
    draft_process_integration_test.go:163: same-version process restart: validated draft unchanged; save 201; second restart retry 200; wrong token 404; one batch and unchanged accounting
--- PASS: TestDraftHTTPAcrossProcessRestart (11.75s)
=== RUN   TestM001EndToEnd
2026/09/23 11:38:13 INFO http_request request_id=req_UBC479kNoWIVDmtUOKKmtg method=GET route=/api/v1/bootstrap status=200 duration_ms=1
2026/09/23 11:38:14 INFO http_request request_id=req_fWmXIjYHIr1mU6-U2GBuKg method=POST route=/api/v1/auth/login status=200 duration_ms=833
2026/09/23 11:38:14 INFO http_request request_id=req_cBKabh0B5bP2_g3PwcVaHw method=GET route=/api/v1/admin/groups status=200 duration_ms=4
2026/09/23 11:38:14 INFO http_request request_id=req_10ZkUhEuSh2oKSq1iLjX6A method=PUT route=/api/v1/admin/openrouter-credential status=200 duration_ms=6
2026/09/23 11:38:14 INFO http_request request_id=req_IjKuAra3QCe4P-CdwmONGw method=POST route=/api/v1/admin/models status=201 duration_ms=2
2026/09/23 11:38:14 INFO http_request request_id=req_MFXn6bpfAGb39tivOdZNYA method=GET route=/api/v1/admin/groups status=200 duration_ms=2
2026/09/23 11:38:14 INFO http_request request_id=req_aOcXf1frqbWHl42MiYiaiw method=POST route=/api/v1/admin/models/{model_id}/enable status=200 duration_ms=8
2026/09/23 11:38:14 INFO http_request request_id=req_WtQm2_LXUHp9GovBj3eMRg method=GET route=/api/v1/admin/groups status=200 duration_ms=2
2026/09/23 11:38:14 INFO http_request request_id=req_5D53EyLhBTab9UTD1-yuqA method=PUT route=/api/v1/admin/groups/{group_code} status=200 duration_ms=5
2026/09/23 11:38:14 INFO http_request request_id=req_g5bIWnRo1jsoScWvgmGk5Q method=GET route=/api/v1/admin/groups status=200 duration_ms=2
2026/09/23 11:38:14 INFO http_request request_id=req_Tbb_tv46C1egZsyIV64pIA method=PUT route=/api/v1/admin/groups/{group_code} status=200 duration_ms=3
2026/09/23 11:38:14 INFO http_request request_id=req_b5Kd-gafzHWogcyvqtYKMg method=GET route=/api/v1/bootstrap status=200 duration_ms=0
2026/09/23 11:38:14 INFO generation_trace event="{RelatedRunID: ActorKind: RequestID:req_8CrNPWXDzqJqK3TCU1f9mQ RunID: ModelID: Sequence:1 ElapsedMS:0 Kind:stage_begin Late:false Fact:{Stage:request State:running BeginMS:0 EndMS:-1 DurationMS:-1 Check: Detail:{Reason: Field: Target:-1 Actual:-1 Limit:-1 Start:-1 End:-1 ExpectedType: ActualType:}} Provider:<nil> Outcome: Refunded:false}"
2026/09/23 11:38:14 INFO generation_trace event="{RelatedRunID: ActorKind: RequestID:req_8CrNPWXDzqJqK3TCU1f9mQ RunID: ModelID: Sequence:2 ElapsedMS:0 Kind:check_begin Late:false Fact:{Stage:request State:running BeginMS:0 EndMS:-1 DurationMS:-1 Check:identity Detail:{Reason: Field: Target:-1 Actual:-1 Limit:-1 Start:-1 End:-1 ExpectedType: ActualType:}} Provider:<nil> Outcome: Refunded:false}"
2026/09/23 11:38:14 INFO generation_trace event="{RelatedRunID: ActorKind:visitor RequestID:req_8CrNPWXDzqJqK3TCU1f9mQ RunID: ModelID: Sequence:3 ElapsedMS:0 Kind:actor_resolved Late:false Fact:{Stage: State: BeginMS:0 EndMS:0 DurationMS:0 Check: Detail:{Reason: Field: Target:0 Actual:0 Limit:0 Start:0 End:0 ExpectedType: ActualType:}} Provider:<nil> Outcome: Refunded:false}"
2026/09/23 11:38:14 INFO generation_trace event="{RelatedRunID: ActorKind: RequestID:req_8CrNPWXDzqJqK3TCU1f9mQ RunID: ModelID: Sequence:4 ElapsedMS:0 Kind:check_end Late:false Fact:{Stage:request State:ok BeginMS:0 EndMS:-1 DurationMS:-1 Check:identity Detail:{Reason: Field: Target:-1 Actual:-1 Limit:-1 Start:-1 End:-1 ExpectedType: ActualType:}} Provider:<nil> Outcome: Refunded:false}"
2026/09/23 11:38:14 INFO generation_trace event="{RelatedRunID: ActorKind: RequestID:req_8CrNPWXDzqJqK3TCU1f9mQ RunID: ModelID: Sequence:5 ElapsedMS:0 Kind:check_begin Late:false Fact:{Stage:request State:running BeginMS:0 EndMS:-1 DurationMS:-1 Check:origin Detail:{Reason: Field: Target:-1 Actual:-1 Limit:-1 Start:-1 End:-1 ExpectedType: ActualType:}} Provider:<nil> Outcome: Refunded:false}"
2026/09/23 11:38:14 INFO generation_trace event="{RelatedRunID: ActorKind: RequestID:req_8CrNPWXDzqJqK3TCU1f9mQ RunID: ModelID: Sequence:6 ElapsedMS:0 Kind:check_end Late:false Fact:{Stage:request State:ok BeginMS:0 EndMS:-1 DurationMS:-1 Check:origin Detail:{Reason: Field: Target:-1 Actual:-1 Limit:-1 Start:-1 End:-1 ExpectedType: ActualType:}} Provider:<nil> Outcome: Refunded:false}"
2026/09/23 11:38:14 INFO generation_trace event="{RelatedRunID: ActorKind: RequestID:req_8CrNPWXDzqJqK3TCU1f9mQ RunID: ModelID: Sequence:7 ElapsedMS:0 Kind:check_begin Late:false Fact:{Stage:request State:running BeginMS:0 EndMS:-1 DurationMS:-1 Check:content_type Detail:{Reason: Field: Target:-1 Actual:-1 Limit:-1 Start:-1 End:-1 ExpectedType: ActualType:}} Provider:<nil> Outcome: Refunded:false}"
2026/09/23 11:38:14 INFO generation_trace event="{RelatedRunID: ActorKind: RequestID:req_8CrNPWXDzqJqK3TCU1f9mQ RunID: ModelID: Sequence:8 ElapsedMS:0 Kind:check_end Late:false Fact:{Stage:request State:ok BeginMS:0 EndMS:-1 DurationMS:-1 Check:content_type Detail:{Reason: Field: Target:-1 Actual:-1 Limit:-1 Start:-1 End:-1 ExpectedType: ActualType:}} Provider:<nil> Outcome: Refunded:false}"
2026/09/23 11:38:14 INFO generation_trace event="{RelatedRunID: ActorKind: RequestID:req_8CrNPWXDzqJqK3TCU1f9mQ RunID: ModelID: Sequence:9 ElapsedMS:0 Kind:check_begin Late:false Fact:{Stage:request State:running BeginMS:0 EndMS:-1 DurationMS:-1 Check:csrf Detail:{Reason: Field: Target:-1 Actual:-1 Limit:-1 Start:-1 End:-1 ExpectedType: ActualType:}} Provider:<nil> Outcome: Refunded:false}"
2026/09/23 11:38:14 INFO generation_trace event="{RelatedRunID: ActorKind: RequestID:req_8CrNPWXDzqJqK3TCU1f9mQ RunID: ModelID: Sequence:10 ElapsedMS:0 Kind:check_end Late:false Fact:{Stage:request State:ok BeginMS:0 EndMS:-1 DurationMS:-1 Check:csrf Detail:{Reason: Field: Target:-1 Actual:-1 Limit:-1 Start:-1 End:-1 ExpectedType: ActualType:}} Provider:<nil> Outcome: Refunded:false}"
2026/09/23 11:38:14 INFO generation_trace event="{RelatedRunID: ActorKind: RequestID:req_8CrNPWXDzqJqK3TCU1f9mQ RunID: ModelID: Sequence:11 ElapsedMS:1 Kind:check_begin Late:false Fact:{Stage:request State:running BeginMS:0 EndMS:-1 DurationMS:-1 Check:body Detail:{Reason: Field: Target:-1 Actual:-1 Limit:-1 Start:-1 End:-1 ExpectedType: ActualType:}} Provider:<nil> Outcome: Refunded:false}"
2026/09/23 11:38:14 INFO generation_trace event="{RelatedRunID: ActorKind: RequestID:req_8CrNPWXDzqJqK3TCU1f9mQ RunID: ModelID: Sequence:12 ElapsedMS:1 Kind:stage_begin Late:false Fact:{Stage:preflight State:running BeginMS:1 EndMS:-1 DurationMS:-1 Check: Detail:{Reason: Field: Target:-1 Actual:-1 Limit:-1 Start:-1 End:-1 ExpectedType: ActualType:}} Provider:<nil> Outcome: Refunded:false}"
2026/09/23 11:38:14 INFO generation_trace event="{RelatedRunID: ActorKind: RequestID:req_8CrNPWXDzqJqK3TCU1f9mQ RunID: ModelID: Sequence:13 ElapsedMS:1 Kind:check_begin Late:false Fact:{Stage:preflight State:running BeginMS:1 EndMS:-1 DurationMS:-1 Check:input Detail:{Reason: Field: Target:-1 Actual:-1 Limit:-1 Start:-1 End:-1 ExpectedType: ActualType:}} Provider:<nil> Outcome: Refunded:false}"
2026/09/23 11:38:14 INFO generation_trace event="{RelatedRunID: ActorKind: RequestID:req_8CrNPWXDzqJqK3TCU1f9mQ RunID: ModelID: Sequence:14 ElapsedMS:1 Kind:check_end Late:false Fact:{Stage:preflight State:ok BeginMS:1 EndMS:-1 DurationMS:-1 Check:input Detail:{Reason: Field: Target:-1 Actual:-1 Limit:-1 Start:-1 End:-1 ExpectedType: ActualType:}} Provider:<nil> Outcome: Refunded:false}"
2026/09/23 11:38:14 INFO generation_trace event="{RelatedRunID: ActorKind: RequestID:req_8CrNPWXDzqJqK3TCU1f9mQ RunID: ModelID: Sequence:15 ElapsedMS:1 Kind:check_begin Late:false Fact:{Stage:preflight State:running BeginMS:1 EndMS:-1 DurationMS:-1 Check:transaction_begin Detail:{Reason: Field: Target:-1 Actual:-1 Limit:-1 Start:-1 End:-1 ExpectedType: ActualType:}} Provider:<nil> Outcome: Refunded:false}"
2026/09/23 11:38:14 INFO generation_trace event="{RelatedRunID: ActorKind: RequestID:req_8CrNPWXDzqJqK3TCU1f9mQ RunID: ModelID: Sequence:16 ElapsedMS:1 Kind:check_end Late:false Fact:{Stage:preflight State:ok BeginMS:1 EndMS:-1 DurationMS:-1 Check:transaction_begin Detail:{Reason: Field: Target:-1 Actual:-1 Limit:-1 Start:-1 End:-1 ExpectedType: ActualType:}} Provider:<nil> Outcome: Refunded:false}"
2026/09/23 11:38:14 INFO generation_trace event="{RelatedRunID: ActorKind: RequestID:req_8CrNPWXDzqJqK3TCU1f9mQ RunID: ModelID: Sequence:17 ElapsedMS:1 Kind:check_begin Late:false Fact:{Stage:preflight State:running BeginMS:1 EndMS:-1 DurationMS:-1 Check:credentials Detail:{Reason: Field: Target:-1 Actual:-1 Limit:-1 Start:-1 End:-1 ExpectedType: ActualType:}} Provider:<nil> Outcome: Refunded:false}"
2026/09/23 11:38:14 INFO generation_trace event="{RelatedRunID: ActorKind: RequestID:req_8CrNPWXDzqJqK3TCU1f9mQ RunID: ModelID: Sequence:18 ElapsedMS:5 Kind:check_end Late:false Fact:{Stage:preflight State:ok BeginMS:1 EndMS:-1 DurationMS:-1 Check:credentials Detail:{Reason: Field: Target:-1 Actual:-1 Limit:-1 Start:-1 End:-1 ExpectedType: ActualType:}} Provider:<nil> Outcome: Refunded:false}"
2026/09/23 11:38:14 INFO generation_trace event="{RelatedRunID: ActorKind: RequestID:req_8CrNPWXDzqJqK3TCU1f9mQ RunID: ModelID: Sequence:19 ElapsedMS:5 Kind:check_begin Late:false Fact:{Stage:preflight State:running BeginMS:1 EndMS:-1 DurationMS:-1 Check:actor_lock Detail:{Reason: Field: Target:-1 Actual:-1 Limit:-1 Start:-1 End:-1 ExpectedType: ActualType:}} Provider:<nil> Outcome: Refunded:false}"
2026/09/23 11:38:14 INFO generation_trace event="{RelatedRunID: ActorKind: RequestID:req_8CrNPWXDzqJqK3TCU1f9mQ RunID: ModelID: Sequence:20 ElapsedMS:5 Kind:check_end Late:false Fact:{Stage:preflight State:ok BeginMS:1 EndMS:-1 DurationMS:-1 Check:actor_lock Detail:{Reason: Field: Target:-1 Actual:-1 Limit:-1 Start:-1 End:-1 ExpectedType: ActualType:}} Provider:<nil> Outcome: Refunded:false}"
2026/09/23 11:38:14 INFO generation_trace event="{RelatedRunID: ActorKind: RequestID:req_8CrNPWXDzqJqK3TCU1f9mQ RunID: ModelID: Sequence:21 ElapsedMS:5 Kind:check_begin Late:false Fact:{Stage:preflight State:running BeginMS:1 EndMS:-1 DurationMS:-1 Check:group_policy Detail:{Reason: Field: Target:-1 Actual:-1 Limit:-1 Start:-1 End:-1 ExpectedType: ActualType:}} Provider:<nil> Outcome: Refunded:false}"
2026/09/23 11:38:14 INFO generation_trace event="{RelatedRunID: ActorKind: RequestID:req_8CrNPWXDzqJqK3TCU1f9mQ RunID: ModelID: Sequence:22 ElapsedMS:6 Kind:check_end Late:false Fact:{Stage:preflight State:ok BeginMS:1 EndMS:-1 DurationMS:-1 Check:group_policy Detail:{Reason: Field: Target:-1 Actual:-1 Limit:-1 Start:-1 End:-1 ExpectedType: ActualType:}} Provider:<nil> Outcome: Refunded:false}"
2026/09/23 11:38:14 INFO generation_trace event="{RelatedRunID: ActorKind: RequestID:req_8CrNPWXDzqJqK3TCU1f9mQ RunID: ModelID: Sequence:23 ElapsedMS:6 Kind:check_begin Late:false Fact:{Stage:preflight State:running BeginMS:1 EndMS:-1 DurationMS:-1 Check:model_assignment Detail:{Reason: Field: Target:-1 Actual:-1 Limit:-1 Start:-1 End:-1 ExpectedType: ActualType:}} Provider:<nil> Outcome: Refunded:false}"
2026/09/23 11:38:14 INFO generation_trace event="{RelatedRunID: ActorKind: RequestID:req_8CrNPWXDzqJqK3TCU1f9mQ RunID: ModelID: Sequence:24 ElapsedMS:7 Kind:check_end Late:false Fact:{Stage:preflight State:ok BeginMS:1 EndMS:-1 DurationMS:-1 Check:model_assignment Detail:{Reason: Field: Target:-1 Actual:-1 Limit:-1 Start:-1 End:-1 ExpectedType: ActualType:}} Provider:<nil> Outcome: Refunded:false}"
2026/09/23 11:38:14 INFO generation_trace event="{RelatedRunID: ActorKind: RequestID:req_8CrNPWXDzqJqK3TCU1f9mQ RunID: ModelID: Sequence:25 ElapsedMS:7 Kind:check_begin Late:false Fact:{Stage:preflight State:running BeginMS:1 EndMS:-1 DurationMS:-1 Check:length_assignment Detail:{Reason: Field: Target:-1 Actual:-1 Limit:-1 Start:-1 End:-1 ExpectedType: ActualType:}} Provider:<nil> Outcome: Refunded:false}"
2026/09/23 11:38:14 INFO generation_trace event="{RelatedRunID: ActorKind: RequestID:req_8CrNPWXDzqJqK3TCU1f9mQ RunID: ModelID: Sequence:26 ElapsedMS:7 Kind:check_end Late:false Fact:{Stage:preflight State:ok BeginMS:1 EndMS:-1 DurationMS:-1 Check:length_assignment Detail:{Reason: Field: Target:-1 Actual:-1 Limit:-1 Start:-1 End:-1 ExpectedType: ActualType:}} Provider:<nil> Outcome: Refunded:false}"
2026/09/23 11:38:14 INFO generation_trace event="{RelatedRunID: ActorKind: RequestID:req_8CrNPWXDzqJqK3TCU1f9mQ RunID: ModelID: Sequence:27 ElapsedMS:7 Kind:check_begin Late:false Fact:{Stage:preflight State:running BeginMS:1 EndMS:-1 DurationMS:-1 Check:vocabulary Detail:{Reason: Field: Target:-1 Actual:-1 Limit:-1 Start:-1 End:-1 ExpectedType: ActualType:}} Provider:<nil> Outcome: Refunded:false}"
2026/09/23 11:38:14 INFO generation_trace event="{RelatedRunID: ActorKind: RequestID:req_8CrNPWXDzqJqK3TCU1f9mQ RunID: ModelID: Sequence:28 ElapsedMS:8 Kind:check_end Late:false Fact:{Stage:preflight State:ok BeginMS:1 EndMS:-1 DurationMS:-1 Check:vocabulary Detail:{Reason: Field: Target:-1 Actual:-1 Limit:-1 Start:-1 End:-1 ExpectedType: ActualType:}} Provider:<nil> Outcome: Refunded:false}"
2026/09/23 11:38:14 INFO generation_trace event="{RelatedRunID: ActorKind: RequestID:req_8CrNPWXDzqJqK3TCU1f9mQ RunID: ModelID: Sequence:29 ElapsedMS:8 Kind:check_begin Late:false Fact:{Stage:preflight State:running BeginMS:1 EndMS:-1 DurationMS:-1 Check:quota Detail:{Reason: Field: Target:-1 Actual:-1 Limit:-1 Start:-1 End:-1 ExpectedType: ActualType:}} Provider:<nil> Outcome: Refunded:false}"
2026/09/23 11:38:14 INFO generation_trace event="{RelatedRunID: ActorKind: RequestID:req_8CrNPWXDzqJqK3TCU1f9mQ RunID: ModelID: Sequence:30 ElapsedMS:8 Kind:check_end Late:false Fact:{Stage:preflight State:ok BeginMS:1 EndMS:-1 DurationMS:-1 Check:quota Detail:{Reason: Field: Target:-1 Actual:-1 Limit:-1 Start:-1 End:-1 ExpectedType: ActualType:}} Provider:<nil> Outcome: Refunded:false}"
2026/09/23 11:38:14 INFO generation_trace event="{RelatedRunID: ActorKind: RequestID:req_8CrNPWXDzqJqK3TCU1f9mQ RunID: ModelID: Sequence:31 ElapsedMS:8 Kind:check_begin Late:false Fact:{Stage:preflight State:running BeginMS:1 EndMS:-1 DurationMS:-1 Check:reserve Detail:{Reason: Field: Target:-1 Actual:-1 Limit:-1 Start:-1 End:-1 ExpectedType: ActualType:}} Provider:<nil> Outcome: Refunded:false}"
2026/09/23 11:38:14 INFO generation_trace event="{RelatedRunID: ActorKind: RequestID:req_8CrNPWXDzqJqK3TCU1f9mQ RunID: ModelID: Sequence:32 ElapsedMS:11 Kind:check_end Late:false Fact:{Stage:preflight State:ok BeginMS:1 EndMS:-1 DurationMS:-1 Check:reserve Detail:{Reason: Field: Target:-1 Actual:-1 Limit:-1 Start:-1 End:-1 ExpectedType: ActualType:}} Provider:<nil> Outcome: Refunded:false}"
2026/09/23 11:38:14 INFO generation_trace event="{RelatedRunID: ActorKind: RequestID:req_8CrNPWXDzqJqK3TCU1f9mQ RunID: ModelID: Sequence:33 ElapsedMS:11 Kind:check_begin Late:false Fact:{Stage:preflight State:running BeginMS:1 EndMS:-1 DurationMS:-1 Check:entries Detail:{Reason: Field: Target:-1 Actual:-1 Limit:-1 Start:-1 End:-1 ExpectedType: ActualType:}} Provider:<nil> Outcome: Refunded:false}"
2026/09/23 11:38:14 INFO generation_trace event="{RelatedRunID: ActorKind: RequestID:req_8CrNPWXDzqJqK3TCU1f9mQ RunID: ModelID: Sequence:34 ElapsedMS:11 Kind:check_end Late:false Fact:{Stage:preflight State:ok BeginMS:1 EndMS:-1 DurationMS:-1 Check:entries Detail:{Reason: Field: Target:-1 Actual:-1 Limit:-1 Start:-1 End:-1 ExpectedType: ActualType:}} Provider:<nil> Outcome: Refunded:false}"
2026/09/23 11:38:14 INFO generation_trace event="{RelatedRunID: ActorKind: RequestID:req_8CrNPWXDzqJqK3TCU1f9mQ RunID: ModelID: Sequence:35 ElapsedMS:11 Kind:check_begin Late:false Fact:{Stage:preflight State:running BeginMS:1 EndMS:-1 DurationMS:-1 Check:token Detail:{Reason: Field: Target:-1 Actual:-1 Limit:-1 Start:-1 End:-1 ExpectedType: ActualType:}} Provider:<nil> Outcome: Refunded:false}"
2026/09/23 11:38:14 INFO generation_trace event="{RelatedRunID: ActorKind: RequestID:req_8CrNPWXDzqJqK3TCU1f9mQ RunID: ModelID: Sequence:36 ElapsedMS:12 Kind:check_end Late:false Fact:{Stage:preflight State:ok BeginMS:1 EndMS:-1 DurationMS:-1 Check:token Detail:{Reason: Field: Target:-1 Actual:-1 Limit:-1 Start:-1 End:-1 ExpectedType: ActualType:}} Provider:<nil> Outcome: Refunded:false}"
2026/09/23 11:38:14 INFO generation_trace event="{RelatedRunID: ActorKind: RequestID:req_8CrNPWXDzqJqK3TCU1f9mQ RunID: ModelID: Sequence:37 ElapsedMS:12 Kind:check_begin Late:false Fact:{Stage:preflight State:running BeginMS:1 EndMS:-1 DurationMS:-1 Check:transaction_commit Detail:{Reason: Field: Target:-1 Actual:-1 Limit:-1 Start:-1 End:-1 ExpectedType: ActualType:}} Provider:<nil> Outcome: Refunded:false}"
2026/09/23 11:38:14 INFO generation_trace event="{RelatedRunID: ActorKind: RequestID:req_8CrNPWXDzqJqK3TCU1f9mQ RunID:01a0cc57-b2e4-7516-b08e-a23bebc9677e ModelID:01a0cc57-b2bd-70b3-8fc9-0ade433c396a Sequence:38 ElapsedMS:12 Kind:run_bound Late:false Fact:{Stage: State: BeginMS:0 EndMS:0 DurationMS:0 Check: Detail:{Reason: Field: Target:0 Actual:0 Limit:0 Start:0 End:0 ExpectedType: ActualType:}} Provider:<nil> Outcome: Refunded:false}"
2026/09/23 11:38:14 INFO generation_trace event="{RelatedRunID: ActorKind: RequestID:req_8CrNPWXDzqJqK3TCU1f9mQ RunID:01a0cc57-b2e4-7516-b08e-a23bebc9677e ModelID:01a0cc57-b2bd-70b3-8fc9-0ade433c396a Sequence:39 ElapsedMS:12 Kind:check_end Late:false Fact:{Stage:preflight State:ok BeginMS:1 EndMS:12 DurationMS:11 Check:transaction_commit Detail:{Reason: Field: Target:-1 Actual:-1 Limit:-1 Start:-1 End:-1 ExpectedType: ActualType:}} Provider:<nil> Outcome: Refunded:false}"
2026/09/23 11:38:14 INFO generation_trace event="{RelatedRunID: ActorKind: RequestID:req_8CrNPWXDzqJqK3TCU1f9mQ RunID:01a0cc57-b2e4-7516-b08e-a23bebc9677e ModelID:01a0cc57-b2bd-70b3-8fc9-0ade433c396a Sequence:40 ElapsedMS:12 Kind:stage_end Late:false Fact:{Stage:preflight State:ok BeginMS:1 EndMS:12 DurationMS:11 Check:transaction_commit Detail:{Reason: Field: Target:-1 Actual:-1 Limit:-1 Start:-1 End:-1 ExpectedType: ActualType:}} Provider:<nil> Outcome: Refunded:false}"
2026/09/23 11:38:14 INFO generation_trace event="{RelatedRunID: ActorKind: RequestID:req_8CrNPWXDzqJqK3TCU1f9mQ RunID:01a0cc57-b2e4-7516-b08e-a23bebc9677e ModelID:01a0cc57-b2bd-70b3-8fc9-0ade433c396a Sequence:41 ElapsedMS:12 Kind:stage_begin Late:false Fact:{Stage:provider_open State:running BeginMS:12 EndMS:-1 DurationMS:-1 Check: Detail:{Reason: Field: Target:-1 Actual:-1 Limit:-1 Start:-1 End:-1 ExpectedType: ActualType:}} Provider:<nil> Outcome: Refunded:false}"
2026/09/23 11:38:14 INFO generation_trace event="{RelatedRunID: ActorKind: RequestID:req_8CrNPWXDzqJqK3TCU1f9mQ RunID:01a0cc57-b2e4-7516-b08e-a23bebc9677e ModelID:01a0cc57-b2bd-70b3-8fc9-0ade433c396a Sequence:42 ElapsedMS:12 Kind:check_begin Late:false Fact:{Stage:provider_open State:running BeginMS:12 EndMS:-1 DurationMS:-1 Check:credentials Detail:{Reason: Field: Target:-1 Actual:-1 Limit:-1 Start:-1 End:-1 ExpectedType: ActualType:}} Provider:<nil> Outcome: Refunded:false}"
2026/09/23 11:38:14 INFO generation_trace event="{RelatedRunID: ActorKind: RequestID:req_8CrNPWXDzqJqK3TCU1f9mQ RunID:01a0cc57-b2e4-7516-b08e-a23bebc9677e ModelID:01a0cc57-b2bd-70b3-8fc9-0ade433c396a Sequence:43 ElapsedMS:12 Kind:check_end Late:false Fact:{Stage:provider_open State:ok BeginMS:12 EndMS:-1 DurationMS:-1 Check:credentials Detail:{Reason: Field: Target:-1 Actual:-1 Limit:-1 Start:-1 End:-1 ExpectedType: ActualType:}} Provider:<nil> Outcome: Refunded:false}"
2026/09/23 11:38:14 INFO generation_trace event="{RelatedRunID: ActorKind: RequestID:req_8CrNPWXDzqJqK3TCU1f9mQ RunID:01a0cc57-b2e4-7516-b08e-a23bebc9677e ModelID:01a0cc57-b2bd-70b3-8fc9-0ade433c396a Sequence:44 ElapsedMS:13 Kind:check_begin Late:false Fact:{Stage:provider_open State:running BeginMS:12 EndMS:-1 DurationMS:-1 Check:request_encode Detail:{Reason: Field: Target:-1 Actual:-1 Limit:-1 Start:-1 End:-1 ExpectedType: ActualType:}} Provider:<nil> Outcome: Refunded:false}"
2026/09/23 11:38:14 INFO generation_trace event="{RelatedRunID: ActorKind: RequestID:req_8CrNPWXDzqJqK3TCU1f9mQ RunID:01a0cc57-b2e4-7516-b08e-a23bebc9677e ModelID:01a0cc57-b2bd-70b3-8fc9-0ade433c396a Sequence:45 ElapsedMS:13 Kind:check_end Late:false Fact:{Stage:provider_open State:ok BeginMS:12 EndMS:-1 DurationMS:-1 Check:request_encode Detail:{Reason: Field: Target:-1 Actual:-1 Limit:-1 Start:-1 End:-1 ExpectedType: ActualType:}} Provider:<nil> Outcome: Refunded:false}"
2026/09/23 11:38:14 INFO generation_trace event="{RelatedRunID: ActorKind: RequestID:req_8CrNPWXDzqJqK3TCU1f9mQ RunID:01a0cc57-b2e4-7516-b08e-a23bebc9677e ModelID:01a0cc57-b2bd-70b3-8fc9-0ade433c396a Sequence:46 ElapsedMS:13 Kind:check_begin Late:false Fact:{Stage:provider_open State:running BeginMS:12 EndMS:-1 DurationMS:-1 Check:request_create Detail:{Reason: Field: Target:-1 Actual:-1 Limit:-1 Start:-1 End:-1 ExpectedType: ActualType:}} Provider:<nil> Outcome: Refunded:false}"
2026/09/23 11:38:14 INFO generation_trace event="{RelatedRunID: ActorKind: RequestID:req_8CrNPWXDzqJqK3TCU1f9mQ RunID:01a0cc57-b2e4-7516-b08e-a23bebc9677e ModelID:01a0cc57-b2bd-70b3-8fc9-0ade433c396a Sequence:47 ElapsedMS:13 Kind:check_end Late:false Fact:{Stage:provider_open State:ok BeginMS:12 EndMS:-1 DurationMS:-1 Check:request_create Detail:{Reason: Field: Target:-1 Actual:-1 Limit:-1 Start:-1 End:-1 ExpectedType: ActualType:}} Provider:<nil> Outcome: Refunded:false}"
2026/09/23 11:38:14 INFO generation_trace event="{RelatedRunID: ActorKind: RequestID:req_8CrNPWXDzqJqK3TCU1f9mQ RunID:01a0cc57-b2e4-7516-b08e-a23bebc9677e ModelID:01a0cc57-b2bd-70b3-8fc9-0ade433c396a Sequence:48 ElapsedMS:13 Kind:check_begin Late:false Fact:{Stage:provider_open State:running BeginMS:12 EndMS:-1 DurationMS:-1 Check:request_send Detail:{Reason: Field: Target:-1 Actual:-1 Limit:-1 Start:-1 End:-1 ExpectedType: ActualType:}} Provider:<nil> Outcome: Refunded:false}"
2026/09/23 11:38:14 INFO generation_trace event="{RelatedRunID: ActorKind: RequestID:req_8CrNPWXDzqJqK3TCU1f9mQ RunID:01a0cc57-b2e4-7516-b08e-a23bebc9677e ModelID:01a0cc57-b2bd-70b3-8fc9-0ade433c396a Sequence:49 ElapsedMS:16 Kind:check_end Late:false Fact:{Stage:provider_open State:ok BeginMS:12 EndMS:-1 DurationMS:-1 Check:request_send Detail:{Reason: Field: Target:-1 Actual:-1 Limit:-1 Start:-1 End:-1 ExpectedType: ActualType:}} Provider:<nil> Outcome: Refunded:false}"
2026/09/23 11:38:14 INFO generation_trace event="{RelatedRunID: ActorKind: RequestID:req_8CrNPWXDzqJqK3TCU1f9mQ RunID:01a0cc57-b2e4-7516-b08e-a23bebc9677e ModelID:01a0cc57-b2bd-70b3-8fc9-0ade433c396a Sequence:50 ElapsedMS:16 Kind:check_begin Late:false Fact:{Stage:provider_open State:running BeginMS:12 EndMS:-1 DurationMS:-1 Check:response_headers Detail:{Reason: Field: Target:-1 Actual:-1 Limit:-1 Start:-1 End:-1 ExpectedType: ActualType:}} Provider:<nil> Outcome: Refunded:false}"
2026/09/23 11:38:14 INFO generation_trace event="{RelatedRunID: ActorKind: RequestID:req_8CrNPWXDzqJqK3TCU1f9mQ RunID:01a0cc57-b2e4-7516-b08e-a23bebc9677e ModelID:01a0cc57-b2bd-70b3-8fc9-0ade433c396a Sequence:51 ElapsedMS:16 Kind:provider Late:false Fact:{Stage:provider_open State:running BeginMS:12 EndMS:-1 DurationMS:-1 Check:response_headers Detail:{Reason: Field: Target:-1 Actual:-1 Limit:-1 Start:-1 End:-1 ExpectedType: ActualType:}} Provider:0xc0009c7cc0 Outcome: Refunded:false}"
2026/09/23 11:38:14 INFO generation_trace event="{RelatedRunID: ActorKind: RequestID:req_8CrNPWXDzqJqK3TCU1f9mQ RunID:01a0cc57-b2e4-7516-b08e-a23bebc9677e ModelID:01a0cc57-b2bd-70b3-8fc9-0ade433c396a Sequence:52 ElapsedMS:16 Kind:check_end Late:false Fact:{Stage:provider_open State:ok BeginMS:12 EndMS:16 DurationMS:4 Check:response_headers Detail:{Reason: Field: Target:-1 Actual:-1 Limit:-1 Start:-1 End:-1 ExpectedType: ActualType:}} Provider:<nil> Outcome: Refunded:false}"
2026/09/23 11:38:14 INFO generation_trace event="{RelatedRunID: ActorKind: RequestID:req_8CrNPWXDzqJqK3TCU1f9mQ RunID:01a0cc57-b2e4-7516-b08e-a23bebc9677e ModelID:01a0cc57-b2bd-70b3-8fc9-0ade433c396a Sequence:53 ElapsedMS:16 Kind:stage_end Late:false Fact:{Stage:provider_open State:ok BeginMS:12 EndMS:16 DurationMS:4 Check:response_headers Detail:{Reason: Field: Target:-1 Actual:-1 Limit:-1 Start:-1 End:-1 ExpectedType: ActualType:}} Provider:<nil> Outcome: Refunded:false}"
2026/09/23 11:38:14 INFO generation_trace event="{RelatedRunID: ActorKind: RequestID:req_8CrNPWXDzqJqK3TCU1f9mQ RunID:01a0cc57-b2e4-7516-b08e-a23bebc9677e ModelID:01a0cc57-b2bd-70b3-8fc9-0ade433c396a Sequence:54 ElapsedMS:16 Kind:stage_begin Late:false Fact:{Stage:delivery State:running BeginMS:16 EndMS:-1 DurationMS:-1 Check: Detail:{Reason: Field: Target:-1 Actual:-1 Limit:-1 Start:-1 End:-1 ExpectedType: ActualType:}} Provider:<nil> Outcome: Refunded:false}"
2026/09/23 11:38:14 INFO generation_trace event="{RelatedRunID: ActorKind: RequestID:req_8CrNPWXDzqJqK3TCU1f9mQ RunID:01a0cc57-b2e4-7516-b08e-a23bebc9677e ModelID:01a0cc57-b2bd-70b3-8fc9-0ade433c396a Sequence:55 ElapsedMS:16 Kind:fact Late:false Fact:{Stage:delivery State:running BeginMS:16 EndMS:-1 DurationMS:-1 Check:started Detail:{Reason: Field: Target:-1 Actual:192 Limit:-1 Start:-1 End:-1 ExpectedType: ActualType:}} Provider:<nil> Outcome: Refunded:false}"
2026/09/23 11:38:14 INFO generation_trace event="{RelatedRunID: ActorKind: RequestID:req_8CrNPWXDzqJqK3TCU1f9mQ RunID:01a0cc57-b2e4-7516-b08e-a23bebc9677e ModelID:01a0cc57-b2bd-70b3-8fc9-0ade433c396a Sequence:56 ElapsedMS:16 Kind:stage_begin Late:false Fact:{Stage:provider_stream State:running BeginMS:16 EndMS:-1 DurationMS:-1 Check: Detail:{Reason: Field: Target:-1 Actual:-1 Limit:-1 Start:-1 End:-1 ExpectedType: ActualType:}} Provider:<nil> Outcome: Refunded:false}"
2026/09/23 11:38:14 INFO generation_trace event="{RelatedRunID: ActorKind: RequestID:req_8CrNPWXDzqJqK3TCU1f9mQ RunID:01a0cc57-b2e4-7516-b08e-a23bebc9677e ModelID:01a0cc57-b2bd-70b3-8fc9-0ade433c396a Sequence:57 ElapsedMS:17 Kind:fact Late:false Fact:{Stage:provider_stream State:running BeginMS:16 EndMS:-1 DurationMS:-1 Check:frame Detail:{Reason: Field: Target:-1 Actual:1 Limit:-1 Start:-1 End:690 ExpectedType: ActualType:}} Provider:<nil> Outcome: Refunded:false}"
2026/09/23 11:38:14 INFO generation_trace event="{RelatedRunID: ActorKind: RequestID:req_8CrNPWXDzqJqK3TCU1f9mQ RunID:01a0cc57-b2e4-7516-b08e-a23bebc9677e ModelID:01a0cc57-b2bd-70b3-8fc9-0ade433c396a Sequence:58 ElapsedMS:17 Kind:provider Late:false Fact:{Stage:provider_stream State:running BeginMS:16 EndMS:-1 DurationMS:-1 Check: Detail:{Reason: Field: Target:-1 Actual:-1 Limit:-1 Start:-1 End:-1 ExpectedType: ActualType:}} Provider:0xc000ac4fa0 Outcome: Refunded:false}"
2026/09/23 11:38:14 INFO generation_trace event="{RelatedRunID: ActorKind: RequestID:req_8CrNPWXDzqJqK3TCU1f9mQ RunID:01a0cc57-b2e4-7516-b08e-a23bebc9677e ModelID:01a0cc57-b2bd-70b3-8fc9-0ade433c396a Sequence:59 ElapsedMS:17 Kind:first_provider_content Late:false Fact:{Stage:provider_stream State:running BeginMS:16 EndMS:-1 DurationMS:-1 Check:content Detail:{Reason: Field: Target:-1 Actual:632 Limit:16777216 Start:0 End:632 ExpectedType: ActualType:}} Provider:<nil> Outcome: Refunded:false}"
2026/09/23 11:38:14 INFO generation_trace event="{RelatedRunID: ActorKind: RequestID:req_8CrNPWXDzqJqK3TCU1f9mQ RunID:01a0cc57-b2e4-7516-b08e-a23bebc9677e ModelID:01a0cc57-b2bd-70b3-8fc9-0ade433c396a Sequence:60 ElapsedMS:17 Kind:fact Late:false Fact:{Stage:provider_stream State:running BeginMS:16 EndMS:-1 DurationMS:-1 Check:content Detail:{Reason: Field: Target:-1 Actual:632 Limit:16777216 Start:0 End:632 ExpectedType: ActualType:}} Provider:<nil> Outcome: Refunded:false}"
2026/09/23 11:38:14 INFO generation_trace event="{RelatedRunID: ActorKind: RequestID:req_8CrNPWXDzqJqK3TCU1f9mQ RunID:01a0cc57-b2e4-7516-b08e-a23bebc9677e ModelID:01a0cc57-b2bd-70b3-8fc9-0ade433c396a Sequence:61 ElapsedMS:17 Kind:stage_begin Late:false Fact:{Stage:passage_decode State:running BeginMS:17 EndMS:-1 DurationMS:-1 Check: Detail:{Reason: Field: Target:-1 Actual:-1 Limit:-1 Start:-1 End:-1 ExpectedType: ActualType:}} Provider:<nil> Outcome: Refunded:false}"
2026/09/23 11:38:14 INFO generation_trace event="{RelatedRunID: ActorKind: RequestID:req_8CrNPWXDzqJqK3TCU1f9mQ RunID:01a0cc57-b2e4-7516-b08e-a23bebc9677e ModelID:01a0cc57-b2bd-70b3-8fc9-0ade433c396a Sequence:62 ElapsedMS:17 Kind:stage_end Late:false Fact:{Stage:provider_stream State:ok BeginMS:16 EndMS:17 DurationMS:1 Check: Detail:{Reason: Field: Target:-1 Actual:-1 Limit:-1 Start:-1 End:-1 ExpectedType: ActualType:}} Provider:<nil> Outcome: Refunded:false}"
2026/09/23 11:38:14 INFO generation_trace event="{RelatedRunID: ActorKind: RequestID:req_8CrNPWXDzqJqK3TCU1f9mQ RunID:01a0cc57-b2e4-7516-b08e-a23bebc9677e ModelID:01a0cc57-b2bd-70b3-8fc9-0ade433c396a Sequence:63 ElapsedMS:17 Kind:stage_begin Late:false Fact:{Stage:candidate_decode State:running BeginMS:17 EndMS:-1 DurationMS:-1 Check: Detail:{Reason: Field: Target:-1 Actual:-1 Limit:-1 Start:-1 End:-1 ExpectedType: ActualType:}} Provider:<nil> Outcome: Refunded:false}"
2026/09/23 11:38:14 INFO generation_trace event="{RelatedRunID: ActorKind: RequestID:req_8CrNPWXDzqJqK3TCU1f9mQ RunID:01a0cc57-b2e4-7516-b08e-a23bebc9677e ModelID:01a0cc57-b2bd-70b3-8fc9-0ade433c396a Sequence:64 ElapsedMS:17 Kind:check_begin Late:false Fact:{Stage:candidate_decode State:running BeginMS:17 EndMS:-1 DurationMS:-1 Check:json_schema Detail:{Reason: Field: Target:-1 Actual:-1 Limit:-1 Start:-1 End:-1 ExpectedType: ActualType:}} Provider:<nil> Outcome: Refunded:false}"
2026/09/23 11:38:14 INFO generation_trace event="{RelatedRunID: ActorKind: RequestID:req_8CrNPWXDzqJqK3TCU1f9mQ RunID:01a0cc57-b2e4-7516-b08e-a23bebc9677e ModelID:01a0cc57-b2bd-70b3-8fc9-0ade433c396a Sequence:65 ElapsedMS:17 Kind:check_end Late:false Fact:{Stage:candidate_decode State:ok BeginMS:17 EndMS:-1 DurationMS:-1 Check:json_schema Detail:{Reason: Field: Target:-1 Actual:-1 Limit:-1 Start:-1 End:-1 ExpectedType: ActualType:}} Provider:<nil> Outcome: Refunded:false}"
2026/09/23 11:38:14 INFO generation_trace event="{RelatedRunID: ActorKind: RequestID:req_8CrNPWXDzqJqK3TCU1f9mQ RunID:01a0cc57-b2e4-7516-b08e-a23bebc9677e ModelID:01a0cc57-b2bd-70b3-8fc9-0ade433c396a Sequence:66 ElapsedMS:18 Kind:check_begin Late:false Fact:{Stage:candidate_decode State:running BeginMS:17 EndMS:-1 DurationMS:-1 Check:candidate_bytes Detail:{Reason: Field: Target:-1 Actual:-1 Limit:-1 Start:-1 End:-1 ExpectedType: ActualType:}} Provider:<nil> Outcome: Refunded:false}"
2026/09/23 11:38:14 INFO generation_trace event="{RelatedRunID: ActorKind: RequestID:req_8CrNPWXDzqJqK3TCU1f9mQ RunID:01a0cc57-b2e4-7516-b08e-a23bebc9677e ModelID:01a0cc57-b2bd-70b3-8fc9-0ade433c396a Sequence:67 ElapsedMS:18 Kind:fact Late:false Fact:{Stage:candidate_decode State:running BeginMS:17 EndMS:-1 DurationMS:-1 Check:candidate_bytes Detail:{Reason: Field: Target:-1 Actual:632 Limit:16777216 Start:-1 End:-1 ExpectedType: ActualType:}} Provider:<nil> Outcome: Refunded:false}"
2026/09/23 11:38:14 INFO generation_trace event="{RelatedRunID: ActorKind: RequestID:req_8CrNPWXDzqJqK3TCU1f9mQ RunID:01a0cc57-b2e4-7516-b08e-a23bebc9677e ModelID:01a0cc57-b2bd-70b3-8fc9-0ade433c396a Sequence:68 ElapsedMS:18 Kind:check_end Late:false Fact:{Stage:candidate_decode State:ok BeginMS:17 EndMS:-1 DurationMS:-1 Check:candidate_bytes Detail:{Reason: Field: Target:-1 Actual:-1 Limit:-1 Start:-1 End:-1 ExpectedType: ActualType:}} Provider:<nil> Outcome: Refunded:false}"
2026/09/23 11:38:14 INFO generation_trace event="{RelatedRunID: ActorKind: RequestID:req_8CrNPWXDzqJqK3TCU1f9mQ RunID:01a0cc57-b2e4-7516-b08e-a23bebc9677e ModelID:01a0cc57-b2bd-70b3-8fc9-0ade433c396a Sequence:69 ElapsedMS:18 Kind:check_begin Late:false Fact:{Stage:candidate_decode State:running BeginMS:17 EndMS:-1 DurationMS:-1 Check:candidate_encoding Detail:{Reason: Field: Target:-1 Actual:-1 Limit:-1 Start:-1 End:-1 ExpectedType: ActualType:}} Provider:<nil> Outcome: Refunded:false}"
2026/09/23 11:38:14 INFO generation_trace event="{RelatedRunID: ActorKind: RequestID:req_8CrNPWXDzqJqK3TCU1f9mQ RunID:01a0cc57-b2e4-7516-b08e-a23bebc9677e ModelID:01a0cc57-b2bd-70b3-8fc9-0ade433c396a Sequence:70 ElapsedMS:18 Kind:check_end Late:false Fact:{Stage:candidate_decode State:ok BeginMS:17 EndMS:-1 DurationMS:-1 Check:candidate_encoding Detail:{Reason: Field: Target:-1 Actual:-1 Limit:-1 Start:-1 End:-1 ExpectedType: ActualType:}} Provider:<nil> Outcome: Refunded:false}"
2026/09/23 11:38:14 INFO generation_trace event="{RelatedRunID: ActorKind: RequestID:req_8CrNPWXDzqJqK3TCU1f9mQ RunID:01a0cc57-b2e4-7516-b08e-a23bebc9677e ModelID:01a0cc57-b2bd-70b3-8fc9-0ade433c396a Sequence:71 ElapsedMS:18 Kind:check_begin Late:false Fact:{Stage:candidate_decode State:running BeginMS:17 EndMS:-1 DurationMS:-1 Check:candidate_nonempty Detail:{Reason: Field: Target:-1 Actual:-1 Limit:-1 Start:-1 End:-1 ExpectedType: ActualType:}} Provider:<nil> Outcome: Refunded:false}"
2026/09/23 11:38:14 INFO generation_trace event="{RelatedRunID: ActorKind: RequestID:req_8CrNPWXDzqJqK3TCU1f9mQ RunID:01a0cc57-b2e4-7516-b08e-a23bebc9677e ModelID:01a0cc57-b2bd-70b3-8fc9-0ade433c396a Sequence:72 ElapsedMS:18 Kind:check_end Late:false Fact:{Stage:candidate_decode State:ok BeginMS:17 EndMS:-1 DurationMS:-1 Check:candidate_nonempty Detail:{Reason: Field: Target:-1 Actual:-1 Limit:-1 Start:-1 End:-1 ExpectedType: ActualType:}} Provider:<nil> Outcome: Refunded:false}"
2026/09/23 11:38:14 INFO generation_trace event="{RelatedRunID: ActorKind: RequestID:req_8CrNPWXDzqJqK3TCU1f9mQ RunID:01a0cc57-b2e4-7516-b08e-a23bebc9677e ModelID:01a0cc57-b2bd-70b3-8fc9-0ade433c396a Sequence:73 ElapsedMS:18 Kind:check_begin Late:false Fact:{Stage:candidate_decode State:running BeginMS:17 EndMS:-1 DurationMS:-1 Check:passage_first Detail:{Reason: Field: Target:-1 Actual:-1 Limit:-1 Start:-1 End:-1 ExpectedType: ActualType:}} Provider:<nil> Outcome: Refunded:false}"
2026/09/23 11:38:14 INFO generation_trace event="{RelatedRunID: ActorKind: RequestID:req_8CrNPWXDzqJqK3TCU1f9mQ RunID:01a0cc57-b2e4-7516-b08e-a23bebc9677e ModelID:01a0cc57-b2bd-70b3-8fc9-0ade433c396a Sequence:74 ElapsedMS:18 Kind:check_end Late:false Fact:{Stage:candidate_decode State:ok BeginMS:17 EndMS:-1 DurationMS:-1 Check:passage_first Detail:{Reason: Field: Target:-1 Actual:-1 Limit:-1 Start:-1 End:-1 ExpectedType: ActualType:}} Provider:<nil> Outcome: Refunded:false}"
2026/09/23 11:38:14 INFO generation_trace event="{RelatedRunID: ActorKind: RequestID:req_8CrNPWXDzqJqK3TCU1f9mQ RunID:01a0cc57-b2e4-7516-b08e-a23bebc9677e ModelID:01a0cc57-b2bd-70b3-8fc9-0ade433c396a Sequence:75 ElapsedMS:18 Kind:check_begin Late:false Fact:{Stage:candidate_decode State:running BeginMS:17 EndMS:-1 DurationMS:-1 Check:json_tokens Detail:{Reason: Field: Target:-1 Actual:-1 Limit:-1 Start:-1 End:-1 ExpectedType: ActualType:}} Provider:<nil> Outcome: Refunded:false}"
2026/09/23 11:38:14 INFO generation_trace event="{RelatedRunID: ActorKind: RequestID:req_8CrNPWXDzqJqK3TCU1f9mQ RunID:01a0cc57-b2e4-7516-b08e-a23bebc9677e ModelID:01a0cc57-b2bd-70b3-8fc9-0ade433c396a Sequence:76 ElapsedMS:18 Kind:check_end Late:false Fact:{Stage:candidate_decode State:ok BeginMS:17 EndMS:-1 DurationMS:-1 Check:json_tokens Detail:{Reason: Field: Target:-1 Actual:-1 Limit:-1 Start:-1 End:-1 ExpectedType: ActualType:}} Provider:<nil> Outcome: Refunded:false}"
2026/09/23 11:38:14 INFO generation_trace event="{RelatedRunID: ActorKind: RequestID:req_8CrNPWXDzqJqK3TCU1f9mQ RunID:01a0cc57-b2e4-7516-b08e-a23bebc9677e ModelID:01a0cc57-b2bd-70b3-8fc9-0ade433c396a Sequence:77 ElapsedMS:18 Kind:check_begin Late:false Fact:{Stage:candidate_decode State:running BeginMS:17 EndMS:-1 DurationMS:-1 Check:candidate_keys Detail:{Reason: Field: Target:-1 Actual:-1 Limit:-1 Start:-1 End:-1 ExpectedType: ActualType:}} Provider:<nil> Outcome: Refunded:false}"
2026/09/23 11:38:14 INFO generation_trace event="{RelatedRunID: ActorKind: RequestID:req_8CrNPWXDzqJqK3TCU1f9mQ RunID:01a0cc57-b2e4-7516-b08e-a23bebc9677e ModelID:01a0cc57-b2bd-70b3-8fc9-0ade433c396a Sequence:78 ElapsedMS:18 Kind:first_browser_content Late:false Fact:{Stage:delivery State:running BeginMS:16 EndMS:-1 DurationMS:-1 Check:delta Detail:{Reason: Field: Target:-1 Actual:465 Limit:-1 Start:-1 End:-1 ExpectedType: ActualType:}} Provider:<nil> Outcome: Refunded:false}"
2026/09/23 11:38:14 INFO generation_trace event="{RelatedRunID: ActorKind: RequestID:req_8CrNPWXDzqJqK3TCU1f9mQ RunID:01a0cc57-b2e4-7516-b08e-a23bebc9677e ModelID:01a0cc57-b2bd-70b3-8fc9-0ade433c396a Sequence:79 ElapsedMS:19 Kind:fact Late:false Fact:{Stage:delivery State:running BeginMS:16 EndMS:-1 DurationMS:-1 Check:delta Detail:{Reason: Field: Target:-1 Actual:465 Limit:-1 Start:-1 End:-1 ExpectedType: ActualType:}} Provider:<nil> Outcome: Refunded:false}"
2026/09/23 11:38:14 INFO generation_trace event="{RelatedRunID: ActorKind: RequestID:req_8CrNPWXDzqJqK3TCU1f9mQ RunID:01a0cc57-b2e4-7516-b08e-a23bebc9677e ModelID:01a0cc57-b2bd-70b3-8fc9-0ade433c396a Sequence:80 ElapsedMS:19 Kind:check_end Late:false Fact:{Stage:candidate_decode State:ok BeginMS:17 EndMS:-1 DurationMS:-1 Check:candidate_keys Detail:{Reason: Field: Target:-1 Actual:-1 Limit:-1 Start:-1 End:-1 ExpectedType: ActualType:}} Provider:<nil> Outcome: Refunded:false}"
2026/09/23 11:38:14 INFO generation_trace event="{RelatedRunID: ActorKind: RequestID:req_8CrNPWXDzqJqK3TCU1f9mQ RunID:01a0cc57-b2e4-7516-b08e-a23bebc9677e ModelID:01a0cc57-b2bd-70b3-8fc9-0ade433c396a Sequence:81 ElapsedMS:19 Kind:check_begin Late:false Fact:{Stage:candidate_decode State:running BeginMS:17 EndMS:-1 DurationMS:-1 Check:targets_type Detail:{Reason: Field: Target:-1 Actual:-1 Limit:-1 Start:-1 End:-1 ExpectedType: ActualType:}} Provider:<nil> Outcome: Refunded:false}"
2026/09/23 11:38:14 INFO generation_trace event="{RelatedRunID: ActorKind: RequestID:req_8CrNPWXDzqJqK3TCU1f9mQ RunID:01a0cc57-b2e4-7516-b08e-a23bebc9677e ModelID:01a0cc57-b2bd-70b3-8fc9-0ade433c396a Sequence:82 ElapsedMS:19 Kind:check_end Late:false Fact:{Stage:candidate_decode State:ok BeginMS:17 EndMS:-1 DurationMS:-1 Check:targets_type Detail:{Reason: Field: Target:-1 Actual:-1 Limit:-1 Start:-1 End:-1 ExpectedType: ActualType:}} Provider:<nil> Outcome: Refunded:false}"
2026/09/23 11:38:14 INFO generation_trace event="{RelatedRunID: ActorKind: RequestID:req_8CrNPWXDzqJqK3TCU1f9mQ RunID:01a0cc57-b2e4-7516-b08e-a23bebc9677e ModelID:01a0cc57-b2bd-70b3-8fc9-0ade433c396a Sequence:83 ElapsedMS:19 Kind:check_begin Late:false Fact:{Stage:candidate_decode State:running BeginMS:17 EndMS:-1 DurationMS:-1 Check:target_keys Detail:{Reason: Field: Target:0 Actual:-1 Limit:-1 Start:-1 End:-1 ExpectedType: ActualType:}} Provider:<nil> Outcome: Refunded:false}"
2026/09/23 11:38:14 INFO generation_trace event="{RelatedRunID: ActorKind: RequestID:req_8CrNPWXDzqJqK3TCU1f9mQ RunID:01a0cc57-b2e4-7516-b08e-a23bebc9677e ModelID:01a0cc57-b2bd-70b3-8fc9-0ade433c396a Sequence:84 ElapsedMS:19 Kind:fact Late:false Fact:{Stage:candidate_decode State:running BeginMS:17 EndMS:-1 DurationMS:-1 Check:target_keys Detail:{Reason: Field:targets Target:0 Actual:2 Limit:2 Start:-1 End:-1 ExpectedType: ActualType:}} Provider:<nil> Outcome: Refunded:false}"
2026/09/23 11:38:14 INFO generation_trace event="{RelatedRunID: ActorKind: RequestID:req_8CrNPWXDzqJqK3TCU1f9mQ RunID:01a0cc57-b2e4-7516-b08e-a23bebc9677e ModelID:01a0cc57-b2bd-70b3-8fc9-0ade433c396a Sequence:85 ElapsedMS:19 Kind:check_end Late:false Fact:{Stage:candidate_decode State:ok BeginMS:17 EndMS:-1 DurationMS:-1 Check:target_keys Detail:{Reason: Field: Target:0 Actual:-1 Limit:-1 Start:-1 End:-1 ExpectedType: ActualType:}} Provider:<nil> Outcome: Refunded:false}"
2026/09/23 11:38:14 INFO generation_trace event="{RelatedRunID: ActorKind: RequestID:req_8CrNPWXDzqJqK3TCU1f9mQ RunID:01a0cc57-b2e4-7516-b08e-a23bebc9677e ModelID:01a0cc57-b2bd-70b3-8fc9-0ade433c396a Sequence:86 ElapsedMS:19 Kind:check_begin Late:false Fact:{Stage:candidate_decode State:running BeginMS:17 EndMS:-1 DurationMS:-1 Check:json_decode Detail:{Reason: Field: Target:0 Actual:-1 Limit:-1 Start:-1 End:-1 ExpectedType: ActualType:}} Provider:<nil> Outcome: Refunded:false}"
2026/09/23 11:38:14 INFO generation_trace event="{RelatedRunID: ActorKind: RequestID:req_8CrNPWXDzqJqK3TCU1f9mQ RunID:01a0cc57-b2e4-7516-b08e-a23bebc9677e ModelID:01a0cc57-b2bd-70b3-8fc9-0ade433c396a Sequence:87 ElapsedMS:19 Kind:check_end Late:false Fact:{Stage:candidate_decode State:ok BeginMS:17 EndMS:-1 DurationMS:-1 Check:json_decode Detail:{Reason: Field: Target:0 Actual:-1 Limit:-1 Start:-1 End:-1 ExpectedType: ActualType:}} Provider:<nil> Outcome: Refunded:false}"
2026/09/23 11:38:14 INFO generation_trace event="{RelatedRunID: ActorKind: RequestID:req_8CrNPWXDzqJqK3TCU1f9mQ RunID:01a0cc57-b2e4-7516-b08e-a23bebc9677e ModelID:01a0cc57-b2bd-70b3-8fc9-0ade433c396a Sequence:88 ElapsedMS:19 Kind:check_begin Late:false Fact:{Stage:candidate_decode State:running BeginMS:17 EndMS:-1 DurationMS:-1 Check:json_decode Detail:{Reason: Field: Target:-1 Actual:-1 Limit:-1 Start:-1 End:-1 ExpectedType: ActualType:}} Provider:<nil> Outcome: Refunded:false}"
2026/09/23 11:38:14 INFO generation_trace event="{RelatedRunID: ActorKind: RequestID:req_8CrNPWXDzqJqK3TCU1f9mQ RunID:01a0cc57-b2e4-7516-b08e-a23bebc9677e ModelID:01a0cc57-b2bd-70b3-8fc9-0ade433c396a Sequence:89 ElapsedMS:19 Kind:check_end Late:false Fact:{Stage:candidate_decode State:ok BeginMS:17 EndMS:-1 DurationMS:-1 Check:json_decode Detail:{Reason: Field: Target:-1 Actual:-1 Limit:-1 Start:-1 End:-1 ExpectedType: ActualType:}} Provider:<nil> Outcome: Refunded:false}"
2026/09/23 11:38:14 INFO generation_trace event="{RelatedRunID: ActorKind: RequestID:req_8CrNPWXDzqJqK3TCU1f9mQ RunID:01a0cc57-b2e4-7516-b08e-a23bebc9677e ModelID:01a0cc57-b2bd-70b3-8fc9-0ade433c396a Sequence:90 ElapsedMS:19 Kind:check_begin Late:false Fact:{Stage:candidate_decode State:running BeginMS:17 EndMS:-1 DurationMS:-1 Check:json_tail Detail:{Reason: Field: Target:-1 Actual:-1 Limit:-1 Start:-1 End:-1 ExpectedType: ActualType:}} Provider:<nil> Outcome: Refunded:false}"
2026/09/23 11:38:14 INFO generation_trace event="{RelatedRunID: ActorKind: RequestID:req_8CrNPWXDzqJqK3TCU1f9mQ RunID:01a0cc57-b2e4-7516-b08e-a23bebc9677e ModelID:01a0cc57-b2bd-70b3-8fc9-0ade433c396a Sequence:91 ElapsedMS:19 Kind:check_end Late:false Fact:{Stage:candidate_decode State:ok BeginMS:17 EndMS:-1 DurationMS:-1 Check:json_tail Detail:{Reason: Field: Target:-1 Actual:-1 Limit:-1 Start:-1 End:-1 ExpectedType: ActualType:}} Provider:<nil> Outcome: Refunded:false}"
2026/09/23 11:38:14 INFO generation_trace event="{RelatedRunID: ActorKind: RequestID:req_8CrNPWXDzqJqK3TCU1f9mQ RunID:01a0cc57-b2e4-7516-b08e-a23bebc9677e ModelID:01a0cc57-b2bd-70b3-8fc9-0ade433c396a Sequence:92 ElapsedMS:20 Kind:check_begin Late:false Fact:{Stage:candidate_decode State:running BeginMS:17 EndMS:-1 DurationMS:-1 Check:passage_nonempty Detail:{Reason: Field: Target:-1 Actual:-1 Limit:-1 Start:-1 End:-1 ExpectedType: ActualType:}} Provider:<nil> Outcome: Refunded:false}"
2026/09/23 11:38:14 INFO generation_trace event="{RelatedRunID: ActorKind: RequestID:req_8CrNPWXDzqJqK3TCU1f9mQ RunID:01a0cc57-b2e4-7516-b08e-a23bebc9677e ModelID:01a0cc57-b2bd-70b3-8fc9-0ade433c396a Sequence:93 ElapsedMS:20 Kind:check_end Late:false Fact:{Stage:candidate_decode State:ok BeginMS:17 EndMS:-1 DurationMS:-1 Check:passage_nonempty Detail:{Reason: Field: Target:-1 Actual:-1 Limit:-1 Start:-1 End:-1 ExpectedType: ActualType:}} Provider:<nil> Outcome: Refunded:false}"
2026/09/23 11:38:14 INFO generation_trace event="{RelatedRunID: ActorKind: RequestID:req_8CrNPWXDzqJqK3TCU1f9mQ RunID:01a0cc57-b2e4-7516-b08e-a23bebc9677e ModelID:01a0cc57-b2bd-70b3-8fc9-0ade433c396a Sequence:94 ElapsedMS:20 Kind:check_begin Late:false Fact:{Stage:candidate_decode State:running BeginMS:17 EndMS:-1 DurationMS:-1 Check:tag_count Detail:{Reason: Field: Target:-1 Actual:-1 Limit:-1 Start:-1 End:-1 ExpectedType: ActualType:}} Provider:<nil> Outcome: Refunded:false}"
2026/09/23 11:38:14 INFO generation_trace event="{RelatedRunID: ActorKind: RequestID:req_8CrNPWXDzqJqK3TCU1f9mQ RunID:01a0cc57-b2e4-7516-b08e-a23bebc9677e ModelID:01a0cc57-b2bd-70b3-8fc9-0ade433c396a Sequence:95 ElapsedMS:20 Kind:fact Late:false Fact:{Stage:candidate_decode State:running BeginMS:17 EndMS:-1 DurationMS:-1 Check:tag_count Detail:{Reason: Field:tags Target:-1 Actual:1 Limit:3 Start:-1 End:-1 ExpectedType: ActualType:}} Provider:<nil> Outcome: Refunded:false}"
2026/09/23 11:38:14 INFO generation_trace event="{RelatedRunID: ActorKind: RequestID:req_8CrNPWXDzqJqK3TCU1f9mQ RunID:01a0cc57-b2e4-7516-b08e-a23bebc9677e ModelID:01a0cc57-b2bd-70b3-8fc9-0ade433c396a Sequence:96 ElapsedMS:20 Kind:check_end Late:false Fact:{Stage:candidate_decode State:ok BeginMS:17 EndMS:-1 DurationMS:-1 Check:tag_count Detail:{Reason: Field: Target:-1 Actual:-1 Limit:-1 Start:-1 End:-1 ExpectedType: ActualType:}} Provider:<nil> Outcome: Refunded:false}"
2026/09/23 11:38:14 INFO generation_trace event="{RelatedRunID: ActorKind: RequestID:req_8CrNPWXDzqJqK3TCU1f9mQ RunID:01a0cc57-b2e4-7516-b08e-a23bebc9677e ModelID:01a0cc57-b2bd-70b3-8fc9-0ade433c396a Sequence:97 ElapsedMS:20 Kind:check_begin Late:false Fact:{Stage:candidate_decode State:running BeginMS:17 EndMS:-1 DurationMS:-1 Check:targets_nonnull Detail:{Reason: Field: Target:-1 Actual:-1 Limit:-1 Start:-1 End:-1 ExpectedType: ActualType:}} Provider:<nil> Outcome: Refunded:false}"
2026/09/23 11:38:14 INFO generation_trace event="{RelatedRunID: ActorKind: RequestID:req_8CrNPWXDzqJqK3TCU1f9mQ RunID:01a0cc57-b2e4-7516-b08e-a23bebc9677e ModelID:01a0cc57-b2bd-70b3-8fc9-0ade433c396a Sequence:98 ElapsedMS:20 Kind:check_end Late:false Fact:{Stage:candidate_decode State:ok BeginMS:17 EndMS:-1 DurationMS:-1 Check:targets_nonnull Detail:{Reason: Field: Target:-1 Actual:-1 Limit:-1 Start:-1 End:-1 ExpectedType: ActualType:}} Provider:<nil> Outcome: Refunded:false}"
2026/09/23 11:38:14 INFO generation_trace event="{RelatedRunID: ActorKind: RequestID:req_8CrNPWXDzqJqK3TCU1f9mQ RunID:01a0cc57-b2e4-7516-b08e-a23bebc9677e ModelID:01a0cc57-b2bd-70b3-8fc9-0ade433c396a Sequence:99 ElapsedMS:20 Kind:check_begin Late:false Fact:{Stage:candidate_decode State:running BeginMS:17 EndMS:-1 DurationMS:-1 Check:tag_size Detail:{Reason: Field: Target:-1 Actual:-1 Limit:-1 Start:-1 End:-1 ExpectedType: ActualType:}} Provider:<nil> Outcome: Refunded:false}"
2026/09/23 11:38:14 INFO generation_trace event="{RelatedRunID: ActorKind: RequestID:req_8CrNPWXDzqJqK3TCU1f9mQ RunID:01a0cc57-b2e4-7516-b08e-a23bebc9677e ModelID:01a0cc57-b2bd-70b3-8fc9-0ade433c396a Sequence:100 ElapsedMS:20 Kind:fact Late:false Fact:{Stage:candidate_decode State:running BeginMS:17 EndMS:-1 DurationMS:-1 Check:tag_size Detail:{Reason: Field:tags Target:-1 Actual:5 Limit:100 Start:-1 End:-1 ExpectedType: ActualType:}} Provider:<nil> Outcome: Refunded:false}"
2026/09/23 11:38:14 INFO generation_trace event="{RelatedRunID: ActorKind: RequestID:req_8CrNPWXDzqJqK3TCU1f9mQ RunID:01a0cc57-b2e4-7516-b08e-a23bebc9677e ModelID:01a0cc57-b2bd-70b3-8fc9-0ade433c396a Sequence:101 ElapsedMS:20 Kind:check_end Late:false Fact:{Stage:candidate_decode State:ok BeginMS:17 EndMS:-1 DurationMS:-1 Check:tag_size Detail:{Reason: Field: Target:-1 Actual:-1 Limit:-1 Start:-1 End:-1 ExpectedType: ActualType:}} Provider:<nil> Outcome: Refunded:false}"
2026/09/23 11:38:14 INFO generation_trace event="{RelatedRunID: ActorKind: RequestID:req_8CrNPWXDzqJqK3TCU1f9mQ RunID:01a0cc57-b2e4-7516-b08e-a23bebc9677e ModelID:01a0cc57-b2bd-70b3-8fc9-0ade433c396a Sequence:102 ElapsedMS:20 Kind:check_begin Late:false Fact:{Stage:candidate_decode State:running BeginMS:17 EndMS:-1 DurationMS:-1 Check:source_entry_size Detail:{Reason: Field: Target:0 Actual:-1 Limit:-1 Start:-1 End:-1 ExpectedType: ActualType:}} Provider:<nil> Outcome: Refunded:false}"
2026/09/23 11:38:14 INFO generation_trace event="{RelatedRunID: ActorKind: RequestID:req_8CrNPWXDzqJqK3TCU1f9mQ RunID:01a0cc57-b2e4-7516-b08e-a23bebc9677e ModelID:01a0cc57-b2bd-70b3-8fc9-0ade433c396a Sequence:103 ElapsedMS:20 Kind:fact Late:false Fact:{Stage:candidate_decode State:running BeginMS:17 EndMS:-1 DurationMS:-1 Check:source_entry_size Detail:{Reason: Field:source_entry Target:0 Actual:5 Limit:128 Start:-1 End:-1 ExpectedType: ActualType:}} Provider:<nil> Outcome: Refunded:false}"
2026/09/23 11:38:14 INFO generation_trace event="{RelatedRunID: ActorKind: RequestID:req_8CrNPWXDzqJqK3TCU1f9mQ RunID:01a0cc57-b2e4-7516-b08e-a23bebc9677e ModelID:01a0cc57-b2bd-70b3-8fc9-0ade433c396a Sequence:104 ElapsedMS:20 Kind:check_end Late:false Fact:{Stage:candidate_decode State:ok BeginMS:17 EndMS:-1 DurationMS:-1 Check:source_entry_size Detail:{Reason: Field: Target:0 Actual:-1 Limit:-1 Start:-1 End:-1 ExpectedType: ActualType:}} Provider:<nil> Outcome: Refunded:false}"
2026/09/23 11:38:14 INFO generation_trace event="{RelatedRunID: ActorKind: RequestID:req_8CrNPWXDzqJqK3TCU1f9mQ RunID:01a0cc57-b2e4-7516-b08e-a23bebc9677e ModelID:01a0cc57-b2bd-70b3-8fc9-0ade433c396a Sequence:105 ElapsedMS:20 Kind:check_begin Late:false Fact:{Stage:candidate_decode State:running BeginMS:17 EndMS:-1 DurationMS:-1 Check:meaning_size Detail:{Reason: Field: Target:0 Actual:-1 Limit:-1 Start:-1 End:-1 ExpectedType: ActualType:}} Provider:<nil> Outcome: Refunded:false}"
2026/09/23 11:38:14 INFO generation_trace event="{RelatedRunID: ActorKind: RequestID:req_8CrNPWXDzqJqK3TCU1f9mQ RunID:01a0cc57-b2e4-7516-b08e-a23bebc9677e ModelID:01a0cc57-b2bd-70b3-8fc9-0ade433c396a Sequence:106 ElapsedMS:20 Kind:fact Late:false Fact:{Stage:candidate_decode State:running BeginMS:17 EndMS:-1 DurationMS:-1 Check:meaning_size Detail:{Reason: Field:entry_meaning Target:0 Actual:28 Limit:500 Start:-1 End:-1 ExpectedType: ActualType:}} Provider:<nil> Outcome: Refunded:false}"
2026/09/23 11:38:14 INFO generation_trace event="{RelatedRunID: ActorKind: RequestID:req_8CrNPWXDzqJqK3TCU1f9mQ RunID:01a0cc57-b2e4-7516-b08e-a23bebc9677e ModelID:01a0cc57-b2bd-70b3-8fc9-0ade433c396a Sequence:107 ElapsedMS:20 Kind:check_end Late:false Fact:{Stage:candidate_decode State:ok BeginMS:17 EndMS:-1 DurationMS:-1 Check:meaning_size Detail:{Reason: Field: Target:0 Actual:-1 Limit:-1 Start:-1 End:-1 ExpectedType: ActualType:}} Provider:<nil> Outcome: Refunded:false}"
2026/09/23 11:38:14 INFO generation_trace event="{RelatedRunID: ActorKind: RequestID:req_8CrNPWXDzqJqK3TCU1f9mQ RunID:01a0cc57-b2e4-7516-b08e-a23bebc9677e ModelID:01a0cc57-b2bd-70b3-8fc9-0ade433c396a Sequence:108 ElapsedMS:21 Kind:check_begin Late:false Fact:{Stage:candidate_decode State:running BeginMS:17 EndMS:-1 DurationMS:-1 Check:hint_size Detail:{Reason: Field: Target:0 Actual:-1 Limit:-1 Start:-1 End:-1 ExpectedType: ActualType:}} Provider:<nil> Outcome: Refunded:false}"
2026/09/23 11:38:14 INFO generation_trace event="{RelatedRunID: ActorKind: RequestID:req_8CrNPWXDzqJqK3TCU1f9mQ RunID:01a0cc57-b2e4-7516-b08e-a23bebc9677e ModelID:01a0cc57-b2bd-70b3-8fc9-0ade433c396a Sequence:109 ElapsedMS:21 Kind:fact Late:false Fact:{Stage:candidate_decode State:running BeginMS:17 EndMS:-1 DurationMS:-1 Check:hint_size Detail:{Reason: Field:hint_phrase Target:0 Actual:69 Limit:65500 Start:-1 End:-1 ExpectedType: ActualType:}} Provider:<nil> Outcome: Refunded:false}"
2026/09/23 11:38:14 INFO generation_trace event="{RelatedRunID: ActorKind: RequestID:req_8CrNPWXDzqJqK3TCU1f9mQ RunID:01a0cc57-b2e4-7516-b08e-a23bebc9677e ModelID:01a0cc57-b2bd-70b3-8fc9-0ade433c396a Sequence:110 ElapsedMS:21 Kind:check_end Late:false Fact:{Stage:candidate_decode State:ok BeginMS:17 EndMS:21 DurationMS:4 Check:hint_size Detail:{Reason: Field: Target:-1 Actual:-1 Limit:-1 Start:-1 End:-1 ExpectedType: ActualType:}} Provider:<nil> Outcome: Refunded:false}"
2026/09/23 11:38:14 INFO generation_trace event="{RelatedRunID: ActorKind: RequestID:req_8CrNPWXDzqJqK3TCU1f9mQ RunID:01a0cc57-b2e4-7516-b08e-a23bebc9677e ModelID:01a0cc57-b2bd-70b3-8fc9-0ade433c396a Sequence:111 ElapsedMS:21 Kind:stage_end Late:false Fact:{Stage:candidate_decode State:ok BeginMS:17 EndMS:21 DurationMS:4 Check:hint_size Detail:{Reason: Field: Target:-1 Actual:-1 Limit:-1 Start:-1 End:-1 ExpectedType: ActualType:}} Provider:<nil> Outcome: Refunded:false}"
2026/09/23 11:38:14 INFO generation_trace event="{RelatedRunID: ActorKind: RequestID:req_8CrNPWXDzqJqK3TCU1f9mQ RunID:01a0cc57-b2e4-7516-b08e-a23bebc9677e ModelID:01a0cc57-b2bd-70b3-8fc9-0ade433c396a Sequence:112 ElapsedMS:21 Kind:check_begin Late:false Fact:{Stage:passage_decode State:running BeginMS:17 EndMS:-1 DurationMS:-1 Check:clean_consistency Detail:{Reason: Field: Target:-1 Actual:-1 Limit:-1 Start:-1 End:-1 ExpectedType: ActualType:}} Provider:<nil> Outcome: Refunded:false}"
2026/09/23 11:38:14 INFO generation_trace event="{RelatedRunID: ActorKind: RequestID:req_8CrNPWXDzqJqK3TCU1f9mQ RunID:01a0cc57-b2e4-7516-b08e-a23bebc9677e ModelID:01a0cc57-b2bd-70b3-8fc9-0ade433c396a Sequence:113 ElapsedMS:21 Kind:check_end Late:false Fact:{Stage:passage_decode State:ok BeginMS:17 EndMS:21 DurationMS:4 Check:clean_consistency Detail:{Reason: Field: Target:-1 Actual:-1 Limit:-1 Start:-1 End:-1 ExpectedType: ActualType:}} Provider:<nil> Outcome: Refunded:false}"
2026/09/23 11:38:14 INFO generation_trace event="{RelatedRunID: ActorKind: RequestID:req_8CrNPWXDzqJqK3TCU1f9mQ RunID:01a0cc57-b2e4-7516-b08e-a23bebc9677e ModelID:01a0cc57-b2bd-70b3-8fc9-0ade433c396a Sequence:114 ElapsedMS:21 Kind:stage_end Late:false Fact:{Stage:passage_decode State:ok BeginMS:17 EndMS:21 DurationMS:4 Check:clean_consistency Detail:{Reason: Field: Target:-1 Actual:-1 Limit:-1 Start:-1 End:-1 ExpectedType: ActualType:}} Provider:<nil> Outcome: Refunded:false}"
2026/09/23 11:38:14 INFO generation_trace event="{RelatedRunID: ActorKind: RequestID:req_8CrNPWXDzqJqK3TCU1f9mQ RunID:01a0cc57-b2e4-7516-b08e-a23bebc9677e ModelID:01a0cc57-b2bd-70b3-8fc9-0ade433c396a Sequence:115 ElapsedMS:21 Kind:fact Late:false Fact:{Stage:provider_stream State:ok BeginMS:16 EndMS:17 DurationMS:1 Check:termination Detail:{Reason:done Field: Target:-1 Actual:-1 Limit:-1 Start:-1 End:-1 ExpectedType: ActualType:}} Provider:<nil> Outcome: Refunded:false}"
2026/09/23 11:38:14 INFO generation_trace event="{RelatedRunID: ActorKind: RequestID:req_8CrNPWXDzqJqK3TCU1f9mQ RunID:01a0cc57-b2e4-7516-b08e-a23bebc9677e ModelID:01a0cc57-b2bd-70b3-8fc9-0ade433c396a Sequence:116 ElapsedMS:22 Kind:fact Late:false Fact:{Stage:provider_stream State:ok BeginMS:16 EndMS:17 DurationMS:1 Check:receiver_exit Detail:{Reason: Field: Target:-1 Actual:-1 Limit:-1 Start:-1 End:-1 ExpectedType: ActualType:}} Provider:<nil> Outcome: Refunded:false}"
2026/09/23 11:38:14 INFO generation_trace event="{RelatedRunID: ActorKind: RequestID:req_8CrNPWXDzqJqK3TCU1f9mQ RunID:01a0cc57-b2e4-7516-b08e-a23bebc9677e ModelID:01a0cc57-b2bd-70b3-8fc9-0ade433c396a Sequence:117 ElapsedMS:22 Kind:stage_begin Late:false Fact:{Stage:content_validate State:running BeginMS:22 EndMS:-1 DurationMS:-1 Check: Detail:{Reason: Field: Target:-1 Actual:-1 Limit:-1 Start:-1 End:-1 ExpectedType: ActualType:}} Provider:<nil> Outcome: Refunded:false}"
2026/09/23 11:38:14 INFO generation_trace event="{RelatedRunID: ActorKind: RequestID:req_8CrNPWXDzqJqK3TCU1f9mQ RunID:01a0cc57-b2e4-7516-b08e-a23bebc9677e ModelID:01a0cc57-b2bd-70b3-8fc9-0ade433c396a Sequence:118 ElapsedMS:22 Kind:check_begin Late:false Fact:{Stage:content_validate State:running BeginMS:22 EndMS:-1 DurationMS:-1 Check:lexicon Detail:{Reason: Field: Target:-1 Actual:-1 Limit:-1 Start:-1 End:-1 ExpectedType: ActualType:}} Provider:<nil> Outcome: Refunded:false}"
2026/09/23 11:38:14 INFO generation_trace event="{RelatedRunID: ActorKind: RequestID:req_8CrNPWXDzqJqK3TCU1f9mQ RunID:01a0cc57-b2e4-7516-b08e-a23bebc9677e ModelID:01a0cc57-b2bd-70b3-8fc9-0ade433c396a Sequence:119 ElapsedMS:22 Kind:check_end Late:false Fact:{Stage:content_validate State:ok BeginMS:22 EndMS:-1 DurationMS:-1 Check:lexicon Detail:{Reason: Field: Target:-1 Actual:-1 Limit:-1 Start:-1 End:-1 ExpectedType: ActualType:}} Provider:<nil> Outcome: Refunded:false}"
2026/09/23 11:38:14 INFO generation_trace event="{RelatedRunID: ActorKind: RequestID:req_8CrNPWXDzqJqK3TCU1f9mQ RunID:01a0cc57-b2e4-7516-b08e-a23bebc9677e ModelID:01a0cc57-b2bd-70b3-8fc9-0ade433c396a Sequence:120 ElapsedMS:22 Kind:check_begin Late:false Fact:{Stage:content_validate State:running BeginMS:22 EndMS:-1 DurationMS:-1 Check:context Detail:{Reason: Field: Target:-1 Actual:-1 Limit:-1 Start:-1 End:-1 ExpectedType: ActualType:}} Provider:<nil> Outcome: Refunded:false}"
2026/09/23 11:38:14 INFO generation_trace event="{RelatedRunID: ActorKind: RequestID:req_8CrNPWXDzqJqK3TCU1f9mQ RunID:01a0cc57-b2e4-7516-b08e-a23bebc9677e ModelID:01a0cc57-b2bd-70b3-8fc9-0ade433c396a Sequence:121 ElapsedMS:22 Kind:check_end Late:false Fact:{Stage:content_validate State:ok BeginMS:22 EndMS:-1 DurationMS:-1 Check:context Detail:{Reason: Field: Target:-1 Actual:-1 Limit:-1 Start:-1 End:-1 ExpectedType: ActualType:}} Provider:<nil> Outcome: Refunded:false}"
2026/09/23 11:38:14 INFO generation_trace event="{RelatedRunID: ActorKind: RequestID:req_8CrNPWXDzqJqK3TCU1f9mQ RunID:01a0cc57-b2e4-7516-b08e-a23bebc9677e ModelID:01a0cc57-b2bd-70b3-8fc9-0ade433c396a Sequence:122 ElapsedMS:22 Kind:check_begin Late:false Fact:{Stage:content_validate State:running BeginMS:22 EndMS:-1 DurationMS:-1 Check:passage_annotations Detail:{Reason: Field: Target:-1 Actual:-1 Limit:-1 Start:-1 End:-1 ExpectedType: ActualType:}} Provider:<nil> Outcome: Refunded:false}"
2026/09/23 11:38:14 INFO generation_trace event="{RelatedRunID: ActorKind: RequestID:req_8CrNPWXDzqJqK3TCU1f9mQ RunID:01a0cc57-b2e4-7516-b08e-a23bebc9677e ModelID:01a0cc57-b2bd-70b3-8fc9-0ade433c396a Sequence:123 ElapsedMS:23 Kind:check_end Late:false Fact:{Stage:content_validate State:ok BeginMS:22 EndMS:-1 DurationMS:-1 Check:passage_annotations Detail:{Reason: Field: Target:-1 Actual:-1 Limit:-1 Start:-1 End:-1 ExpectedType: ActualType:}} Provider:<nil> Outcome: Refunded:false}"
2026/09/23 11:38:14 INFO generation_trace event="{RelatedRunID: ActorKind: RequestID:req_8CrNPWXDzqJqK3TCU1f9mQ RunID:01a0cc57-b2e4-7516-b08e-a23bebc9677e ModelID:01a0cc57-b2bd-70b3-8fc9-0ade433c396a Sequence:124 ElapsedMS:23 Kind:check_begin Late:false Fact:{Stage:content_validate State:running BeginMS:22 EndMS:-1 DurationMS:-1 Check:passage_ownership Detail:{Reason: Field: Target:-1 Actual:-1 Limit:-1 Start:-1 End:-1 ExpectedType: ActualType:}} Provider:<nil> Outcome: Refunded:false}"
2026/09/23 11:38:14 INFO generation_trace event="{RelatedRunID: ActorKind: RequestID:req_8CrNPWXDzqJqK3TCU1f9mQ RunID:01a0cc57-b2e4-7516-b08e-a23bebc9677e ModelID:01a0cc57-b2bd-70b3-8fc9-0ade433c396a Sequence:125 ElapsedMS:23 Kind:check_end Late:false Fact:{Stage:content_validate State:ok BeginMS:22 EndMS:-1 DurationMS:-1 Check:passage_ownership Detail:{Reason: Field: Target:-1 Actual:-1 Limit:-1 Start:-1 End:-1 ExpectedType: ActualType:}} Provider:<nil> Outcome: Refunded:false}"
2026/09/23 11:38:14 INFO generation_trace event="{RelatedRunID: ActorKind: RequestID:req_8CrNPWXDzqJqK3TCU1f9mQ RunID:01a0cc57-b2e4-7516-b08e-a23bebc9677e ModelID:01a0cc57-b2bd-70b3-8fc9-0ade433c396a Sequence:126 ElapsedMS:23 Kind:check_begin Late:false Fact:{Stage:content_validate State:running BeginMS:22 EndMS:-1 DurationMS:-1 Check:passage_content Detail:{Reason: Field: Target:-1 Actual:-1 Limit:-1 Start:-1 End:-1 ExpectedType: ActualType:}} Provider:<nil> Outcome: Refunded:false}"
2026/09/23 11:38:14 INFO generation_trace event="{RelatedRunID: ActorKind: RequestID:req_8CrNPWXDzqJqK3TCU1f9mQ RunID:01a0cc57-b2e4-7516-b08e-a23bebc9677e ModelID:01a0cc57-b2bd-70b3-8fc9-0ade433c396a Sequence:127 ElapsedMS:23 Kind:check_end Late:false Fact:{Stage:content_validate State:ok BeginMS:22 EndMS:-1 DurationMS:-1 Check:passage_content Detail:{Reason: Field: Target:-1 Actual:-1 Limit:-1 Start:-1 End:-1 ExpectedType: ActualType:}} Provider:<nil> Outcome: Refunded:false}"
2026/09/23 11:38:14 INFO generation_trace event="{RelatedRunID: ActorKind: RequestID:req_8CrNPWXDzqJqK3TCU1f9mQ RunID:01a0cc57-b2e4-7516-b08e-a23bebc9677e ModelID:01a0cc57-b2bd-70b3-8fc9-0ade433c396a Sequence:128 ElapsedMS:23 Kind:check_begin Late:false Fact:{Stage:content_validate State:running BeginMS:22 EndMS:-1 DurationMS:-1 Check:word_count Detail:{Reason: Field: Target:-1 Actual:-1 Limit:-1 Start:-1 End:-1 ExpectedType: ActualType:}} Provider:<nil> Outcome: Refunded:false}"
2026/09/23 11:38:14 INFO generation_trace event="{RelatedRunID: ActorKind: RequestID:req_8CrNPWXDzqJqK3TCU1f9mQ RunID:01a0cc57-b2e4-7516-b08e-a23bebc9677e ModelID:01a0cc57-b2bd-70b3-8fc9-0ade433c396a Sequence:129 ElapsedMS:23 Kind:check_end Late:false Fact:{Stage:content_validate State:ok BeginMS:22 EndMS:-1 DurationMS:-1 Check:word_count Detail:{Reason: Field: Target:-1 Actual:-1 Limit:-1 Start:-1 End:-1 ExpectedType: ActualType:}} Provider:<nil> Outcome: Refunded:false}"
2026/09/23 11:38:14 INFO generation_trace event="{RelatedRunID: ActorKind: RequestID:req_8CrNPWXDzqJqK3TCU1f9mQ RunID:01a0cc57-b2e4-7516-b08e-a23bebc9677e ModelID:01a0cc57-b2bd-70b3-8fc9-0ade433c396a Sequence:130 ElapsedMS:23 Kind:check_begin Late:false Fact:{Stage:content_validate State:running BeginMS:22 EndMS:-1 DurationMS:-1 Check:passage_language Detail:{Reason: Field: Target:-1 Actual:-1 Limit:-1 Start:-1 End:-1 ExpectedType: ActualType:}} Provider:<nil> Outcome: Refunded:false}"
2026/09/23 11:38:14 INFO generation_trace event="{RelatedRunID: ActorKind: RequestID:req_8CrNPWXDzqJqK3TCU1f9mQ RunID:01a0cc57-b2e4-7516-b08e-a23bebc9677e ModelID:01a0cc57-b2bd-70b3-8fc9-0ade433c396a Sequence:131 ElapsedMS:23 Kind:check_end Late:false Fact:{Stage:content_validate State:ok BeginMS:22 EndMS:-1 DurationMS:-1 Check:passage_language Detail:{Reason: Field: Target:-1 Actual:-1 Limit:-1 Start:-1 End:-1 ExpectedType: ActualType:}} Provider:<nil> Outcome: Refunded:false}"
2026/09/23 11:38:14 INFO generation_trace event="{RelatedRunID: ActorKind: RequestID:req_8CrNPWXDzqJqK3TCU1f9mQ RunID:01a0cc57-b2e4-7516-b08e-a23bebc9677e ModelID:01a0cc57-b2bd-70b3-8fc9-0ade433c396a Sequence:132 ElapsedMS:23 Kind:check_begin Late:false Fact:{Stage:content_validate State:running BeginMS:22 EndMS:-1 DurationMS:-1 Check:tag_count Detail:{Reason: Field: Target:-1 Actual:-1 Limit:-1 Start:-1 End:-1 ExpectedType: ActualType:}} Provider:<nil> Outcome: Refunded:false}"
2026/09/23 11:38:14 INFO generation_trace event="{RelatedRunID: ActorKind: RequestID:req_8CrNPWXDzqJqK3TCU1f9mQ RunID:01a0cc57-b2e4-7516-b08e-a23bebc9677e ModelID:01a0cc57-b2bd-70b3-8fc9-0ade433c396a Sequence:133 ElapsedMS:23 Kind:check_end Late:false Fact:{Stage:content_validate State:ok BeginMS:22 EndMS:-1 DurationMS:-1 Check:tag_count Detail:{Reason: Field: Target:-1 Actual:-1 Limit:-1 Start:-1 End:-1 ExpectedType: ActualType:}} Provider:<nil> Outcome: Refunded:false}"
2026/09/23 11:38:14 INFO generation_trace event="{RelatedRunID: ActorKind: RequestID:req_8CrNPWXDzqJqK3TCU1f9mQ RunID:01a0cc57-b2e4-7516-b08e-a23bebc9677e ModelID:01a0cc57-b2bd-70b3-8fc9-0ade433c396a Sequence:134 ElapsedMS:23 Kind:check_begin Late:false Fact:{Stage:content_validate State:running BeginMS:22 EndMS:-1 DurationMS:-1 Check:tag_content Detail:{Reason: Field: Target:-1 Actual:-1 Limit:-1 Start:-1 End:-1 ExpectedType: ActualType:}} Provider:<nil> Outcome: Refunded:false}"
2026/09/23 11:38:14 INFO generation_trace event="{RelatedRunID: ActorKind: RequestID:req_8CrNPWXDzqJqK3TCU1f9mQ RunID:01a0cc57-b2e4-7516-b08e-a23bebc9677e ModelID:01a0cc57-b2bd-70b3-8fc9-0ade433c396a Sequence:135 ElapsedMS:23 Kind:check_end Late:false Fact:{Stage:content_validate State:ok BeginMS:22 EndMS:-1 DurationMS:-1 Check:tag_content Detail:{Reason: Field: Target:-1 Actual:-1 Limit:-1 Start:-1 End:-1 ExpectedType: ActualType:}} Provider:<nil> Outcome: Refunded:false}"
2026/09/23 11:38:14 INFO generation_trace event="{RelatedRunID: ActorKind: RequestID:req_8CrNPWXDzqJqK3TCU1f9mQ RunID:01a0cc57-b2e4-7516-b08e-a23bebc9677e ModelID:01a0cc57-b2bd-70b3-8fc9-0ade433c396a Sequence:136 ElapsedMS:23 Kind:check_begin Late:false Fact:{Stage:content_validate State:running BeginMS:22 EndMS:-1 DurationMS:-1 Check:tag_duplicate Detail:{Reason: Field: Target:-1 Actual:-1 Limit:-1 Start:-1 End:-1 ExpectedType: ActualType:}} Provider:<nil> Outcome: Refunded:false}"
2026/09/23 11:38:14 INFO generation_trace event="{RelatedRunID: ActorKind: RequestID:req_8CrNPWXDzqJqK3TCU1f9mQ RunID:01a0cc57-b2e4-7516-b08e-a23bebc9677e ModelID:01a0cc57-b2bd-70b3-8fc9-0ade433c396a Sequence:137 ElapsedMS:24 Kind:check_end Late:false Fact:{Stage:content_validate State:ok BeginMS:22 EndMS:-1 DurationMS:-1 Check:tag_duplicate Detail:{Reason: Field: Target:-1 Actual:-1 Limit:-1 Start:-1 End:-1 ExpectedType: ActualType:}} Provider:<nil> Outcome: Refunded:false}"
2026/09/23 11:38:14 INFO generation_trace event="{RelatedRunID: ActorKind: RequestID:req_8CrNPWXDzqJqK3TCU1f9mQ RunID:01a0cc57-b2e4-7516-b08e-a23bebc9677e ModelID:01a0cc57-b2bd-70b3-8fc9-0ade433c396a Sequence:138 ElapsedMS:24 Kind:check_begin Late:false Fact:{Stage:content_validate State:running BeginMS:22 EndMS:-1 DurationMS:-1 Check:target_count Detail:{Reason: Field: Target:-1 Actual:-1 Limit:-1 Start:-1 End:-1 ExpectedType: ActualType:}} Provider:<nil> Outcome: Refunded:false}"
2026/09/23 11:38:14 INFO generation_trace event="{RelatedRunID: ActorKind: RequestID:req_8CrNPWXDzqJqK3TCU1f9mQ RunID:01a0cc57-b2e4-7516-b08e-a23bebc9677e ModelID:01a0cc57-b2bd-70b3-8fc9-0ade433c396a Sequence:139 ElapsedMS:24 Kind:check_end Late:false Fact:{Stage:content_validate State:ok BeginMS:22 EndMS:-1 DurationMS:-1 Check:target_count Detail:{Reason: Field: Target:-1 Actual:-1 Limit:-1 Start:-1 End:-1 ExpectedType: ActualType:}} Provider:<nil> Outcome: Refunded:false}"
2026/09/23 11:38:14 INFO generation_trace event="{RelatedRunID: ActorKind: RequestID:req_8CrNPWXDzqJqK3TCU1f9mQ RunID:01a0cc57-b2e4-7516-b08e-a23bebc9677e ModelID:01a0cc57-b2bd-70b3-8fc9-0ade433c396a Sequence:140 ElapsedMS:24 Kind:check_begin Late:false Fact:{Stage:content_validate State:running BeginMS:22 EndMS:-1 DurationMS:-1 Check:passage_index Detail:{Reason: Field: Target:-1 Actual:-1 Limit:-1 Start:-1 End:-1 ExpectedType: ActualType:}} Provider:<nil> Outcome: Refunded:false}"
2026/09/23 11:38:14 INFO generation_trace event="{RelatedRunID: ActorKind: RequestID:req_8CrNPWXDzqJqK3TCU1f9mQ RunID:01a0cc57-b2e4-7516-b08e-a23bebc9677e ModelID:01a0cc57-b2bd-70b3-8fc9-0ade433c396a Sequence:141 ElapsedMS:24 Kind:check_end Late:false Fact:{Stage:content_validate State:ok BeginMS:22 EndMS:-1 DurationMS:-1 Check:passage_index Detail:{Reason: Field: Target:-1 Actual:-1 Limit:-1 Start:-1 End:-1 ExpectedType: ActualType:}} Provider:<nil> Outcome: Refunded:false}"
2026/09/23 11:38:14 INFO generation_trace event="{RelatedRunID: ActorKind: RequestID:req_8CrNPWXDzqJqK3TCU1f9mQ RunID:01a0cc57-b2e4-7516-b08e-a23bebc9677e ModelID:01a0cc57-b2bd-70b3-8fc9-0ade433c396a Sequence:142 ElapsedMS:24 Kind:check_begin Late:false Fact:{Stage:content_validate State:running BeginMS:22 EndMS:-1 DurationMS:-1 Check:context Detail:{Reason: Field: Target:0 Actual:-1 Limit:-1 Start:-1 End:-1 ExpectedType: ActualType:}} Provider:<nil> Outcome: Refunded:false}"
2026/09/23 11:38:14 INFO generation_trace event="{RelatedRunID: ActorKind: RequestID:req_8CrNPWXDzqJqK3TCU1f9mQ RunID:01a0cc57-b2e4-7516-b08e-a23bebc9677e ModelID:01a0cc57-b2bd-70b3-8fc9-0ade433c396a Sequence:143 ElapsedMS:24 Kind:check_end Late:false Fact:{Stage:content_validate State:ok BeginMS:22 EndMS:-1 DurationMS:-1 Check:context Detail:{Reason: Field: Target:0 Actual:-1 Limit:-1 Start:-1 End:-1 ExpectedType: ActualType:}} Provider:<nil> Outcome: Refunded:false}"
2026/09/23 11:38:14 INFO generation_trace event="{RelatedRunID: ActorKind: RequestID:req_8CrNPWXDzqJqK3TCU1f9mQ RunID:01a0cc57-b2e4-7516-b08e-a23bebc9677e ModelID:01a0cc57-b2bd-70b3-8fc9-0ade433c396a Sequence:144 ElapsedMS:24 Kind:check_begin Late:false Fact:{Stage:content_validate State:running BeginMS:22 EndMS:-1 DurationMS:-1 Check:source_entry Detail:{Reason: Field: Target:0 Actual:-1 Limit:-1 Start:-1 End:-1 ExpectedType: ActualType:}} Provider:<nil> Outcome: Refunded:false}"
2026/09/23 11:38:14 INFO generation_trace event="{RelatedRunID: ActorKind: RequestID:req_8CrNPWXDzqJqK3TCU1f9mQ RunID:01a0cc57-b2e4-7516-b08e-a23bebc9677e ModelID:01a0cc57-b2bd-70b3-8fc9-0ade433c396a Sequence:145 ElapsedMS:24 Kind:check_end Late:false Fact:{Stage:content_validate State:ok BeginMS:22 EndMS:-1 DurationMS:-1 Check:source_entry Detail:{Reason: Field: Target:0 Actual:-1 Limit:-1 Start:-1 End:-1 ExpectedType: ActualType:}} Provider:<nil> Outcome: Refunded:false}"
2026/09/23 11:38:14 INFO generation_trace event="{RelatedRunID: ActorKind: RequestID:req_8CrNPWXDzqJqK3TCU1f9mQ RunID:01a0cc57-b2e4-7516-b08e-a23bebc9677e ModelID:01a0cc57-b2bd-70b3-8fc9-0ade433c396a Sequence:146 ElapsedMS:24 Kind:check_begin Late:false Fact:{Stage:content_validate State:running BeginMS:22 EndMS:-1 DurationMS:-1 Check:meaning_content Detail:{Reason: Field: Target:0 Actual:-1 Limit:-1 Start:-1 End:-1 ExpectedType: ActualType:}} Provider:<nil> Outcome: Refunded:false}"
2026/09/23 11:38:14 INFO generation_trace event="{RelatedRunID: ActorKind: RequestID:req_8CrNPWXDzqJqK3TCU1f9mQ RunID:01a0cc57-b2e4-7516-b08e-a23bebc9677e ModelID:01a0cc57-b2bd-70b3-8fc9-0ade433c396a Sequence:147 ElapsedMS:24 Kind:check_end Late:false Fact:{Stage:content_validate State:ok BeginMS:22 EndMS:-1 DurationMS:-1 Check:meaning_content Detail:{Reason: Field: Target:0 Actual:-1 Limit:-1 Start:-1 End:-1 ExpectedType: ActualType:}} Provider:<nil> Outcome: Refunded:false}"
2026/09/23 11:38:14 INFO generation_trace event="{RelatedRunID: ActorKind: RequestID:req_8CrNPWXDzqJqK3TCU1f9mQ RunID:01a0cc57-b2e4-7516-b08e-a23bebc9677e ModelID:01a0cc57-b2bd-70b3-8fc9-0ade433c396a Sequence:148 ElapsedMS:24 Kind:check_begin Late:false Fact:{Stage:content_validate State:running BeginMS:22 EndMS:-1 DurationMS:-1 Check:meaning_repeated Detail:{Reason: Field: Target:0 Actual:-1 Limit:-1 Start:-1 End:-1 ExpectedType: ActualType:}} Provider:<nil> Outcome: Refunded:false}"
2026/09/23 11:38:14 INFO generation_trace event="{RelatedRunID: ActorKind: RequestID:req_8CrNPWXDzqJqK3TCU1f9mQ RunID:01a0cc57-b2e4-7516-b08e-a23bebc9677e ModelID:01a0cc57-b2bd-70b3-8fc9-0ade433c396a Sequence:149 ElapsedMS:24 Kind:check_end Late:false Fact:{Stage:content_validate State:ok BeginMS:22 EndMS:-1 DurationMS:-1 Check:meaning_repeated Detail:{Reason: Field: Target:0 Actual:-1 Limit:-1 Start:-1 End:-1 ExpectedType: ActualType:}} Provider:<nil> Outcome: Refunded:false}"
2026/09/23 11:38:14 INFO generation_trace event="{RelatedRunID: ActorKind: RequestID:req_8CrNPWXDzqJqK3TCU1f9mQ RunID:01a0cc57-b2e4-7516-b08e-a23bebc9677e ModelID:01a0cc57-b2bd-70b3-8fc9-0ade433c396a Sequence:150 ElapsedMS:24 Kind:check_begin Late:false Fact:{Stage:content_validate State:running BeginMS:22 EndMS:-1 DurationMS:-1 Check:hint_annotations Detail:{Reason: Field: Target:0 Actual:-1 Limit:-1 Start:-1 End:-1 ExpectedType: ActualType:}} Provider:<nil> Outcome: Refunded:false}"
2026/09/23 11:38:14 INFO generation_trace event="{RelatedRunID: ActorKind: RequestID:req_8CrNPWXDzqJqK3TCU1f9mQ RunID:01a0cc57-b2e4-7516-b08e-a23bebc9677e ModelID:01a0cc57-b2bd-70b3-8fc9-0ade433c396a Sequence:151 ElapsedMS:25 Kind:check_end Late:false Fact:{Stage:content_validate State:ok BeginMS:22 EndMS:-1 DurationMS:-1 Check:hint_annotations Detail:{Reason: Field: Target:0 Actual:-1 Limit:-1 Start:-1 End:-1 ExpectedType: ActualType:}} Provider:<nil> Outcome: Refunded:false}"
2026/09/23 11:38:14 INFO generation_trace event="{RelatedRunID: ActorKind: RequestID:req_8CrNPWXDzqJqK3TCU1f9mQ RunID:01a0cc57-b2e4-7516-b08e-a23bebc9677e ModelID:01a0cc57-b2bd-70b3-8fc9-0ade433c396a Sequence:152 ElapsedMS:25 Kind:check_begin Late:false Fact:{Stage:content_validate State:running BeginMS:22 EndMS:-1 DurationMS:-1 Check:hint_ownership Detail:{Reason: Field: Target:0 Actual:-1 Limit:-1 Start:-1 End:-1 ExpectedType: ActualType:}} Provider:<nil> Outcome: Refunded:false}"
2026/09/23 11:38:14 INFO generation_trace event="{RelatedRunID: ActorKind: RequestID:req_8CrNPWXDzqJqK3TCU1f9mQ RunID:01a0cc57-b2e4-7516-b08e-a23bebc9677e ModelID:01a0cc57-b2bd-70b3-8fc9-0ade433c396a Sequence:153 ElapsedMS:25 Kind:check_end Late:false Fact:{Stage:content_validate State:ok BeginMS:22 EndMS:-1 DurationMS:-1 Check:hint_ownership Detail:{Reason: Field: Target:0 Actual:-1 Limit:-1 Start:-1 End:-1 ExpectedType: ActualType:}} Provider:<nil> Outcome: Refunded:false}"
2026/09/23 11:38:14 INFO generation_trace event="{RelatedRunID: ActorKind: RequestID:req_8CrNPWXDzqJqK3TCU1f9mQ RunID:01a0cc57-b2e4-7516-b08e-a23bebc9677e ModelID:01a0cc57-b2bd-70b3-8fc9-0ade433c396a Sequence:154 ElapsedMS:25 Kind:check_begin Late:false Fact:{Stage:content_validate State:running BeginMS:22 EndMS:-1 DurationMS:-1 Check:hint_content Detail:{Reason: Field: Target:0 Actual:-1 Limit:-1 Start:-1 End:-1 ExpectedType: ActualType:}} Provider:<nil> Outcome: Refunded:false}"
2026/09/23 11:38:14 INFO generation_trace event="{RelatedRunID: ActorKind: RequestID:req_8CrNPWXDzqJqK3TCU1f9mQ RunID:01a0cc57-b2e4-7516-b08e-a23bebc9677e ModelID:01a0cc57-b2bd-70b3-8fc9-0ade433c396a Sequence:155 ElapsedMS:25 Kind:check_end Late:false Fact:{Stage:content_validate State:ok BeginMS:22 EndMS:-1 DurationMS:-1 Check:hint_content Detail:{Reason: Field: Target:0 Actual:-1 Limit:-1 Start:-1 End:-1 ExpectedType: ActualType:}} Provider:<nil> Outcome: Refunded:false}"
2026/09/23 11:38:14 INFO generation_trace event="{RelatedRunID: ActorKind: RequestID:req_8CrNPWXDzqJqK3TCU1f9mQ RunID:01a0cc57-b2e4-7516-b08e-a23bebc9677e ModelID:01a0cc57-b2bd-70b3-8fc9-0ade433c396a Sequence:156 ElapsedMS:25 Kind:check_begin Late:false Fact:{Stage:content_validate State:running BeginMS:22 EndMS:-1 DurationMS:-1 Check:passage_annotation_presence Detail:{Reason: Field: Target:0 Actual:-1 Limit:-1 Start:-1 End:-1 ExpectedType: ActualType:}} Provider:<nil> Outcome: Refunded:false}"
2026/09/23 11:38:14 INFO generation_trace event="{RelatedRunID: ActorKind: RequestID:req_8CrNPWXDzqJqK3TCU1f9mQ RunID:01a0cc57-b2e4-7516-b08e-a23bebc9677e ModelID:01a0cc57-b2bd-70b3-8fc9-0ade433c396a Sequence:157 ElapsedMS:25 Kind:check_end Late:false Fact:{Stage:content_validate State:ok BeginMS:22 EndMS:-1 DurationMS:-1 Check:passage_annotation_presence Detail:{Reason: Field: Target:0 Actual:-1 Limit:-1 Start:-1 End:-1 ExpectedType: ActualType:}} Provider:<nil> Outcome: Refunded:false}"
2026/09/23 11:38:14 INFO generation_trace event="{RelatedRunID: ActorKind: RequestID:req_8CrNPWXDzqJqK3TCU1f9mQ RunID:01a0cc57-b2e4-7516-b08e-a23bebc9677e ModelID:01a0cc57-b2bd-70b3-8fc9-0ade433c396a Sequence:158 ElapsedMS:25 Kind:check_begin Late:false Fact:{Stage:content_validate State:running BeginMS:22 EndMS:-1 DurationMS:-1 Check:hint_annotation_presence Detail:{Reason: Field: Target:0 Actual:-1 Limit:-1 Start:-1 End:-1 ExpectedType: ActualType:}} Provider:<nil> Outcome: Refunded:false}"
2026/09/23 11:38:14 INFO generation_trace event="{RelatedRunID: ActorKind: RequestID:req_8CrNPWXDzqJqK3TCU1f9mQ RunID:01a0cc57-b2e4-7516-b08e-a23bebc9677e ModelID:01a0cc57-b2bd-70b3-8fc9-0ade433c396a Sequence:159 ElapsedMS:25 Kind:check_end Late:false Fact:{Stage:content_validate State:ok BeginMS:22 EndMS:-1 DurationMS:-1 Check:hint_annotation_presence Detail:{Reason: Field: Target:0 Actual:-1 Limit:-1 Start:-1 End:-1 ExpectedType: ActualType:}} Provider:<nil> Outcome: Refunded:false}"
2026/09/23 11:38:14 INFO generation_trace event="{RelatedRunID: ActorKind: RequestID:req_8CrNPWXDzqJqK3TCU1f9mQ RunID:01a0cc57-b2e4-7516-b08e-a23bebc9677e ModelID:01a0cc57-b2bd-70b3-8fc9-0ade433c396a Sequence:160 ElapsedMS:25 Kind:check_begin Late:false Fact:{Stage:content_validate State:running BeginMS:22 EndMS:-1 DurationMS:-1 Check:hint_index Detail:{Reason: Field: Target:0 Actual:-1 Limit:-1 Start:-1 End:-1 ExpectedType: ActualType:}} Provider:<nil> Outcome: Refunded:false}"
2026/09/23 11:38:14 INFO generation_trace event="{RelatedRunID: ActorKind: RequestID:req_8CrNPWXDzqJqK3TCU1f9mQ RunID:01a0cc57-b2e4-7516-b08e-a23bebc9677e ModelID:01a0cc57-b2bd-70b3-8fc9-0ade433c396a Sequence:161 ElapsedMS:25 Kind:check_end Late:false Fact:{Stage:content_validate State:ok BeginMS:22 EndMS:-1 DurationMS:-1 Check:hint_index Detail:{Reason: Field: Target:0 Actual:-1 Limit:-1 Start:-1 End:-1 ExpectedType: ActualType:}} Provider:<nil> Outcome: Refunded:false}"
2026/09/23 11:38:14 INFO generation_trace event="{RelatedRunID: ActorKind: RequestID:req_8CrNPWXDzqJqK3TCU1f9mQ RunID:01a0cc57-b2e4-7516-b08e-a23bebc9677e ModelID:01a0cc57-b2bd-70b3-8fc9-0ade433c396a Sequence:162 ElapsedMS:25 Kind:check_begin Late:false Fact:{Stage:content_validate State:running BeginMS:22 EndMS:-1 DurationMS:-1 Check:hint_scan Detail:{Reason: Field: Target:0 Actual:-1 Limit:-1 Start:-1 End:-1 ExpectedType: ActualType:}} Provider:<nil> Outcome: Refunded:false}"
2026/09/23 11:38:14 INFO generation_trace event="{RelatedRunID: ActorKind: RequestID:req_8CrNPWXDzqJqK3TCU1f9mQ RunID:01a0cc57-b2e4-7516-b08e-a23bebc9677e ModelID:01a0cc57-b2bd-70b3-8fc9-0ade433c396a Sequence:163 ElapsedMS:25 Kind:check_end Late:false Fact:{Stage:content_validate State:ok BeginMS:22 EndMS:-1 DurationMS:-1 Check:hint_scan Detail:{Reason: Field: Target:0 Actual:-1 Limit:-1 Start:-1 End:-1 ExpectedType: ActualType:}} Provider:<nil> Outcome: Refunded:false}"
2026/09/23 11:38:14 INFO generation_trace event="{RelatedRunID: ActorKind: RequestID:req_8CrNPWXDzqJqK3TCU1f9mQ RunID:01a0cc57-b2e4-7516-b08e-a23bebc9677e ModelID:01a0cc57-b2bd-70b3-8fc9-0ade433c396a Sequence:164 ElapsedMS:25 Kind:check_begin Late:false Fact:{Stage:content_validate State:running BeginMS:22 EndMS:-1 DurationMS:-1 Check:passage_scan Detail:{Reason: Field: Target:0 Actual:-1 Limit:-1 Start:-1 End:-1 ExpectedType: ActualType:}} Provider:<nil> Outcome: Refunded:false}"
2026/09/23 11:38:14 INFO generation_trace event="{RelatedRunID: ActorKind: RequestID:req_8CrNPWXDzqJqK3TCU1f9mQ RunID:01a0cc57-b2e4-7516-b08e-a23bebc9677e ModelID:01a0cc57-b2bd-70b3-8fc9-0ade433c396a Sequence:165 ElapsedMS:25 Kind:check_end Late:false Fact:{Stage:content_validate State:ok BeginMS:22 EndMS:-1 DurationMS:-1 Check:passage_scan Detail:{Reason: Field: Target:0 Actual:-1 Limit:-1 Start:-1 End:-1 ExpectedType: ActualType:}} Provider:<nil> Outcome: Refunded:false}"
2026/09/23 11:38:14 INFO generation_trace event="{RelatedRunID: ActorKind: RequestID:req_8CrNPWXDzqJqK3TCU1f9mQ RunID:01a0cc57-b2e4-7516-b08e-a23bebc9677e ModelID:01a0cc57-b2bd-70b3-8fc9-0ade433c396a Sequence:166 ElapsedMS:25 Kind:check_begin Late:false Fact:{Stage:content_validate State:running BeginMS:22 EndMS:-1 DurationMS:-1 Check:passage_relations Detail:{Reason: Field: Target:0 Actual:-1 Limit:-1 Start:-1 End:-1 ExpectedType: ActualType:}} Provider:<nil> Outcome: Refunded:false}"
2026/09/23 11:38:14 INFO generation_trace event="{RelatedRunID: ActorKind: RequestID:req_8CrNPWXDzqJqK3TCU1f9mQ RunID:01a0cc57-b2e4-7516-b08e-a23bebc9677e ModelID:01a0cc57-b2bd-70b3-8fc9-0ade433c396a Sequence:167 ElapsedMS:26 Kind:check_end Late:false Fact:{Stage:content_validate State:ok BeginMS:22 EndMS:-1 DurationMS:-1 Check:passage_relations Detail:{Reason: Field: Target:0 Actual:-1 Limit:-1 Start:-1 End:-1 ExpectedType: ActualType:}} Provider:<nil> Outcome: Refunded:false}"
2026/09/23 11:38:14 INFO generation_trace event="{RelatedRunID: ActorKind: RequestID:req_8CrNPWXDzqJqK3TCU1f9mQ RunID:01a0cc57-b2e4-7516-b08e-a23bebc9677e ModelID:01a0cc57-b2bd-70b3-8fc9-0ade433c396a Sequence:168 ElapsedMS:26 Kind:check_begin Late:false Fact:{Stage:content_validate State:running BeginMS:22 EndMS:-1 DurationMS:-1 Check:hint_relations Detail:{Reason: Field: Target:0 Actual:-1 Limit:-1 Start:-1 End:-1 ExpectedType: ActualType:}} Provider:<nil> Outcome: Refunded:false}"
2026/09/23 11:38:14 INFO generation_trace event="{RelatedRunID: ActorKind: RequestID:req_8CrNPWXDzqJqK3TCU1f9mQ RunID:01a0cc57-b2e4-7516-b08e-a23bebc9677e ModelID:01a0cc57-b2bd-70b3-8fc9-0ade433c396a Sequence:169 ElapsedMS:26 Kind:check_end Late:false Fact:{Stage:content_validate State:ok BeginMS:22 EndMS:-1 DurationMS:-1 Check:hint_relations Detail:{Reason: Field: Target:0 Actual:-1 Limit:-1 Start:-1 End:-1 ExpectedType: ActualType:}} Provider:<nil> Outcome: Refunded:false}"
2026/09/23 11:38:14 INFO generation_trace event="{RelatedRunID: ActorKind: RequestID:req_8CrNPWXDzqJqK3TCU1f9mQ RunID:01a0cc57-b2e4-7516-b08e-a23bebc9677e ModelID:01a0cc57-b2bd-70b3-8fc9-0ade433c396a Sequence:170 ElapsedMS:26 Kind:check_begin Late:false Fact:{Stage:content_validate State:running BeginMS:22 EndMS:-1 DurationMS:-1 Check:passage_presence Detail:{Reason: Field: Target:0 Actual:-1 Limit:-1 Start:-1 End:-1 ExpectedType: ActualType:}} Provider:<nil> Outcome: Refunded:false}"
2026/09/23 11:38:14 INFO generation_trace event="{RelatedRunID: ActorKind: RequestID:req_8CrNPWXDzqJqK3TCU1f9mQ RunID:01a0cc57-b2e4-7516-b08e-a23bebc9677e ModelID:01a0cc57-b2bd-70b3-8fc9-0ade433c396a Sequence:171 ElapsedMS:26 Kind:check_end Late:false Fact:{Stage:content_validate State:ok BeginMS:22 EndMS:-1 DurationMS:-1 Check:passage_presence Detail:{Reason: Field: Target:0 Actual:-1 Limit:-1 Start:-1 End:-1 ExpectedType: ActualType:}} Provider:<nil> Outcome: Refunded:false}"
2026/09/23 11:38:14 INFO generation_trace event="{RelatedRunID: ActorKind: RequestID:req_8CrNPWXDzqJqK3TCU1f9mQ RunID:01a0cc57-b2e4-7516-b08e-a23bebc9677e ModelID:01a0cc57-b2bd-70b3-8fc9-0ade433c396a Sequence:172 ElapsedMS:26 Kind:check_begin Late:false Fact:{Stage:content_validate State:running BeginMS:22 EndMS:-1 DurationMS:-1 Check:hint_presence Detail:{Reason: Field: Target:0 Actual:-1 Limit:-1 Start:-1 End:-1 ExpectedType: ActualType:}} Provider:<nil> Outcome: Refunded:false}"
2026/09/23 11:38:14 INFO generation_trace event="{RelatedRunID: ActorKind: RequestID:req_8CrNPWXDzqJqK3TCU1f9mQ RunID:01a0cc57-b2e4-7516-b08e-a23bebc9677e ModelID:01a0cc57-b2bd-70b3-8fc9-0ade433c396a Sequence:173 ElapsedMS:26 Kind:check_end Late:false Fact:{Stage:content_validate State:ok BeginMS:22 EndMS:-1 DurationMS:-1 Check:hint_presence Detail:{Reason: Field: Target:0 Actual:-1 Limit:-1 Start:-1 End:-1 ExpectedType: ActualType:}} Provider:<nil> Outcome: Refunded:false}"
2026/09/23 11:38:14 INFO generation_trace event="{RelatedRunID: ActorKind: RequestID:req_8CrNPWXDzqJqK3TCU1f9mQ RunID:01a0cc57-b2e4-7516-b08e-a23bebc9677e ModelID:01a0cc57-b2bd-70b3-8fc9-0ade433c396a Sequence:174 ElapsedMS:26 Kind:check_begin Late:false Fact:{Stage:content_validate State:running BeginMS:22 EndMS:-1 DurationMS:-1 Check:collision Detail:{Reason: Field: Target:-1 Actual:-1 Limit:-1 Start:-1 End:-1 ExpectedType: ActualType:}} Provider:<nil> Outcome: Refunded:false}"
2026/09/23 11:38:14 INFO generation_trace event="{RelatedRunID: ActorKind: RequestID:req_8CrNPWXDzqJqK3TCU1f9mQ RunID:01a0cc57-b2e4-7516-b08e-a23bebc9677e ModelID:01a0cc57-b2bd-70b3-8fc9-0ade433c396a Sequence:175 ElapsedMS:26 Kind:check_end Late:false Fact:{Stage:content_validate State:ok BeginMS:22 EndMS:-1 DurationMS:-1 Check:collision Detail:{Reason: Field: Target:-1 Actual:-1 Limit:-1 Start:-1 End:-1 ExpectedType: ActualType:}} Provider:<nil> Outcome: Refunded:false}"
2026/09/23 11:38:14 INFO generation_trace event="{RelatedRunID: ActorKind: RequestID:req_8CrNPWXDzqJqK3TCU1f9mQ RunID:01a0cc57-b2e4-7516-b08e-a23bebc9677e ModelID:01a0cc57-b2bd-70b3-8fc9-0ade433c396a Sequence:176 ElapsedMS:26 Kind:check_begin Late:false Fact:{Stage:content_validate State:running BeginMS:22 EndMS:-1 DurationMS:-1 Check:context Detail:{Reason: Field: Target:-1 Actual:-1 Limit:-1 Start:-1 End:-1 ExpectedType: ActualType:}} Provider:<nil> Outcome: Refunded:false}"
2026/09/23 11:38:14 INFO generation_trace event="{RelatedRunID: ActorKind: RequestID:req_8CrNPWXDzqJqK3TCU1f9mQ RunID:01a0cc57-b2e4-7516-b08e-a23bebc9677e ModelID:01a0cc57-b2bd-70b3-8fc9-0ade433c396a Sequence:177 ElapsedMS:26 Kind:check_end Late:false Fact:{Stage:content_validate State:ok BeginMS:22 EndMS:26 DurationMS:4 Check:context Detail:{Reason: Field: Target:-1 Actual:-1 Limit:-1 Start:-1 End:-1 ExpectedType: ActualType:}} Provider:<nil> Outcome: Refunded:false}"
2026/09/23 11:38:14 INFO generation_trace event="{RelatedRunID: ActorKind: RequestID:req_8CrNPWXDzqJqK3TCU1f9mQ RunID:01a0cc57-b2e4-7516-b08e-a23bebc9677e ModelID:01a0cc57-b2bd-70b3-8fc9-0ade433c396a Sequence:178 ElapsedMS:26 Kind:stage_end Late:false Fact:{Stage:content_validate State:ok BeginMS:22 EndMS:26 DurationMS:4 Check:context Detail:{Reason: Field: Target:-1 Actual:-1 Limit:-1 Start:-1 End:-1 ExpectedType: ActualType:}} Provider:<nil> Outcome: Refunded:false}"
2026/09/23 11:38:14 INFO generation_trace event="{RelatedRunID: ActorKind: RequestID:req_8CrNPWXDzqJqK3TCU1f9mQ RunID:01a0cc57-b2e4-7516-b08e-a23bebc9677e ModelID:01a0cc57-b2bd-70b3-8fc9-0ade433c396a Sequence:179 ElapsedMS:26 Kind:stage_begin Late:false Fact:{Stage:draft_commit State:running BeginMS:26 EndMS:-1 DurationMS:-1 Check: Detail:{Reason: Field: Target:-1 Actual:-1 Limit:-1 Start:-1 End:-1 ExpectedType: ActualType:}} Provider:<nil> Outcome: Refunded:false}"
2026/09/23 11:38:14 INFO generation_trace event="{RelatedRunID: ActorKind: RequestID:req_8CrNPWXDzqJqK3TCU1f9mQ RunID:01a0cc57-b2e4-7516-b08e-a23bebc9677e ModelID:01a0cc57-b2bd-70b3-8fc9-0ade433c396a Sequence:180 ElapsedMS:26 Kind:check_begin Late:false Fact:{Stage:draft_commit State:running BeginMS:26 EndMS:-1 DurationMS:-1 Check:snapshot Detail:{Reason: Field: Target:-1 Actual:-1 Limit:-1 Start:-1 End:-1 ExpectedType: ActualType:}} Provider:<nil> Outcome: Refunded:false}"
2026/09/23 11:38:14 INFO generation_trace event="{RelatedRunID: ActorKind: RequestID:req_8CrNPWXDzqJqK3TCU1f9mQ RunID:01a0cc57-b2e4-7516-b08e-a23bebc9677e ModelID:01a0cc57-b2bd-70b3-8fc9-0ade433c396a Sequence:181 ElapsedMS:26 Kind:check_end Late:false Fact:{Stage:draft_commit State:ok BeginMS:26 EndMS:-1 DurationMS:-1 Check:snapshot Detail:{Reason: Field: Target:-1 Actual:-1 Limit:-1 Start:-1 End:-1 ExpectedType: ActualType:}} Provider:<nil> Outcome: Refunded:false}"
2026/09/23 11:38:14 INFO generation_trace event="{RelatedRunID: ActorKind: RequestID:req_8CrNPWXDzqJqK3TCU1f9mQ RunID:01a0cc57-b2e4-7516-b08e-a23bebc9677e ModelID:01a0cc57-b2bd-70b3-8fc9-0ade433c396a Sequence:182 ElapsedMS:27 Kind:check_begin Late:false Fact:{Stage:draft_commit State:running BeginMS:26 EndMS:-1 DurationMS:-1 Check:draft_encode Detail:{Reason: Field: Target:-1 Actual:-1 Limit:-1 Start:-1 End:-1 ExpectedType: ActualType:}} Provider:<nil> Outcome: Refunded:false}"
2026/09/23 11:38:14 INFO generation_trace event="{RelatedRunID: ActorKind: RequestID:req_8CrNPWXDzqJqK3TCU1f9mQ RunID:01a0cc57-b2e4-7516-b08e-a23bebc9677e ModelID:01a0cc57-b2bd-70b3-8fc9-0ade433c396a Sequence:183 ElapsedMS:27 Kind:check_end Late:false Fact:{Stage:draft_commit State:ok BeginMS:26 EndMS:-1 DurationMS:-1 Check:draft_encode Detail:{Reason: Field: Target:-1 Actual:-1 Limit:-1 Start:-1 End:-1 ExpectedType: ActualType:}} Provider:<nil> Outcome: Refunded:false}"
2026/09/23 11:38:14 INFO generation_trace event="{RelatedRunID: ActorKind: RequestID:req_8CrNPWXDzqJqK3TCU1f9mQ RunID:01a0cc57-b2e4-7516-b08e-a23bebc9677e ModelID:01a0cc57-b2bd-70b3-8fc9-0ade433c396a Sequence:184 ElapsedMS:27 Kind:check_begin Late:false Fact:{Stage:draft_commit State:running BeginMS:26 EndMS:-1 DurationMS:-1 Check:transaction_begin Detail:{Reason: Field: Target:-1 Actual:-1 Limit:-1 Start:-1 End:-1 ExpectedType: ActualType:}} Provider:<nil> Outcome: Refunded:false}"
2026/09/23 11:38:14 INFO generation_trace event="{RelatedRunID: ActorKind: RequestID:req_8CrNPWXDzqJqK3TCU1f9mQ RunID:01a0cc57-b2e4-7516-b08e-a23bebc9677e ModelID:01a0cc57-b2bd-70b3-8fc9-0ade433c396a Sequence:185 ElapsedMS:27 Kind:check_end Late:false Fact:{Stage:draft_commit State:ok BeginMS:26 EndMS:-1 DurationMS:-1 Check:transaction_begin Detail:{Reason: Field: Target:-1 Actual:-1 Limit:-1 Start:-1 End:-1 ExpectedType: ActualType:}} Provider:<nil> Outcome: Refunded:false}"
2026/09/23 11:38:14 INFO generation_trace event="{RelatedRunID: ActorKind: RequestID:req_8CrNPWXDzqJqK3TCU1f9mQ RunID:01a0cc57-b2e4-7516-b08e-a23bebc9677e ModelID:01a0cc57-b2bd-70b3-8fc9-0ade433c396a Sequence:186 ElapsedMS:27 Kind:check_begin Late:false Fact:{Stage:draft_commit State:running BeginMS:26 EndMS:-1 DurationMS:-1 Check:cas Detail:{Reason: Field: Target:-1 Actual:-1 Limit:-1 Start:-1 End:-1 ExpectedType: ActualType:}} Provider:<nil> Outcome: Refunded:false}"
2026/09/23 11:38:14 INFO generation_trace event="{RelatedRunID: ActorKind: RequestID:req_8CrNPWXDzqJqK3TCU1f9mQ RunID:01a0cc57-b2e4-7516-b08e-a23bebc9677e ModelID:01a0cc57-b2bd-70b3-8fc9-0ade433c396a Sequence:187 ElapsedMS:29 Kind:check_end Late:false Fact:{Stage:draft_commit State:ok BeginMS:26 EndMS:-1 DurationMS:-1 Check:cas Detail:{Reason: Field: Target:-1 Actual:-1 Limit:-1 Start:-1 End:-1 ExpectedType: ActualType:}} Provider:<nil> Outcome: Refunded:false}"
2026/09/23 11:38:14 INFO generation_trace event="{RelatedRunID: ActorKind: RequestID:req_8CrNPWXDzqJqK3TCU1f9mQ RunID:01a0cc57-b2e4-7516-b08e-a23bebc9677e ModelID:01a0cc57-b2bd-70b3-8fc9-0ade433c396a Sequence:188 ElapsedMS:29 Kind:check_begin Late:false Fact:{Stage:draft_commit State:running BeginMS:26 EndMS:-1 DurationMS:-1 Check:draft_insert Detail:{Reason: Field: Target:-1 Actual:-1 Limit:-1 Start:-1 End:-1 ExpectedType: ActualType:}} Provider:<nil> Outcome: Refunded:false}"
2026/09/23 11:38:14 INFO generation_trace event="{RelatedRunID: ActorKind: RequestID:req_8CrNPWXDzqJqK3TCU1f9mQ RunID:01a0cc57-b2e4-7516-b08e-a23bebc9677e ModelID:01a0cc57-b2bd-70b3-8fc9-0ade433c396a Sequence:189 ElapsedMS:30 Kind:check_end Late:false Fact:{Stage:draft_commit State:ok BeginMS:26 EndMS:-1 DurationMS:-1 Check:draft_insert Detail:{Reason: Field: Target:-1 Actual:-1 Limit:-1 Start:-1 End:-1 ExpectedType: ActualType:}} Provider:<nil> Outcome: Refunded:false}"
2026/09/23 11:38:14 INFO generation_trace event="{RelatedRunID: ActorKind: RequestID:req_8CrNPWXDzqJqK3TCU1f9mQ RunID:01a0cc57-b2e4-7516-b08e-a23bebc9677e ModelID:01a0cc57-b2bd-70b3-8fc9-0ade433c396a Sequence:190 ElapsedMS:30 Kind:check_begin Late:false Fact:{Stage:draft_commit State:running BeginMS:26 EndMS:-1 DurationMS:-1 Check:transaction_commit Detail:{Reason: Field: Target:-1 Actual:-1 Limit:-1 Start:-1 End:-1 ExpectedType: ActualType:}} Provider:<nil> Outcome: Refunded:false}"
2026/09/23 11:38:14 INFO generation_trace event="{RelatedRunID: ActorKind: RequestID:req_8CrNPWXDzqJqK3TCU1f9mQ RunID:01a0cc57-b2e4-7516-b08e-a23bebc9677e ModelID:01a0cc57-b2bd-70b3-8fc9-0ade433c396a Sequence:191 ElapsedMS:30 Kind:outcome_confirmed Late:false Fact:{Stage: State: BeginMS:0 EndMS:0 DurationMS:0 Check: Detail:{Reason: Field: Target:0 Actual:0 Limit:0 Start:0 End:0 ExpectedType: ActualType:}} Provider:<nil> Outcome:valid Refunded:false}"
2026/09/23 11:38:14 INFO generation_trace event="{RelatedRunID: ActorKind: RequestID:req_8CrNPWXDzqJqK3TCU1f9mQ RunID:01a0cc57-b2e4-7516-b08e-a23bebc9677e ModelID:01a0cc57-b2bd-70b3-8fc9-0ade433c396a Sequence:192 ElapsedMS:30 Kind:check_end Late:false Fact:{Stage:draft_commit State:ok BeginMS:26 EndMS:30 DurationMS:4 Check:transaction_commit Detail:{Reason: Field: Target:-1 Actual:-1 Limit:-1 Start:-1 End:-1 ExpectedType: ActualType:}} Provider:<nil> Outcome: Refunded:false}"
2026/09/23 11:38:14 INFO generation_trace event="{RelatedRunID: ActorKind: RequestID:req_8CrNPWXDzqJqK3TCU1f9mQ RunID:01a0cc57-b2e4-7516-b08e-a23bebc9677e ModelID:01a0cc57-b2bd-70b3-8fc9-0ade433c396a Sequence:193 ElapsedMS:30 Kind:stage_end Late:false Fact:{Stage:draft_commit State:ok BeginMS:26 EndMS:30 DurationMS:4 Check:transaction_commit Detail:{Reason: Field: Target:-1 Actual:-1 Limit:-1 Start:-1 End:-1 ExpectedType: ActualType:}} Provider:<nil> Outcome: Refunded:false}"
2026/09/23 11:38:14 INFO generation_trace event="{RelatedRunID: ActorKind: RequestID:req_8CrNPWXDzqJqK3TCU1f9mQ RunID:01a0cc57-b2e4-7516-b08e-a23bebc9677e ModelID:01a0cc57-b2bd-70b3-8fc9-0ade433c396a Sequence:194 ElapsedMS:31 Kind:fact Late:false Fact:{Stage:delivery State:running BeginMS:16 EndMS:-1 DurationMS:-1 Check:validated Detail:{Reason: Field: Target:-1 Actual:917 Limit:-1 Start:-1 End:-1 ExpectedType: ActualType:}} Provider:<nil> Outcome: Refunded:false}"
2026/09/23 11:38:14 INFO generation_trace event="{RelatedRunID: ActorKind: RequestID:req_8CrNPWXDzqJqK3TCU1f9mQ RunID:01a0cc57-b2e4-7516-b08e-a23bebc9677e ModelID:01a0cc57-b2bd-70b3-8fc9-0ade433c396a Sequence:195 ElapsedMS:31 Kind:stage_end Late:false Fact:{Stage:delivery State:ok BeginMS:16 EndMS:31 DurationMS:15 Check: Detail:{Reason: Field: Target:-1 Actual:-1 Limit:-1 Start:-1 End:-1 ExpectedType: ActualType:}} Provider:<nil> Outcome: Refunded:false}"
2026/09/23 11:38:14 INFO ai_generation_request_finished request_id=req_8CrNPWXDzqJqK3TCU1f9mQ run_id=01a0cc57-b2e4-7516-b08e-a23bebc9677e model_id=01a0cc57-b2bd-70b3-8fc9-0ade433c396a elapsed_ms=30
2026/09/23 11:38:14 INFO http_request request_id=req_8CrNPWXDzqJqK3TCU1f9mQ method=POST route=/api/v1/generations/stream status=200 duration_ms=31
2026/09/23 11:38:14 INFO generation_trace event="{RelatedRunID: ActorKind: RequestID:req_8CrNPWXDzqJqK3TCU1f9mQ RunID:01a0cc57-b2e4-7516-b08e-a23bebc9677e ModelID:01a0cc57-b2bd-70b3-8fc9-0ade433c396a Sequence:196 ElapsedMS:31 Kind:check_end Late:false Fact:{Stage:request State:ok BeginMS:0 EndMS:31 DurationMS:31 Check:body Detail:{Reason: Field: Target:-1 Actual:-1 Limit:-1 Start:-1 End:-1 ExpectedType: ActualType:}} Provider:<nil> Outcome: Refunded:false}"
2026/09/23 11:38:14 INFO generation_trace event="{RelatedRunID: ActorKind: RequestID:req_8CrNPWXDzqJqK3TCU1f9mQ RunID:01a0cc57-b2e4-7516-b08e-a23bebc9677e ModelID:01a0cc57-b2bd-70b3-8fc9-0ade433c396a Sequence:197 ElapsedMS:31 Kind:stage_end Late:false Fact:{Stage:request State:ok BeginMS:0 EndMS:31 DurationMS:31 Check:body Detail:{Reason: Field: Target:-1 Actual:-1 Limit:-1 Start:-1 End:-1 ExpectedType: ActualType:}} Provider:<nil> Outcome: Refunded:false}"
2026/09/23 11:38:14 INFO generation_summary summary="{RequestID:req_8CrNPWXDzqJqK3TCU1f9mQ RunID:01a0cc57-b2e4-7516-b08e-a23bebc9677e ModelID:01a0cc57-b2bd-70b3-8fc9-0ade433c396a ElapsedMS:31 Stages:[{Stage:request State:ok BeginMS:0 EndMS:31 DurationMS:31 Check:body Detail:{Reason: Field: Target:-1 Actual:-1 Limit:-1 Start:-1 End:-1 ExpectedType: ActualType:}} {Stage:preflight State:ok BeginMS:1 EndMS:12 DurationMS:11 Check:transaction_commit Detail:{Reason: Field: Target:-1 Actual:-1 Limit:-1 Start:-1 End:-1 ExpectedType: ActualType:}} {Stage:provider_open State:ok BeginMS:12 EndMS:16 DurationMS:4 Check:response_headers Detail:{Reason: Field: Target:-1 Actual:-1 Limit:-1 Start:-1 End:-1 ExpectedType: ActualType:}} {Stage:provider_stream State:ok BeginMS:16 EndMS:17 DurationMS:1 Check: Detail:{Reason: Field: Target:-1 Actual:-1 Limit:-1 Start:-1 End:-1 ExpectedType: ActualType:}} {Stage:passage_decode State:ok BeginMS:17 EndMS:21 DurationMS:4 Check:clean_consistency Detail:{Reason: Field: Target:-1 Actual:-1 Limit:-1 Start:-1 End:-1 ExpectedType: ActualType:}} {Stage:candidate_decode State:ok BeginMS:17 EndMS:21 DurationMS:4 Check:hint_size Detail:{Reason: Field: Target:-1 Actual:-1 Limit:-1 Start:-1 End:-1 ExpectedType: ActualType:}} {Stage:content_validate State:ok BeginMS:22 EndMS:26 DurationMS:4 Check:context Detail:{Reason: Field: Target:-1 Actual:-1 Limit:-1 Start:-1 End:-1 ExpectedType: ActualType:}} {Stage:draft_commit State:ok BeginMS:26 EndMS:30 DurationMS:4 Check:transaction_commit Detail:{Reason: Field: Target:-1 Actual:-1 Limit:-1 Start:-1 End:-1 ExpectedType: ActualType:}} {Stage:settlement State:not_run BeginMS:-1 EndMS:-1 DurationMS:-1 Check: Detail:{Reason: Field: Target:-1 Actual:-1 Limit:-1 Start:-1 End:-1 ExpectedType: ActualType:}} {Stage:delivery State:ok BeginMS:16 EndMS:31 DurationMS:15 Check: Detail:{Reason: Field: Target:-1 Actual:-1 Limit:-1 Start:-1 End:-1 ExpectedType: ActualType:}} {Stage:continuation State:not_run BeginMS:-1 EndMS:-1 DurationMS:-1 Check: Detail:{Reason: Field: Target:-1 Actual:-1 Limit:-1 Start:-1 End:-1 ExpectedType: ActualType:}}] FirstFailure:<nil> Outcome:valid Refunded:false Pending:false}"
2026/09/23 11:38:14 INFO http_request request_id=req_DpqUG7wyWi7_u9HktnpFKA method=POST route=/api/v1/generations/{run_id}/visitor-claim status=200 duration_ms=3
2026/09/23 11:38:14 INFO generation_trace event="{RelatedRunID: ActorKind: RequestID:req_lqwFYtHNEaFXPEt1S75jbQ RunID: ModelID: Sequence:1 ElapsedMS:0 Kind:stage_begin Late:false Fact:{Stage:request State:running BeginMS:0 EndMS:-1 DurationMS:-1 Check: Detail:{Reason: Field: Target:-1 Actual:-1 Limit:-1 Start:-1 End:-1 ExpectedType: ActualType:}} Provider:<nil> Outcome: Refunded:false}"
2026/09/23 11:38:14 INFO generation_trace event="{RelatedRunID: ActorKind: RequestID:req_lqwFYtHNEaFXPEt1S75jbQ RunID: ModelID: Sequence:2 ElapsedMS:0 Kind:check_begin Late:false Fact:{Stage:request State:running BeginMS:0 EndMS:-1 DurationMS:-1 Check:identity Detail:{Reason: Field: Target:-1 Actual:-1 Limit:-1 Start:-1 End:-1 ExpectedType: ActualType:}} Provider:<nil> Outcome: Refunded:false}"
2026/09/23 11:38:14 INFO generation_trace event="{RelatedRunID: ActorKind:visitor RequestID:req_lqwFYtHNEaFXPEt1S75jbQ RunID: ModelID: Sequence:3 ElapsedMS:0 Kind:actor_resolved Late:false Fact:{Stage: State: BeginMS:0 EndMS:0 DurationMS:0 Check: Detail:{Reason: Field: Target:0 Actual:0 Limit:0 Start:0 End:0 ExpectedType: ActualType:}} Provider:<nil> Outcome: Refunded:false}"
2026/09/23 11:38:14 INFO generation_trace event="{RelatedRunID: ActorKind: RequestID:req_lqwFYtHNEaFXPEt1S75jbQ RunID: ModelID: Sequence:4 ElapsedMS:0 Kind:check_end Late:false Fact:{Stage:request State:ok BeginMS:0 EndMS:-1 DurationMS:-1 Check:identity Detail:{Reason: Field: Target:-1 Actual:-1 Limit:-1 Start:-1 End:-1 ExpectedType: ActualType:}} Provider:<nil> Outcome: Refunded:false}"
2026/09/23 11:38:14 INFO generation_trace event="{RelatedRunID: ActorKind: RequestID:req_lqwFYtHNEaFXPEt1S75jbQ RunID: ModelID: Sequence:5 ElapsedMS:0 Kind:check_begin Late:false Fact:{Stage:request State:running BeginMS:0 EndMS:-1 DurationMS:-1 Check:origin Detail:{Reason: Field: Target:-1 Actual:-1 Limit:-1 Start:-1 End:-1 ExpectedType: ActualType:}} Provider:<nil> Outcome: Refunded:false}"
2026/09/23 11:38:14 INFO generation_trace event="{RelatedRunID: ActorKind: RequestID:req_lqwFYtHNEaFXPEt1S75jbQ RunID: ModelID: Sequence:6 ElapsedMS:0 Kind:check_end Late:false Fact:{Stage:request State:ok BeginMS:0 EndMS:-1 DurationMS:-1 Check:origin Detail:{Reason: Field: Target:-1 Actual:-1 Limit:-1 Start:-1 End:-1 ExpectedType: ActualType:}} Provider:<nil> Outcome: Refunded:false}"
2026/09/23 11:38:14 INFO generation_trace event="{RelatedRunID: ActorKind: RequestID:req_lqwFYtHNEaFXPEt1S75jbQ RunID: ModelID: Sequence:7 ElapsedMS:0 Kind:check_begin Late:false Fact:{Stage:request State:running BeginMS:0 EndMS:-1 DurationMS:-1 Check:content_type Detail:{Reason: Field: Target:-1 Actual:-1 Limit:-1 Start:-1 End:-1 ExpectedType: ActualType:}} Provider:<nil> Outcome: Refunded:false}"
2026/09/23 11:38:14 INFO generation_trace event="{RelatedRunID: ActorKind: RequestID:req_lqwFYtHNEaFXPEt1S75jbQ RunID: ModelID: Sequence:8 ElapsedMS:0 Kind:check_end Late:false Fact:{Stage:request State:ok BeginMS:0 EndMS:-1 DurationMS:-1 Check:content_type Detail:{Reason: Field: Target:-1 Actual:-1 Limit:-1 Start:-1 End:-1 ExpectedType: ActualType:}} Provider:<nil> Outcome: Refunded:false}"
2026/09/23 11:38:14 INFO generation_trace event="{RelatedRunID: ActorKind: RequestID:req_lqwFYtHNEaFXPEt1S75jbQ RunID: ModelID: Sequence:9 ElapsedMS:0 Kind:check_begin Late:false Fact:{Stage:request State:running BeginMS:0 EndMS:-1 DurationMS:-1 Check:csrf Detail:{Reason: Field: Target:-1 Actual:-1 Limit:-1 Start:-1 End:-1 ExpectedType: ActualType:}} Provider:<nil> Outcome: Refunded:false}"
2026/09/23 11:38:14 INFO generation_trace event="{RelatedRunID: ActorKind: RequestID:req_lqwFYtHNEaFXPEt1S75jbQ RunID: ModelID: Sequence:10 ElapsedMS:1 Kind:check_end Late:false Fact:{Stage:request State:ok BeginMS:0 EndMS:-1 DurationMS:-1 Check:csrf Detail:{Reason: Field: Target:-1 Actual:-1 Limit:-1 Start:-1 End:-1 ExpectedType: ActualType:}} Provider:<nil> Outcome: Refunded:false}"
2026/09/23 11:38:14 INFO generation_trace event="{RelatedRunID: ActorKind: RequestID:req_lqwFYtHNEaFXPEt1S75jbQ RunID: ModelID: Sequence:11 ElapsedMS:1 Kind:check_begin Late:false Fact:{Stage:request State:running BeginMS:0 EndMS:-1 DurationMS:-1 Check:body Detail:{Reason: Field: Target:-1 Actual:-1 Limit:-1 Start:-1 End:-1 ExpectedType: ActualType:}} Provider:<nil> Outcome: Refunded:false}"
2026/09/23 11:38:14 INFO generation_trace event="{RelatedRunID: ActorKind: RequestID:req_lqwFYtHNEaFXPEt1S75jbQ RunID: ModelID: Sequence:12 ElapsedMS:1 Kind:stage_begin Late:false Fact:{Stage:preflight State:running BeginMS:1 EndMS:-1 DurationMS:-1 Check: Detail:{Reason: Field: Target:-1 Actual:-1 Limit:-1 Start:-1 End:-1 ExpectedType: ActualType:}} Provider:<nil> Outcome: Refunded:false}"
2026/09/23 11:38:14 INFO generation_trace event="{RelatedRunID: ActorKind: RequestID:req_lqwFYtHNEaFXPEt1S75jbQ RunID: ModelID: Sequence:13 ElapsedMS:1 Kind:check_begin Late:false Fact:{Stage:preflight State:running BeginMS:1 EndMS:-1 DurationMS:-1 Check:input Detail:{Reason: Field: Target:-1 Actual:-1 Limit:-1 Start:-1 End:-1 ExpectedType: ActualType:}} Provider:<nil> Outcome: Refunded:false}"
2026/09/23 11:38:14 INFO generation_trace event="{RelatedRunID: ActorKind: RequestID:req_lqwFYtHNEaFXPEt1S75jbQ RunID: ModelID: Sequence:14 ElapsedMS:1 Kind:check_end Late:false Fact:{Stage:preflight State:ok BeginMS:1 EndMS:-1 DurationMS:-1 Check:input Detail:{Reason: Field: Target:-1 Actual:-1 Limit:-1 Start:-1 End:-1 ExpectedType: ActualType:}} Provider:<nil> Outcome: Refunded:false}"
2026/09/23 11:38:14 INFO generation_trace event="{RelatedRunID: ActorKind: RequestID:req_lqwFYtHNEaFXPEt1S75jbQ RunID: ModelID: Sequence:15 ElapsedMS:1 Kind:check_begin Late:false Fact:{Stage:preflight State:running BeginMS:1 EndMS:-1 DurationMS:-1 Check:transaction_begin Detail:{Reason: Field: Target:-1 Actual:-1 Limit:-1 Start:-1 End:-1 ExpectedType: ActualType:}} Provider:<nil> Outcome: Refunded:false}"
2026/09/23 11:38:14 INFO generation_trace event="{RelatedRunID: ActorKind: RequestID:req_lqwFYtHNEaFXPEt1S75jbQ RunID: ModelID: Sequence:16 ElapsedMS:1 Kind:check_end Late:false Fact:{Stage:preflight State:ok BeginMS:1 EndMS:-1 DurationMS:-1 Check:transaction_begin Detail:{Reason: Field: Target:-1 Actual:-1 Limit:-1 Start:-1 End:-1 ExpectedType: ActualType:}} Provider:<nil> Outcome: Refunded:false}"
2026/09/23 11:38:14 INFO generation_trace event="{RelatedRunID: ActorKind: RequestID:req_lqwFYtHNEaFXPEt1S75jbQ RunID: ModelID: Sequence:17 ElapsedMS:1 Kind:check_begin Late:false Fact:{Stage:preflight State:running BeginMS:1 EndMS:-1 DurationMS:-1 Check:credentials Detail:{Reason: Field: Target:-1 Actual:-1 Limit:-1 Start:-1 End:-1 ExpectedType: ActualType:}} Provider:<nil> Outcome: Refunded:false}"
2026/09/23 11:38:14 INFO generation_trace event="{RelatedRunID: ActorKind: RequestID:req_lqwFYtHNEaFXPEt1S75jbQ RunID: ModelID: Sequence:18 ElapsedMS:2 Kind:check_end Late:false Fact:{Stage:preflight State:ok BeginMS:1 EndMS:-1 DurationMS:-1 Check:credentials Detail:{Reason: Field: Target:-1 Actual:-1 Limit:-1 Start:-1 End:-1 ExpectedType: ActualType:}} Provider:<nil> Outcome: Refunded:false}"
2026/09/23 11:38:14 INFO generation_trace event="{RelatedRunID: ActorKind: RequestID:req_lqwFYtHNEaFXPEt1S75jbQ RunID: ModelID: Sequence:19 ElapsedMS:2 Kind:check_begin Late:false Fact:{Stage:preflight State:running BeginMS:1 EndMS:-1 DurationMS:-1 Check:actor_lock Detail:{Reason: Field: Target:-1 Actual:-1 Limit:-1 Start:-1 End:-1 ExpectedType: ActualType:}} Provider:<nil> Outcome: Refunded:false}"
2026/09/23 11:38:14 INFO generation_trace event="{RelatedRunID: ActorKind: RequestID:req_lqwFYtHNEaFXPEt1S75jbQ RunID: ModelID: Sequence:20 ElapsedMS:2 Kind:check_end Late:false Fact:{Stage:preflight State:ok BeginMS:1 EndMS:-1 DurationMS:-1 Check:actor_lock Detail:{Reason: Field: Target:-1 Actual:-1 Limit:-1 Start:-1 End:-1 ExpectedType: ActualType:}} Provider:<nil> Outcome: Refunded:false}"
2026/09/23 11:38:14 INFO generation_trace event="{RelatedRunID: ActorKind: RequestID:req_lqwFYtHNEaFXPEt1S75jbQ RunID: ModelID: Sequence:21 ElapsedMS:2 Kind:check_begin Late:false Fact:{Stage:preflight State:running BeginMS:1 EndMS:-1 DurationMS:-1 Check:group_policy Detail:{Reason: Field: Target:-1 Actual:-1 Limit:-1 Start:-1 End:-1 ExpectedType: ActualType:}} Provider:<nil> Outcome: Refunded:false}"
2026/09/23 11:38:14 INFO generation_trace event="{RelatedRunID: ActorKind: RequestID:req_lqwFYtHNEaFXPEt1S75jbQ RunID: ModelID: Sequence:22 ElapsedMS:2 Kind:check_end Late:false Fact:{Stage:preflight State:ok BeginMS:1 EndMS:-1 DurationMS:-1 Check:group_policy Detail:{Reason: Field: Target:-1 Actual:-1 Limit:-1 Start:-1 End:-1 ExpectedType: ActualType:}} Provider:<nil> Outcome: Refunded:false}"
2026/09/23 11:38:14 INFO generation_trace event="{RelatedRunID: ActorKind: RequestID:req_lqwFYtHNEaFXPEt1S75jbQ RunID: ModelID: Sequence:23 ElapsedMS:2 Kind:check_begin Late:false Fact:{Stage:preflight State:running BeginMS:1 EndMS:-1 DurationMS:-1 Check:model_assignment Detail:{Reason: Field: Target:-1 Actual:-1 Limit:-1 Start:-1 End:-1 ExpectedType: ActualType:}} Provider:<nil> Outcome: Refunded:false}"
2026/09/23 11:38:14 INFO generation_trace event="{RelatedRunID: ActorKind: RequestID:req_lqwFYtHNEaFXPEt1S75jbQ RunID: ModelID: Sequence:24 ElapsedMS:3 Kind:check_end Late:false Fact:{Stage:preflight State:ok BeginMS:1 EndMS:-1 DurationMS:-1 Check:model_assignment Detail:{Reason: Field: Target:-1 Actual:-1 Limit:-1 Start:-1 End:-1 ExpectedType: ActualType:}} Provider:<nil> Outcome: Refunded:false}"
2026/09/23 11:38:14 INFO generation_trace event="{RelatedRunID: ActorKind: RequestID:req_lqwFYtHNEaFXPEt1S75jbQ RunID: ModelID: Sequence:25 ElapsedMS:3 Kind:check_begin Late:false Fact:{Stage:preflight State:running BeginMS:1 EndMS:-1 DurationMS:-1 Check:length_assignment Detail:{Reason: Field: Target:-1 Actual:-1 Limit:-1 Start:-1 End:-1 ExpectedType: ActualType:}} Provider:<nil> Outcome: Refunded:false}"
2026/09/23 11:38:14 INFO generation_trace event="{RelatedRunID: ActorKind: RequestID:req_lqwFYtHNEaFXPEt1S75jbQ RunID: ModelID: Sequence:26 ElapsedMS:3 Kind:check_end Late:false Fact:{Stage:preflight State:ok BeginMS:1 EndMS:-1 DurationMS:-1 Check:length_assignment Detail:{Reason: Field: Target:-1 Actual:-1 Limit:-1 Start:-1 End:-1 ExpectedType: ActualType:}} Provider:<nil> Outcome: Refunded:false}"
2026/09/23 11:38:14 INFO generation_trace event="{RelatedRunID: ActorKind: RequestID:req_lqwFYtHNEaFXPEt1S75jbQ RunID: ModelID: Sequence:27 ElapsedMS:3 Kind:check_begin Late:false Fact:{Stage:preflight State:running BeginMS:1 EndMS:-1 DurationMS:-1 Check:vocabulary Detail:{Reason: Field: Target:-1 Actual:-1 Limit:-1 Start:-1 End:-1 ExpectedType: ActualType:}} Provider:<nil> Outcome: Refunded:false}"
2026/09/23 11:38:14 INFO generation_trace event="{RelatedRunID: ActorKind: RequestID:req_lqwFYtHNEaFXPEt1S75jbQ RunID: ModelID: Sequence:28 ElapsedMS:3 Kind:check_end Late:false Fact:{Stage:preflight State:ok BeginMS:1 EndMS:-1 DurationMS:-1 Check:vocabulary Detail:{Reason: Field: Target:-1 Actual:-1 Limit:-1 Start:-1 End:-1 ExpectedType: ActualType:}} Provider:<nil> Outcome: Refunded:false}"
2026/09/23 11:38:14 INFO generation_trace event="{RelatedRunID: ActorKind: RequestID:req_lqwFYtHNEaFXPEt1S75jbQ RunID: ModelID: Sequence:29 ElapsedMS:3 Kind:check_begin Late:false Fact:{Stage:preflight State:running BeginMS:1 EndMS:-1 DurationMS:-1 Check:quota Detail:{Reason: Field: Target:-1 Actual:-1 Limit:-1 Start:-1 End:-1 ExpectedType: ActualType:}} Provider:<nil> Outcome: Refunded:false}"
2026/09/23 11:38:14 INFO generation_trace event="{RelatedRunID: ActorKind: RequestID:req_lqwFYtHNEaFXPEt1S75jbQ RunID: ModelID: Sequence:30 ElapsedMS:4 Kind:fact Late:false Fact:{Stage:preflight State:running BeginMS:1 EndMS:-1 DurationMS:-1 Check:transaction_rollback Detail:{Reason:rolled_back Field: Target:-1 Actual:-1 Limit:-1 Start:-1 End:-1 ExpectedType: ActualType:}} Provider:<nil> Outcome: Refunded:false}"
2026/09/23 11:38:14 INFO generation_trace event="{RelatedRunID: ActorKind: RequestID:req_lqwFYtHNEaFXPEt1S75jbQ RunID: ModelID: Sequence:31 ElapsedMS:4 Kind:check_end Late:false Fact:{Stage:preflight State:failed BeginMS:1 EndMS:4 DurationMS:3 Check:quota Detail:{Reason:quota_exhausted Field: Target:-1 Actual:-1 Limit:-1 Start:-1 End:-1 ExpectedType: ActualType:}} Provider:<nil> Outcome: Refunded:false}"
2026/09/23 11:38:14 INFO generation_trace event="{RelatedRunID: ActorKind: RequestID:req_lqwFYtHNEaFXPEt1S75jbQ RunID: ModelID: Sequence:32 ElapsedMS:4 Kind:stage_end Late:false Fact:{Stage:preflight State:failed BeginMS:1 EndMS:4 DurationMS:3 Check:quota Detail:{Reason:quota_exhausted Field: Target:-1 Actual:-1 Limit:-1 Start:-1 End:-1 ExpectedType: ActualType:}} Provider:<nil> Outcome: Refunded:false}"
2026/09/23 11:38:14 WARN ai_generation_failure request_id=req_lqwFYtHNEaFXPEt1S75jbQ run_id="" model_id="" prompt_version="" validator_version=m001-v5-wn31-r2 phase=preflight stage=preflight reason=quota_exhausted field="" target_index=-1
2026/09/23 11:38:14 INFO http_request request_id=req_lqwFYtHNEaFXPEt1S75jbQ method=POST route=/api/v1/generations/stream status=429 duration_ms=5
2026/09/23 11:38:14 INFO generation_trace event="{RelatedRunID: ActorKind: RequestID:req_lqwFYtHNEaFXPEt1S75jbQ RunID: ModelID: Sequence:33 ElapsedMS:5 Kind:check_end Late:false Fact:{Stage:request State:ok BeginMS:0 EndMS:5 DurationMS:5 Check:body Detail:{Reason: Field: Target:-1 Actual:-1 Limit:-1 Start:-1 End:-1 ExpectedType: ActualType:}} Provider:<nil> Outcome: Refunded:false}"
2026/09/23 11:38:14 INFO generation_trace event="{RelatedRunID: ActorKind: RequestID:req_lqwFYtHNEaFXPEt1S75jbQ RunID: ModelID: Sequence:34 ElapsedMS:5 Kind:stage_end Late:false Fact:{Stage:request State:ok BeginMS:0 EndMS:5 DurationMS:5 Check:body Detail:{Reason: Field: Target:-1 Actual:-1 Limit:-1 Start:-1 End:-1 ExpectedType: ActualType:}} Provider:<nil> Outcome: Refunded:false}"
2026/09/23 11:38:14 INFO generation_summary summary="{RequestID:req_lqwFYtHNEaFXPEt1S75jbQ RunID: ModelID: ElapsedMS:5 Stages:[{Stage:request State:ok BeginMS:0 EndMS:5 DurationMS:5 Check:body Detail:{Reason: Field: Target:-1 Actual:-1 Limit:-1 Start:-1 End:-1 ExpectedType: ActualType:}} {Stage:preflight State:failed BeginMS:1 EndMS:4 DurationMS:3 Check:quota Detail:{Reason:quota_exhausted Field: Target:-1 Actual:-1 Limit:-1 Start:-1 End:-1 ExpectedType: ActualType:}} {Stage:provider_open State:not_run BeginMS:-1 EndMS:-1 DurationMS:-1 Check: Detail:{Reason: Field: Target:-1 Actual:-1 Limit:-1 Start:-1 End:-1 ExpectedType: ActualType:}} {Stage:provider_stream State:not_run BeginMS:-1 EndMS:-1 DurationMS:-1 Check: Detail:{Reason: Field: Target:-1 Actual:-1 Limit:-1 Start:-1 End:-1 ExpectedType: ActualType:}} {Stage:passage_decode State:not_run BeginMS:-1 EndMS:-1 DurationMS:-1 Check: Detail:{Reason: Field: Target:-1 Actual:-1 Limit:-1 Start:-1 End:-1 ExpectedType: ActualType:}} {Stage:candidate_decode State:not_run BeginMS:-1 EndMS:-1 DurationMS:-1 Check: Detail:{Reason: Field: Target:-1 Actual:-1 Limit:-1 Start:-1 End:-1 ExpectedType: ActualType:}} {Stage:content_validate State:not_run BeginMS:-1 EndMS:-1 DurationMS:-1 Check: Detail:{Reason: Field: Target:-1 Actual:-1 Limit:-1 Start:-1 End:-1 ExpectedType: ActualType:}} {Stage:draft_commit State:not_run BeginMS:-1 EndMS:-1 DurationMS:-1 Check: Detail:{Reason: Field: Target:-1 Actual:-1 Limit:-1 Start:-1 End:-1 ExpectedType: ActualType:}} {Stage:settlement State:not_run BeginMS:-1 EndMS:-1 DurationMS:-1 Check: Detail:{Reason: Field: Target:-1 Actual:-1 Limit:-1 Start:-1 End:-1 ExpectedType: ActualType:}} {Stage:delivery State:not_run BeginMS:-1 EndMS:-1 DurationMS:-1 Check: Detail:{Reason: Field: Target:-1 Actual:-1 Limit:-1 Start:-1 End:-1 ExpectedType: ActualType:}} {Stage:continuation State:not_run BeginMS:-1 EndMS:-1 DurationMS:-1 Check: Detail:{Reason: Field: Target:-1 Actual:-1 Limit:-1 Start:-1 End:-1 ExpectedType: ActualType:}}] FirstFailure:0xc0000da630 Outcome:unknown Refunded:false Pending:false}"
2026/09/23 11:38:15 INFO http_request request_id=req_C4kHkuMElELJDmdPokDWrw method=POST route=/api/v1/auth/register status=201 duration_ms=786
2026/09/23 11:38:15 INFO http_request request_id=req_FgfTs5P4OCg1xlQXmaewwg method=POST route=/api/v1/visitor-claims/consume status=201 duration_ms=11
2026/09/23 11:38:15 INFO http_request request_id=req_NO1usIardTYS8-OvGx5Aew method=POST route=/api/v1/visitor-claims/consume status=200 duration_ms=1
2026/09/23 11:38:15 INFO http_request request_id=req_KQftlYptQm9AZMwT82ErCw method=GET route=/api/v1/bootstrap status=200 duration_ms=0
2026/09/23 11:38:16 INFO http_request request_id=req_tq_9BJqb2MkQZCwen21SIw method=POST route=/api/v1/auth/register status=201 duration_ms=764
2026/09/23 11:38:16 INFO http_request request_id=req__7aD-bdqy-4lIVtr4tssng method=GET route=/api/v1/generation-options status=200 duration_ms=4
2026/09/23 11:38:16 INFO generation_trace event="{RelatedRunID: ActorKind: RequestID:req_V76FXE_UTO2h8u__4ngx1Q RunID: ModelID: Sequence:1 ElapsedMS:0 Kind:stage_begin Late:false Fact:{Stage:request State:running BeginMS:0 EndMS:-1 DurationMS:-1 Check: Detail:{Reason: Field: Target:-1 Actual:-1 Limit:-1 Start:-1 End:-1 ExpectedType: ActualType:}} Provider:<nil> Outcome: Refunded:false}"
2026/09/23 11:38:16 INFO generation_trace event="{RelatedRunID: ActorKind: RequestID:req_V76FXE_UTO2h8u__4ngx1Q RunID: ModelID: Sequence:2 ElapsedMS:0 Kind:check_begin Late:false Fact:{Stage:request State:running BeginMS:0 EndMS:-1 DurationMS:-1 Check:identity Detail:{Reason: Field: Target:-1 Actual:-1 Limit:-1 Start:-1 End:-1 ExpectedType: ActualType:}} Provider:<nil> Outcome: Refunded:false}"
2026/09/23 11:38:16 INFO generation_trace event="{RelatedRunID: ActorKind:account RequestID:req_V76FXE_UTO2h8u__4ngx1Q RunID: ModelID: Sequence:3 ElapsedMS:0 Kind:actor_resolved Late:false Fact:{Stage: State: BeginMS:0 EndMS:0 DurationMS:0 Check: Detail:{Reason: Field: Target:0 Actual:0 Limit:0 Start:0 End:0 ExpectedType: ActualType:}} Provider:<nil> Outcome: Refunded:false}"
2026/09/23 11:38:16 INFO generation_trace event="{RelatedRunID: ActorKind: RequestID:req_V76FXE_UTO2h8u__4ngx1Q RunID: ModelID: Sequence:4 ElapsedMS:0 Kind:check_end Late:false Fact:{Stage:request State:ok BeginMS:0 EndMS:-1 DurationMS:-1 Check:identity Detail:{Reason: Field: Target:-1 Actual:-1 Limit:-1 Start:-1 End:-1 ExpectedType: ActualType:}} Provider:<nil> Outcome: Refunded:false}"
2026/09/23 11:38:16 INFO generation_trace event="{RelatedRunID: ActorKind: RequestID:req_V76FXE_UTO2h8u__4ngx1Q RunID: ModelID: Sequence:5 ElapsedMS:0 Kind:check_begin Late:false Fact:{Stage:request State:running BeginMS:0 EndMS:-1 DurationMS:-1 Check:origin Detail:{Reason: Field: Target:-1 Actual:-1 Limit:-1 Start:-1 End:-1 ExpectedType: ActualType:}} Provider:<nil> Outcome: Refunded:false}"
2026/09/23 11:38:16 INFO generation_trace event="{RelatedRunID: ActorKind: RequestID:req_V76FXE_UTO2h8u__4ngx1Q RunID: ModelID: Sequence:6 ElapsedMS:0 Kind:check_end Late:false Fact:{Stage:request State:ok BeginMS:0 EndMS:-1 DurationMS:-1 Check:origin Detail:{Reason: Field: Target:-1 Actual:-1 Limit:-1 Start:-1 End:-1 ExpectedType: ActualType:}} Provider:<nil> Outcome: Refunded:false}"
2026/09/23 11:38:16 INFO generation_trace event="{RelatedRunID: ActorKind: RequestID:req_V76FXE_UTO2h8u__4ngx1Q RunID: ModelID: Sequence:7 ElapsedMS:0 Kind:check_begin Late:false Fact:{Stage:request State:running BeginMS:0 EndMS:-1 DurationMS:-1 Check:content_type Detail:{Reason: Field: Target:-1 Actual:-1 Limit:-1 Start:-1 End:-1 ExpectedType: ActualType:}} Provider:<nil> Outcome: Refunded:false}"
2026/09/23 11:38:16 INFO generation_trace event="{RelatedRunID: ActorKind: RequestID:req_V76FXE_UTO2h8u__4ngx1Q RunID: ModelID: Sequence:8 ElapsedMS:0 Kind:check_end Late:false Fact:{Stage:request State:ok BeginMS:0 EndMS:-1 DurationMS:-1 Check:content_type Detail:{Reason: Field: Target:-1 Actual:-1 Limit:-1 Start:-1 End:-1 ExpectedType: ActualType:}} Provider:<nil> Outcome: Refunded:false}"
2026/09/23 11:38:16 INFO generation_trace event="{RelatedRunID: ActorKind: RequestID:req_V76FXE_UTO2h8u__4ngx1Q RunID: ModelID: Sequence:9 ElapsedMS:0 Kind:check_begin Late:false Fact:{Stage:request State:running BeginMS:0 EndMS:-1 DurationMS:-1 Check:csrf Detail:{Reason: Field: Target:-1 Actual:-1 Limit:-1 Start:-1 End:-1 ExpectedType: ActualType:}} Provider:<nil> Outcome: Refunded:false}"
2026/09/23 11:38:16 INFO generation_trace event="{RelatedRunID: ActorKind: RequestID:req_V76FXE_UTO2h8u__4ngx1Q RunID: ModelID: Sequence:10 ElapsedMS:0 Kind:check_end Late:false Fact:{Stage:request State:ok BeginMS:0 EndMS:-1 DurationMS:-1 Check:csrf Detail:{Reason: Field: Target:-1 Actual:-1 Limit:-1 Start:-1 End:-1 ExpectedType: ActualType:}} Provider:<nil> Outcome: Refunded:false}"
2026/09/23 11:38:16 INFO generation_trace event="{RelatedRunID: ActorKind: RequestID:req_V76FXE_UTO2h8u__4ngx1Q RunID: ModelID: Sequence:11 ElapsedMS:1 Kind:check_begin Late:false Fact:{Stage:request State:running BeginMS:0 EndMS:-1 DurationMS:-1 Check:body Detail:{Reason: Field: Target:-1 Actual:-1 Limit:-1 Start:-1 End:-1 ExpectedType: ActualType:}} Provider:<nil> Outcome: Refunded:false}"
2026/09/23 11:38:16 INFO generation_trace event="{RelatedRunID: ActorKind: RequestID:req_V76FXE_UTO2h8u__4ngx1Q RunID: ModelID: Sequence:12 ElapsedMS:1 Kind:stage_begin Late:false Fact:{Stage:preflight State:running BeginMS:1 EndMS:-1 DurationMS:-1 Check: Detail:{Reason: Field: Target:-1 Actual:-1 Limit:-1 Start:-1 End:-1 ExpectedType: ActualType:}} Provider:<nil> Outcome: Refunded:false}"
2026/09/23 11:38:16 INFO generation_trace event="{RelatedRunID: ActorKind: RequestID:req_V76FXE_UTO2h8u__4ngx1Q RunID: ModelID: Sequence:13 ElapsedMS:1 Kind:check_begin Late:false Fact:{Stage:preflight State:running BeginMS:1 EndMS:-1 DurationMS:-1 Check:input Detail:{Reason: Field: Target:-1 Actual:-1 Limit:-1 Start:-1 End:-1 ExpectedType: ActualType:}} Provider:<nil> Outcome: Refunded:false}"
2026/09/23 11:38:16 INFO generation_trace event="{RelatedRunID: ActorKind: RequestID:req_V76FXE_UTO2h8u__4ngx1Q RunID: ModelID: Sequence:14 ElapsedMS:1 Kind:check_end Late:false Fact:{Stage:preflight State:ok BeginMS:1 EndMS:-1 DurationMS:-1 Check:input Detail:{Reason: Field: Target:-1 Actual:-1 Limit:-1 Start:-1 End:-1 ExpectedType: ActualType:}} Provider:<nil> Outcome: Refunded:false}"
2026/09/23 11:38:16 INFO generation_trace event="{RelatedRunID: ActorKind: RequestID:req_V76FXE_UTO2h8u__4ngx1Q RunID: ModelID: Sequence:15 ElapsedMS:1 Kind:check_begin Late:false Fact:{Stage:preflight State:running BeginMS:1 EndMS:-1 DurationMS:-1 Check:transaction_begin Detail:{Reason: Field: Target:-1 Actual:-1 Limit:-1 Start:-1 End:-1 ExpectedType: ActualType:}} Provider:<nil> Outcome: Refunded:false}"
2026/09/23 11:38:16 INFO generation_trace event="{RelatedRunID: ActorKind: RequestID:req_V76FXE_UTO2h8u__4ngx1Q RunID: ModelID: Sequence:16 ElapsedMS:1 Kind:check_end Late:false Fact:{Stage:preflight State:ok BeginMS:1 EndMS:-1 DurationMS:-1 Check:transaction_begin Detail:{Reason: Field: Target:-1 Actual:-1 Limit:-1 Start:-1 End:-1 ExpectedType: ActualType:}} Provider:<nil> Outcome: Refunded:false}"
2026/09/23 11:38:16 INFO generation_trace event="{RelatedRunID: ActorKind: RequestID:req_V76FXE_UTO2h8u__4ngx1Q RunID: ModelID: Sequence:17 ElapsedMS:1 Kind:check_begin Late:false Fact:{Stage:preflight State:running BeginMS:1 EndMS:-1 DurationMS:-1 Check:credentials Detail:{Reason: Field: Target:-1 Actual:-1 Limit:-1 Start:-1 End:-1 ExpectedType: ActualType:}} Provider:<nil> Outcome: Refunded:false}"
2026/09/23 11:38:16 INFO generation_trace event="{RelatedRunID: ActorKind: RequestID:req_V76FXE_UTO2h8u__4ngx1Q RunID: ModelID: Sequence:18 ElapsedMS:2 Kind:check_end Late:false Fact:{Stage:preflight State:ok BeginMS:1 EndMS:-1 DurationMS:-1 Check:credentials Detail:{Reason: Field: Target:-1 Actual:-1 Limit:-1 Start:-1 End:-1 ExpectedType: ActualType:}} Provider:<nil> Outcome: Refunded:false}"
2026/09/23 11:38:16 INFO generation_trace event="{RelatedRunID: ActorKind: RequestID:req_V76FXE_UTO2h8u__4ngx1Q RunID: ModelID: Sequence:19 ElapsedMS:2 Kind:check_begin Late:false Fact:{Stage:preflight State:running BeginMS:1 EndMS:-1 DurationMS:-1 Check:actor_lock Detail:{Reason: Field: Target:-1 Actual:-1 Limit:-1 Start:-1 End:-1 ExpectedType: ActualType:}} Provider:<nil> Outcome: Refunded:false}"
2026/09/23 11:38:16 INFO generation_trace event="{RelatedRunID: ActorKind: RequestID:req_V76FXE_UTO2h8u__4ngx1Q RunID: ModelID: Sequence:20 ElapsedMS:2 Kind:check_end Late:false Fact:{Stage:preflight State:ok BeginMS:1 EndMS:-1 DurationMS:-1 Check:actor_lock Detail:{Reason: Field: Target:-1 Actual:-1 Limit:-1 Start:-1 End:-1 ExpectedType: ActualType:}} Provider:<nil> Outcome: Refunded:false}"
2026/09/23 11:38:16 INFO generation_trace event="{RelatedRunID: ActorKind: RequestID:req_V76FXE_UTO2h8u__4ngx1Q RunID: ModelID: Sequence:21 ElapsedMS:2 Kind:check_begin Late:false Fact:{Stage:preflight State:running BeginMS:1 EndMS:-1 DurationMS:-1 Check:group_policy Detail:{Reason: Field: Target:-1 Actual:-1 Limit:-1 Start:-1 End:-1 ExpectedType: ActualType:}} Provider:<nil> Outcome: Refunded:false}"
2026/09/23 11:38:16 INFO generation_trace event="{RelatedRunID: ActorKind: RequestID:req_V76FXE_UTO2h8u__4ngx1Q RunID: ModelID: Sequence:22 ElapsedMS:2 Kind:check_end Late:false Fact:{Stage:preflight State:ok BeginMS:1 EndMS:-1 DurationMS:-1 Check:group_policy Detail:{Reason: Field: Target:-1 Actual:-1 Limit:-1 Start:-1 End:-1 ExpectedType: ActualType:}} Provider:<nil> Outcome: Refunded:false}"
2026/09/23 11:38:16 INFO generation_trace event="{RelatedRunID: ActorKind: RequestID:req_V76FXE_UTO2h8u__4ngx1Q RunID: ModelID: Sequence:23 ElapsedMS:2 Kind:check_begin Late:false Fact:{Stage:preflight State:running BeginMS:1 EndMS:-1 DurationMS:-1 Check:model_assignment Detail:{Reason: Field: Target:-1 Actual:-1 Limit:-1 Start:-1 End:-1 ExpectedType: ActualType:}} Provider:<nil> Outcome: Refunded:false}"
2026/09/23 11:38:16 INFO generation_trace event="{RelatedRunID: ActorKind: RequestID:req_V76FXE_UTO2h8u__4ngx1Q RunID: ModelID: Sequence:24 ElapsedMS:3 Kind:check_end Late:false Fact:{Stage:preflight State:ok BeginMS:1 EndMS:-1 DurationMS:-1 Check:model_assignment Detail:{Reason: Field: Target:-1 Actual:-1 Limit:-1 Start:-1 End:-1 ExpectedType: ActualType:}} Provider:<nil> Outcome: Refunded:false}"
2026/09/23 11:38:16 INFO generation_trace event="{RelatedRunID: ActorKind: RequestID:req_V76FXE_UTO2h8u__4ngx1Q RunID: ModelID: Sequence:25 ElapsedMS:3 Kind:check_begin Late:false Fact:{Stage:preflight State:running BeginMS:1 EndMS:-1 DurationMS:-1 Check:length_assignment Detail:{Reason: Field: Target:-1 Actual:-1 Limit:-1 Start:-1 End:-1 ExpectedType: ActualType:}} Provider:<nil> Outcome: Refunded:false}"
2026/09/23 11:38:16 INFO generation_trace event="{RelatedRunID: ActorKind: RequestID:req_V76FXE_UTO2h8u__4ngx1Q RunID: ModelID: Sequence:26 ElapsedMS:3 Kind:check_end Late:false Fact:{Stage:preflight State:ok BeginMS:1 EndMS:-1 DurationMS:-1 Check:length_assignment Detail:{Reason: Field: Target:-1 Actual:-1 Limit:-1 Start:-1 End:-1 ExpectedType: ActualType:}} Provider:<nil> Outcome: Refunded:false}"
2026/09/23 11:38:16 INFO generation_trace event="{RelatedRunID: ActorKind: RequestID:req_V76FXE_UTO2h8u__4ngx1Q RunID: ModelID: Sequence:27 ElapsedMS:3 Kind:check_begin Late:false Fact:{Stage:preflight State:running BeginMS:1 EndMS:-1 DurationMS:-1 Check:vocabulary Detail:{Reason: Field: Target:-1 Actual:-1 Limit:-1 Start:-1 End:-1 ExpectedType: ActualType:}} Provider:<nil> Outcome: Refunded:false}"
2026/09/23 11:38:16 INFO generation_trace event="{RelatedRunID: ActorKind: RequestID:req_V76FXE_UTO2h8u__4ngx1Q RunID: ModelID: Sequence:28 ElapsedMS:3 Kind:check_end Late:false Fact:{Stage:preflight State:ok BeginMS:1 EndMS:-1 DurationMS:-1 Check:vocabulary Detail:{Reason: Field: Target:-1 Actual:-1 Limit:-1 Start:-1 End:-1 ExpectedType: ActualType:}} Provider:<nil> Outcome: Refunded:false}"
2026/09/23 11:38:16 INFO generation_trace event="{RelatedRunID: ActorKind: RequestID:req_V76FXE_UTO2h8u__4ngx1Q RunID: ModelID: Sequence:29 ElapsedMS:3 Kind:check_begin Late:false Fact:{Stage:preflight State:running BeginMS:1 EndMS:-1 DurationMS:-1 Check:quota Detail:{Reason: Field: Target:-1 Actual:-1 Limit:-1 Start:-1 End:-1 ExpectedType: ActualType:}} Provider:<nil> Outcome: Refunded:false}"
2026/09/23 11:38:16 INFO generation_trace event="{RelatedRunID: ActorKind: RequestID:req_V76FXE_UTO2h8u__4ngx1Q RunID: ModelID: Sequence:30 ElapsedMS:3 Kind:check_end Late:false Fact:{Stage:preflight State:ok BeginMS:1 EndMS:-1 DurationMS:-1 Check:quota Detail:{Reason: Field: Target:-1 Actual:-1 Limit:-1 Start:-1 End:-1 ExpectedType: ActualType:}} Provider:<nil> Outcome: Refunded:false}"
2026/09/23 11:38:16 INFO generation_trace event="{RelatedRunID: ActorKind: RequestID:req_V76FXE_UTO2h8u__4ngx1Q RunID: ModelID: Sequence:31 ElapsedMS:4 Kind:check_begin Late:false Fact:{Stage:preflight State:running BeginMS:1 EndMS:-1 DurationMS:-1 Check:reserve Detail:{Reason: Field: Target:-1 Actual:-1 Limit:-1 Start:-1 End:-1 ExpectedType: ActualType:}} Provider:<nil> Outcome: Refunded:false}"
2026/09/23 11:38:16 INFO generation_trace event="{RelatedRunID: ActorKind: RequestID:req_V76FXE_UTO2h8u__4ngx1Q RunID: ModelID: Sequence:32 ElapsedMS:5 Kind:check_end Late:false Fact:{Stage:preflight State:ok BeginMS:1 EndMS:-1 DurationMS:-1 Check:reserve Detail:{Reason: Field: Target:-1 Actual:-1 Limit:-1 Start:-1 End:-1 ExpectedType: ActualType:}} Provider:<nil> Outcome: Refunded:false}"
2026/09/23 11:38:16 INFO generation_trace event="{RelatedRunID: ActorKind: RequestID:req_V76FXE_UTO2h8u__4ngx1Q RunID: ModelID: Sequence:33 ElapsedMS:5 Kind:check_begin Late:false Fact:{Stage:preflight State:running BeginMS:1 EndMS:-1 DurationMS:-1 Check:entries Detail:{Reason: Field: Target:-1 Actual:-1 Limit:-1 Start:-1 End:-1 ExpectedType: ActualType:}} Provider:<nil> Outcome: Refunded:false}"
2026/09/23 11:38:16 INFO generation_trace event="{RelatedRunID: ActorKind: RequestID:req_V76FXE_UTO2h8u__4ngx1Q RunID: ModelID: Sequence:34 ElapsedMS:5 Kind:check_end Late:false Fact:{Stage:preflight State:ok BeginMS:1 EndMS:-1 DurationMS:-1 Check:entries Detail:{Reason: Field: Target:-1 Actual:-1 Limit:-1 Start:-1 End:-1 ExpectedType: ActualType:}} Provider:<nil> Outcome: Refunded:false}"
2026/09/23 11:38:16 INFO generation_trace event="{RelatedRunID: ActorKind: RequestID:req_V76FXE_UTO2h8u__4ngx1Q RunID: ModelID: Sequence:35 ElapsedMS:5 Kind:check_begin Late:false Fact:{Stage:preflight State:running BeginMS:1 EndMS:-1 DurationMS:-1 Check:token Detail:{Reason: Field: Target:-1 Actual:-1 Limit:-1 Start:-1 End:-1 ExpectedType: ActualType:}} Provider:<nil> Outcome: Refunded:false}"
2026/09/23 11:38:16 INFO generation_trace event="{RelatedRunID: ActorKind: RequestID:req_V76FXE_UTO2h8u__4ngx1Q RunID: ModelID: Sequence:36 ElapsedMS:5 Kind:check_end Late:false Fact:{Stage:preflight State:ok BeginMS:1 EndMS:-1 DurationMS:-1 Check:token Detail:{Reason: Field: Target:-1 Actual:-1 Limit:-1 Start:-1 End:-1 ExpectedType: ActualType:}} Provider:<nil> Outcome: Refunded:false}"
2026/09/23 11:38:16 INFO generation_trace event="{RelatedRunID: ActorKind: RequestID:req_V76FXE_UTO2h8u__4ngx1Q RunID: ModelID: Sequence:37 ElapsedMS:5 Kind:check_begin Late:false Fact:{Stage:preflight State:running BeginMS:1 EndMS:-1 DurationMS:-1 Check:transaction_commit Detail:{Reason: Field: Target:-1 Actual:-1 Limit:-1 Start:-1 End:-1 ExpectedType: ActualType:}} Provider:<nil> Outcome: Refunded:false}"
2026/09/23 11:38:16 INFO generation_trace event="{RelatedRunID: ActorKind: RequestID:req_V76FXE_UTO2h8u__4ngx1Q RunID:01a0cc57-b92e-7988-b27a-5df8d1bd5d8d ModelID:01a0cc57-b2bd-70b3-8fc9-0ade433c396a Sequence:38 ElapsedMS:6 Kind:run_bound Late:false Fact:{Stage: State: BeginMS:0 EndMS:0 DurationMS:0 Check: Detail:{Reason: Field: Target:0 Actual:0 Limit:0 Start:0 End:0 ExpectedType: ActualType:}} Provider:<nil> Outcome: Refunded:false}"
2026/09/23 11:38:16 INFO generation_trace event="{RelatedRunID: ActorKind: RequestID:req_V76FXE_UTO2h8u__4ngx1Q RunID:01a0cc57-b92e-7988-b27a-5df8d1bd5d8d ModelID:01a0cc57-b2bd-70b3-8fc9-0ade433c396a Sequence:39 ElapsedMS:6 Kind:check_end Late:false Fact:{Stage:preflight State:ok BeginMS:1 EndMS:6 DurationMS:5 Check:transaction_commit Detail:{Reason: Field: Target:-1 Actual:-1 Limit:-1 Start:-1 End:-1 ExpectedType: ActualType:}} Provider:<nil> Outcome: Refunded:false}"
2026/09/23 11:38:16 INFO generation_trace event="{RelatedRunID: ActorKind: RequestID:req_V76FXE_UTO2h8u__4ngx1Q RunID:01a0cc57-b92e-7988-b27a-5df8d1bd5d8d ModelID:01a0cc57-b2bd-70b3-8fc9-0ade433c396a Sequence:40 ElapsedMS:6 Kind:stage_end Late:false Fact:{Stage:preflight State:ok BeginMS:1 EndMS:6 DurationMS:5 Check:transaction_commit Detail:{Reason: Field: Target:-1 Actual:-1 Limit:-1 Start:-1 End:-1 ExpectedType: ActualType:}} Provider:<nil> Outcome: Refunded:false}"
2026/09/23 11:38:16 INFO generation_trace event="{RelatedRunID: ActorKind: RequestID:req_V76FXE_UTO2h8u__4ngx1Q RunID:01a0cc57-b92e-7988-b27a-5df8d1bd5d8d ModelID:01a0cc57-b2bd-70b3-8fc9-0ade433c396a Sequence:41 ElapsedMS:6 Kind:stage_begin Late:false Fact:{Stage:provider_open State:running BeginMS:6 EndMS:-1 DurationMS:-1 Check: Detail:{Reason: Field: Target:-1 Actual:-1 Limit:-1 Start:-1 End:-1 ExpectedType: ActualType:}} Provider:<nil> Outcome: Refunded:false}"
2026/09/23 11:38:16 INFO generation_trace event="{RelatedRunID: ActorKind: RequestID:req_V76FXE_UTO2h8u__4ngx1Q RunID:01a0cc57-b92e-7988-b27a-5df8d1bd5d8d ModelID:01a0cc57-b2bd-70b3-8fc9-0ade433c396a Sequence:42 ElapsedMS:6 Kind:check_begin Late:false Fact:{Stage:provider_open State:running BeginMS:6 EndMS:-1 DurationMS:-1 Check:credentials Detail:{Reason: Field: Target:-1 Actual:-1 Limit:-1 Start:-1 End:-1 ExpectedType: ActualType:}} Provider:<nil> Outcome: Refunded:false}"
2026/09/23 11:38:16 INFO generation_trace event="{RelatedRunID: ActorKind: RequestID:req_V76FXE_UTO2h8u__4ngx1Q RunID:01a0cc57-b92e-7988-b27a-5df8d1bd5d8d ModelID:01a0cc57-b2bd-70b3-8fc9-0ade433c396a Sequence:43 ElapsedMS:6 Kind:check_end Late:false Fact:{Stage:provider_open State:ok BeginMS:6 EndMS:-1 DurationMS:-1 Check:credentials Detail:{Reason: Field: Target:-1 Actual:-1 Limit:-1 Start:-1 End:-1 ExpectedType: ActualType:}} Provider:<nil> Outcome: Refunded:false}"
2026/09/23 11:38:16 INFO generation_trace event="{RelatedRunID: ActorKind: RequestID:req_V76FXE_UTO2h8u__4ngx1Q RunID:01a0cc57-b92e-7988-b27a-5df8d1bd5d8d ModelID:01a0cc57-b2bd-70b3-8fc9-0ade433c396a Sequence:44 ElapsedMS:6 Kind:check_begin Late:false Fact:{Stage:provider_open State:running BeginMS:6 EndMS:-1 DurationMS:-1 Check:request_encode Detail:{Reason: Field: Target:-1 Actual:-1 Limit:-1 Start:-1 End:-1 ExpectedType: ActualType:}} Provider:<nil> Outcome: Refunded:false}"
2026/09/23 11:38:16 INFO generation_trace event="{RelatedRunID: ActorKind: RequestID:req_V76FXE_UTO2h8u__4ngx1Q RunID:01a0cc57-b92e-7988-b27a-5df8d1bd5d8d ModelID:01a0cc57-b2bd-70b3-8fc9-0ade433c396a Sequence:45 ElapsedMS:7 Kind:check_end Late:false Fact:{Stage:provider_open State:ok BeginMS:6 EndMS:-1 DurationMS:-1 Check:request_encode Detail:{Reason: Field: Target:-1 Actual:-1 Limit:-1 Start:-1 End:-1 ExpectedType: ActualType:}} Provider:<nil> Outcome: Refunded:false}"
2026/09/23 11:38:16 INFO generation_trace event="{RelatedRunID: ActorKind: RequestID:req_V76FXE_UTO2h8u__4ngx1Q RunID:01a0cc57-b92e-7988-b27a-5df8d1bd5d8d ModelID:01a0cc57-b2bd-70b3-8fc9-0ade433c396a Sequence:46 ElapsedMS:7 Kind:check_begin Late:false Fact:{Stage:provider_open State:running BeginMS:6 EndMS:-1 DurationMS:-1 Check:request_create Detail:{Reason: Field: Target:-1 Actual:-1 Limit:-1 Start:-1 End:-1 ExpectedType: ActualType:}} Provider:<nil> Outcome: Refunded:false}"
2026/09/23 11:38:16 INFO generation_trace event="{RelatedRunID: ActorKind: RequestID:req_V76FXE_UTO2h8u__4ngx1Q RunID:01a0cc57-b92e-7988-b27a-5df8d1bd5d8d ModelID:01a0cc57-b2bd-70b3-8fc9-0ade433c396a Sequence:47 ElapsedMS:7 Kind:check_end Late:false Fact:{Stage:provider_open State:ok BeginMS:6 EndMS:-1 DurationMS:-1 Check:request_create Detail:{Reason: Field: Target:-1 Actual:-1 Limit:-1 Start:-1 End:-1 ExpectedType: ActualType:}} Provider:<nil> Outcome: Refunded:false}"
2026/09/23 11:38:16 INFO generation_trace event="{RelatedRunID: ActorKind: RequestID:req_V76FXE_UTO2h8u__4ngx1Q RunID:01a0cc57-b92e-7988-b27a-5df8d1bd5d8d ModelID:01a0cc57-b2bd-70b3-8fc9-0ade433c396a Sequence:48 ElapsedMS:7 Kind:check_begin Late:false Fact:{Stage:provider_open State:running BeginMS:6 EndMS:-1 DurationMS:-1 Check:request_send Detail:{Reason: Field: Target:-1 Actual:-1 Limit:-1 Start:-1 End:-1 ExpectedType: ActualType:}} Provider:<nil> Outcome: Refunded:false}"
2026/09/23 11:38:16 INFO generation_trace event="{RelatedRunID: ActorKind: RequestID:req_V76FXE_UTO2h8u__4ngx1Q RunID:01a0cc57-b92e-7988-b27a-5df8d1bd5d8d ModelID:01a0cc57-b2bd-70b3-8fc9-0ade433c396a Sequence:49 ElapsedMS:8 Kind:check_end Late:false Fact:{Stage:provider_open State:ok BeginMS:6 EndMS:-1 DurationMS:-1 Check:request_send Detail:{Reason: Field: Target:-1 Actual:-1 Limit:-1 Start:-1 End:-1 ExpectedType: ActualType:}} Provider:<nil> Outcome: Refunded:false}"
2026/09/23 11:38:16 INFO generation_trace event="{RelatedRunID: ActorKind: RequestID:req_V76FXE_UTO2h8u__4ngx1Q RunID:01a0cc57-b92e-7988-b27a-5df8d1bd5d8d ModelID:01a0cc57-b2bd-70b3-8fc9-0ade433c396a Sequence:50 ElapsedMS:8 Kind:check_begin Late:false Fact:{Stage:provider_open State:running BeginMS:6 EndMS:-1 DurationMS:-1 Check:response_headers Detail:{Reason: Field: Target:-1 Actual:-1 Limit:-1 Start:-1 End:-1 ExpectedType: ActualType:}} Provider:<nil> Outcome: Refunded:false}"
2026/09/23 11:38:16 INFO generation_trace event="{RelatedRunID: ActorKind: RequestID:req_V76FXE_UTO2h8u__4ngx1Q RunID:01a0cc57-b92e-7988-b27a-5df8d1bd5d8d ModelID:01a0cc57-b2bd-70b3-8fc9-0ade433c396a Sequence:51 ElapsedMS:9 Kind:provider Late:false Fact:{Stage:provider_open State:running BeginMS:6 EndMS:-1 DurationMS:-1 Check:response_headers Detail:{Reason: Field: Target:-1 Actual:-1 Limit:-1 Start:-1 End:-1 ExpectedType: ActualType:}} Provider:0xc000b628c0 Outcome: Refunded:false}"
2026/09/23 11:38:16 INFO generation_trace event="{RelatedRunID: ActorKind: RequestID:req_V76FXE_UTO2h8u__4ngx1Q RunID:01a0cc57-b92e-7988-b27a-5df8d1bd5d8d ModelID:01a0cc57-b2bd-70b3-8fc9-0ade433c396a Sequence:52 ElapsedMS:9 Kind:check_end Late:false Fact:{Stage:provider_open State:ok BeginMS:6 EndMS:9 DurationMS:3 Check:response_headers Detail:{Reason: Field: Target:-1 Actual:-1 Limit:-1 Start:-1 End:-1 ExpectedType: ActualType:}} Provider:<nil> Outcome: Refunded:false}"
2026/09/23 11:38:16 INFO generation_trace event="{RelatedRunID: ActorKind: RequestID:req_V76FXE_UTO2h8u__4ngx1Q RunID:01a0cc57-b92e-7988-b27a-5df8d1bd5d8d ModelID:01a0cc57-b2bd-70b3-8fc9-0ade433c396a Sequence:53 ElapsedMS:9 Kind:stage_end Late:false Fact:{Stage:provider_open State:ok BeginMS:6 EndMS:9 DurationMS:3 Check:response_headers Detail:{Reason: Field: Target:-1 Actual:-1 Limit:-1 Start:-1 End:-1 ExpectedType: ActualType:}} Provider:<nil> Outcome: Refunded:false}"
2026/09/23 11:38:16 INFO generation_trace event="{RelatedRunID: ActorKind: RequestID:req_V76FXE_UTO2h8u__4ngx1Q RunID:01a0cc57-b92e-7988-b27a-5df8d1bd5d8d ModelID:01a0cc57-b2bd-70b3-8fc9-0ade433c396a Sequence:54 ElapsedMS:9 Kind:stage_begin Late:false Fact:{Stage:delivery State:running BeginMS:9 EndMS:-1 DurationMS:-1 Check: Detail:{Reason: Field: Target:-1 Actual:-1 Limit:-1 Start:-1 End:-1 ExpectedType: ActualType:}} Provider:<nil> Outcome: Refunded:false}"
2026/09/23 11:38:16 INFO generation_trace event="{RelatedRunID: ActorKind: RequestID:req_V76FXE_UTO2h8u__4ngx1Q RunID:01a0cc57-b92e-7988-b27a-5df8d1bd5d8d ModelID:01a0cc57-b2bd-70b3-8fc9-0ade433c396a Sequence:55 ElapsedMS:9 Kind:fact Late:false Fact:{Stage:delivery State:running BeginMS:9 EndMS:-1 DurationMS:-1 Check:started Detail:{Reason: Field: Target:-1 Actual:192 Limit:-1 Start:-1 End:-1 ExpectedType: ActualType:}} Provider:<nil> Outcome: Refunded:false}"
2026/09/23 11:38:16 INFO generation_trace event="{RelatedRunID: ActorKind: RequestID:req_V76FXE_UTO2h8u__4ngx1Q RunID:01a0cc57-b92e-7988-b27a-5df8d1bd5d8d ModelID:01a0cc57-b2bd-70b3-8fc9-0ade433c396a Sequence:56 ElapsedMS:9 Kind:stage_begin Late:false Fact:{Stage:provider_stream State:running BeginMS:9 EndMS:-1 DurationMS:-1 Check: Detail:{Reason: Field: Target:-1 Actual:-1 Limit:-1 Start:-1 End:-1 ExpectedType: ActualType:}} Provider:<nil> Outcome: Refunded:false}"
2026/09/23 11:38:16 INFO generation_trace event="{RelatedRunID: ActorKind: RequestID:req_V76FXE_UTO2h8u__4ngx1Q RunID:01a0cc57-b92e-7988-b27a-5df8d1bd5d8d ModelID:01a0cc57-b2bd-70b3-8fc9-0ade433c396a Sequence:57 ElapsedMS:9 Kind:fact Late:false Fact:{Stage:provider_stream State:running BeginMS:9 EndMS:-1 DurationMS:-1 Check:frame Detail:{Reason: Field: Target:-1 Actual:1 Limit:-1 Start:-1 End:690 ExpectedType: ActualType:}} Provider:<nil> Outcome: Refunded:false}"
2026/09/23 11:38:16 INFO generation_trace event="{RelatedRunID: ActorKind: RequestID:req_V76FXE_UTO2h8u__4ngx1Q RunID:01a0cc57-b92e-7988-b27a-5df8d1bd5d8d ModelID:01a0cc57-b2bd-70b3-8fc9-0ade433c396a Sequence:58 ElapsedMS:9 Kind:provider Late:false Fact:{Stage:provider_stream State:running BeginMS:9 EndMS:-1 DurationMS:-1 Check: Detail:{Reason: Field: Target:-1 Actual:-1 Limit:-1 Start:-1 End:-1 ExpectedType: ActualType:}} Provider:0xc0003d7d60 Outcome: Refunded:false}"
2026/09/23 11:38:16 INFO generation_trace event="{RelatedRunID: ActorKind: RequestID:req_V76FXE_UTO2h8u__4ngx1Q RunID:01a0cc57-b92e-7988-b27a-5df8d1bd5d8d ModelID:01a0cc57-b2bd-70b3-8fc9-0ade433c396a Sequence:59 ElapsedMS:9 Kind:first_provider_content Late:false Fact:{Stage:provider_stream State:running BeginMS:9 EndMS:-1 DurationMS:-1 Check:content Detail:{Reason: Field: Target:-1 Actual:632 Limit:16777216 Start:0 End:632 ExpectedType: ActualType:}} Provider:<nil> Outcome: Refunded:false}"
2026/09/23 11:38:16 INFO generation_trace event="{RelatedRunID: ActorKind: RequestID:req_V76FXE_UTO2h8u__4ngx1Q RunID:01a0cc57-b92e-7988-b27a-5df8d1bd5d8d ModelID:01a0cc57-b2bd-70b3-8fc9-0ade433c396a Sequence:60 ElapsedMS:10 Kind:fact Late:false Fact:{Stage:provider_stream State:running BeginMS:9 EndMS:-1 DurationMS:-1 Check:content Detail:{Reason: Field: Target:-1 Actual:632 Limit:16777216 Start:0 End:632 ExpectedType: ActualType:}} Provider:<nil> Outcome: Refunded:false}"
2026/09/23 11:38:16 INFO generation_trace event="{RelatedRunID: ActorKind: RequestID:req_V76FXE_UTO2h8u__4ngx1Q RunID:01a0cc57-b92e-7988-b27a-5df8d1bd5d8d ModelID:01a0cc57-b2bd-70b3-8fc9-0ade433c396a Sequence:61 ElapsedMS:10 Kind:stage_begin Late:false Fact:{Stage:passage_decode State:running BeginMS:10 EndMS:-1 DurationMS:-1 Check: Detail:{Reason: Field: Target:-1 Actual:-1 Limit:-1 Start:-1 End:-1 ExpectedType: ActualType:}} Provider:<nil> Outcome: Refunded:false}"
2026/09/23 11:38:16 INFO generation_trace event="{RelatedRunID: ActorKind: RequestID:req_V76FXE_UTO2h8u__4ngx1Q RunID:01a0cc57-b92e-7988-b27a-5df8d1bd5d8d ModelID:01a0cc57-b2bd-70b3-8fc9-0ade433c396a Sequence:62 ElapsedMS:10 Kind:stage_end Late:false Fact:{Stage:provider_stream State:ok BeginMS:9 EndMS:10 DurationMS:1 Check: Detail:{Reason: Field: Target:-1 Actual:-1 Limit:-1 Start:-1 End:-1 ExpectedType: ActualType:}} Provider:<nil> Outcome: Refunded:false}"
2026/09/23 11:38:16 INFO generation_trace event="{RelatedRunID: ActorKind: RequestID:req_V76FXE_UTO2h8u__4ngx1Q RunID:01a0cc57-b92e-7988-b27a-5df8d1bd5d8d ModelID:01a0cc57-b2bd-70b3-8fc9-0ade433c396a Sequence:63 ElapsedMS:10 Kind:stage_begin Late:false Fact:{Stage:candidate_decode State:running BeginMS:10 EndMS:-1 DurationMS:-1 Check: Detail:{Reason: Field: Target:-1 Actual:-1 Limit:-1 Start:-1 End:-1 ExpectedType: ActualType:}} Provider:<nil> Outcome: Refunded:false}"
2026/09/23 11:38:16 INFO generation_trace event="{RelatedRunID: ActorKind: RequestID:req_V76FXE_UTO2h8u__4ngx1Q RunID:01a0cc57-b92e-7988-b27a-5df8d1bd5d8d ModelID:01a0cc57-b2bd-70b3-8fc9-0ade433c396a Sequence:64 ElapsedMS:10 Kind:check_begin Late:false Fact:{Stage:candidate_decode State:running BeginMS:10 EndMS:-1 DurationMS:-1 Check:json_schema Detail:{Reason: Field: Target:-1 Actual:-1 Limit:-1 Start:-1 End:-1 ExpectedType: ActualType:}} Provider:<nil> Outcome: Refunded:false}"
2026/09/23 11:38:16 INFO generation_trace event="{RelatedRunID: ActorKind: RequestID:req_V76FXE_UTO2h8u__4ngx1Q RunID:01a0cc57-b92e-7988-b27a-5df8d1bd5d8d ModelID:01a0cc57-b2bd-70b3-8fc9-0ade433c396a Sequence:65 ElapsedMS:10 Kind:check_end Late:false Fact:{Stage:candidate_decode State:ok BeginMS:10 EndMS:-1 DurationMS:-1 Check:json_schema Detail:{Reason: Field: Target:-1 Actual:-1 Limit:-1 Start:-1 End:-1 ExpectedType: ActualType:}} Provider:<nil> Outcome: Refunded:false}"
2026/09/23 11:38:16 INFO generation_trace event="{RelatedRunID: ActorKind: RequestID:req_V76FXE_UTO2h8u__4ngx1Q RunID:01a0cc57-b92e-7988-b27a-5df8d1bd5d8d ModelID:01a0cc57-b2bd-70b3-8fc9-0ade433c396a Sequence:66 ElapsedMS:10 Kind:check_begin Late:false Fact:{Stage:candidate_decode State:running BeginMS:10 EndMS:-1 DurationMS:-1 Check:candidate_bytes Detail:{Reason: Field: Target:-1 Actual:-1 Limit:-1 Start:-1 End:-1 ExpectedType: ActualType:}} Provider:<nil> Outcome: Refunded:false}"
2026/09/23 11:38:16 INFO generation_trace event="{RelatedRunID: ActorKind: RequestID:req_V76FXE_UTO2h8u__4ngx1Q RunID:01a0cc57-b92e-7988-b27a-5df8d1bd5d8d ModelID:01a0cc57-b2bd-70b3-8fc9-0ade433c396a Sequence:67 ElapsedMS:10 Kind:fact Late:false Fact:{Stage:candidate_decode State:running BeginMS:10 EndMS:-1 DurationMS:-1 Check:candidate_bytes Detail:{Reason: Field: Target:-1 Actual:632 Limit:16777216 Start:-1 End:-1 ExpectedType: ActualType:}} Provider:<nil> Outcome: Refunded:false}"
2026/09/23 11:38:16 INFO generation_trace event="{RelatedRunID: ActorKind: RequestID:req_V76FXE_UTO2h8u__4ngx1Q RunID:01a0cc57-b92e-7988-b27a-5df8d1bd5d8d ModelID:01a0cc57-b2bd-70b3-8fc9-0ade433c396a Sequence:68 ElapsedMS:10 Kind:check_end Late:false Fact:{Stage:candidate_decode State:ok BeginMS:10 EndMS:-1 DurationMS:-1 Check:candidate_bytes Detail:{Reason: Field: Target:-1 Actual:-1 Limit:-1 Start:-1 End:-1 ExpectedType: ActualType:}} Provider:<nil> Outcome: Refunded:false}"
2026/09/23 11:38:16 INFO generation_trace event="{RelatedRunID: ActorKind: RequestID:req_V76FXE_UTO2h8u__4ngx1Q RunID:01a0cc57-b92e-7988-b27a-5df8d1bd5d8d ModelID:01a0cc57-b2bd-70b3-8fc9-0ade433c396a Sequence:69 ElapsedMS:10 Kind:check_begin Late:false Fact:{Stage:candidate_decode State:running BeginMS:10 EndMS:-1 DurationMS:-1 Check:candidate_encoding Detail:{Reason: Field: Target:-1 Actual:-1 Limit:-1 Start:-1 End:-1 ExpectedType: ActualType:}} Provider:<nil> Outcome: Refunded:false}"
2026/09/23 11:38:16 INFO generation_trace event="{RelatedRunID: ActorKind: RequestID:req_V76FXE_UTO2h8u__4ngx1Q RunID:01a0cc57-b92e-7988-b27a-5df8d1bd5d8d ModelID:01a0cc57-b2bd-70b3-8fc9-0ade433c396a Sequence:70 ElapsedMS:10 Kind:check_end Late:false Fact:{Stage:candidate_decode State:ok BeginMS:10 EndMS:-1 DurationMS:-1 Check:candidate_encoding Detail:{Reason: Field: Target:-1 Actual:-1 Limit:-1 Start:-1 End:-1 ExpectedType: ActualType:}} Provider:<nil> Outcome: Refunded:false}"
2026/09/23 11:38:16 INFO generation_trace event="{RelatedRunID: ActorKind: RequestID:req_V76FXE_UTO2h8u__4ngx1Q RunID:01a0cc57-b92e-7988-b27a-5df8d1bd5d8d ModelID:01a0cc57-b2bd-70b3-8fc9-0ade433c396a Sequence:71 ElapsedMS:10 Kind:check_begin Late:false Fact:{Stage:candidate_decode State:running BeginMS:10 EndMS:-1 DurationMS:-1 Check:candidate_nonempty Detail:{Reason: Field: Target:-1 Actual:-1 Limit:-1 Start:-1 End:-1 ExpectedType: ActualType:}} Provider:<nil> Outcome: Refunded:false}"
2026/09/23 11:38:16 INFO generation_trace event="{RelatedRunID: ActorKind: RequestID:req_V76FXE_UTO2h8u__4ngx1Q RunID:01a0cc57-b92e-7988-b27a-5df8d1bd5d8d ModelID:01a0cc57-b2bd-70b3-8fc9-0ade433c396a Sequence:72 ElapsedMS:10 Kind:check_end Late:false Fact:{Stage:candidate_decode State:ok BeginMS:10 EndMS:-1 DurationMS:-1 Check:candidate_nonempty Detail:{Reason: Field: Target:-1 Actual:-1 Limit:-1 Start:-1 End:-1 ExpectedType: ActualType:}} Provider:<nil> Outcome: Refunded:false}"
2026/09/23 11:38:16 INFO generation_trace event="{RelatedRunID: ActorKind: RequestID:req_V76FXE_UTO2h8u__4ngx1Q RunID:01a0cc57-b92e-7988-b27a-5df8d1bd5d8d ModelID:01a0cc57-b2bd-70b3-8fc9-0ade433c396a Sequence:73 ElapsedMS:11 Kind:check_begin Late:false Fact:{Stage:candidate_decode State:running BeginMS:10 EndMS:-1 DurationMS:-1 Check:passage_first Detail:{Reason: Field: Target:-1 Actual:-1 Limit:-1 Start:-1 End:-1 ExpectedType: ActualType:}} Provider:<nil> Outcome: Refunded:false}"
2026/09/23 11:38:16 INFO generation_trace event="{RelatedRunID: ActorKind: RequestID:req_V76FXE_UTO2h8u__4ngx1Q RunID:01a0cc57-b92e-7988-b27a-5df8d1bd5d8d ModelID:01a0cc57-b2bd-70b3-8fc9-0ade433c396a Sequence:74 ElapsedMS:11 Kind:check_end Late:false Fact:{Stage:candidate_decode State:ok BeginMS:10 EndMS:-1 DurationMS:-1 Check:passage_first Detail:{Reason: Field: Target:-1 Actual:-1 Limit:-1 Start:-1 End:-1 ExpectedType: ActualType:}} Provider:<nil> Outcome: Refunded:false}"
2026/09/23 11:38:16 INFO generation_trace event="{RelatedRunID: ActorKind: RequestID:req_V76FXE_UTO2h8u__4ngx1Q RunID:01a0cc57-b92e-7988-b27a-5df8d1bd5d8d ModelID:01a0cc57-b2bd-70b3-8fc9-0ade433c396a Sequence:75 ElapsedMS:11 Kind:check_begin Late:false Fact:{Stage:candidate_decode State:running BeginMS:10 EndMS:-1 DurationMS:-1 Check:json_tokens Detail:{Reason: Field: Target:-1 Actual:-1 Limit:-1 Start:-1 End:-1 ExpectedType: ActualType:}} Provider:<nil> Outcome: Refunded:false}"
2026/09/23 11:38:16 INFO generation_trace event="{RelatedRunID: ActorKind: RequestID:req_V76FXE_UTO2h8u__4ngx1Q RunID:01a0cc57-b92e-7988-b27a-5df8d1bd5d8d ModelID:01a0cc57-b2bd-70b3-8fc9-0ade433c396a Sequence:76 ElapsedMS:11 Kind:first_browser_content Late:false Fact:{Stage:delivery State:running BeginMS:9 EndMS:-1 DurationMS:-1 Check:delta Detail:{Reason: Field: Target:-1 Actual:465 Limit:-1 Start:-1 End:-1 ExpectedType: ActualType:}} Provider:<nil> Outcome: Refunded:false}"
2026/09/23 11:38:16 INFO generation_trace event="{RelatedRunID: ActorKind: RequestID:req_V76FXE_UTO2h8u__4ngx1Q RunID:01a0cc57-b92e-7988-b27a-5df8d1bd5d8d ModelID:01a0cc57-b2bd-70b3-8fc9-0ade433c396a Sequence:77 ElapsedMS:11 Kind:fact Late:false Fact:{Stage:delivery State:running BeginMS:9 EndMS:-1 DurationMS:-1 Check:delta Detail:{Reason: Field: Target:-1 Actual:465 Limit:-1 Start:-1 End:-1 ExpectedType: ActualType:}} Provider:<nil> Outcome: Refunded:false}"
2026/09/23 11:38:16 INFO generation_trace event="{RelatedRunID: ActorKind: RequestID:req_V76FXE_UTO2h8u__4ngx1Q RunID:01a0cc57-b92e-7988-b27a-5df8d1bd5d8d ModelID:01a0cc57-b2bd-70b3-8fc9-0ade433c396a Sequence:78 ElapsedMS:11 Kind:check_end Late:false Fact:{Stage:candidate_decode State:ok BeginMS:10 EndMS:-1 DurationMS:-1 Check:json_tokens Detail:{Reason: Field: Target:-1 Actual:-1 Limit:-1 Start:-1 End:-1 ExpectedType: ActualType:}} Provider:<nil> Outcome: Refunded:false}"
2026/09/23 11:38:16 INFO generation_trace event="{RelatedRunID: ActorKind: RequestID:req_V76FXE_UTO2h8u__4ngx1Q RunID:01a0cc57-b92e-7988-b27a-5df8d1bd5d8d ModelID:01a0cc57-b2bd-70b3-8fc9-0ade433c396a Sequence:79 ElapsedMS:11 Kind:check_begin Late:false Fact:{Stage:candidate_decode State:running BeginMS:10 EndMS:-1 DurationMS:-1 Check:candidate_keys Detail:{Reason: Field: Target:-1 Actual:-1 Limit:-1 Start:-1 End:-1 ExpectedType: ActualType:}} Provider:<nil> Outcome: Refunded:false}"
2026/09/23 11:38:16 INFO generation_trace event="{RelatedRunID: ActorKind: RequestID:req_V76FXE_UTO2h8u__4ngx1Q RunID:01a0cc57-b92e-7988-b27a-5df8d1bd5d8d ModelID:01a0cc57-b2bd-70b3-8fc9-0ade433c396a Sequence:80 ElapsedMS:11 Kind:check_end Late:false Fact:{Stage:candidate_decode State:ok BeginMS:10 EndMS:-1 DurationMS:-1 Check:candidate_keys Detail:{Reason: Field: Target:-1 Actual:-1 Limit:-1 Start:-1 End:-1 ExpectedType: ActualType:}} Provider:<nil> Outcome: Refunded:false}"
2026/09/23 11:38:16 INFO generation_trace event="{RelatedRunID: ActorKind: RequestID:req_V76FXE_UTO2h8u__4ngx1Q RunID:01a0cc57-b92e-7988-b27a-5df8d1bd5d8d ModelID:01a0cc57-b2bd-70b3-8fc9-0ade433c396a Sequence:81 ElapsedMS:11 Kind:check_begin Late:false Fact:{Stage:candidate_decode State:running BeginMS:10 EndMS:-1 DurationMS:-1 Check:targets_type Detail:{Reason: Field: Target:-1 Actual:-1 Limit:-1 Start:-1 End:-1 ExpectedType: ActualType:}} Provider:<nil> Outcome: Refunded:false}"
2026/09/23 11:38:16 INFO generation_trace event="{RelatedRunID: ActorKind: RequestID:req_V76FXE_UTO2h8u__4ngx1Q RunID:01a0cc57-b92e-7988-b27a-5df8d1bd5d8d ModelID:01a0cc57-b2bd-70b3-8fc9-0ade433c396a Sequence:82 ElapsedMS:11 Kind:check_end Late:false Fact:{Stage:candidate_decode State:ok BeginMS:10 EndMS:-1 DurationMS:-1 Check:targets_type Detail:{Reason: Field: Target:-1 Actual:-1 Limit:-1 Start:-1 End:-1 ExpectedType: ActualType:}} Provider:<nil> Outcome: Refunded:false}"
2026/09/23 11:38:16 INFO generation_trace event="{RelatedRunID: ActorKind: RequestID:req_V76FXE_UTO2h8u__4ngx1Q RunID:01a0cc57-b92e-7988-b27a-5df8d1bd5d8d ModelID:01a0cc57-b2bd-70b3-8fc9-0ade433c396a Sequence:83 ElapsedMS:11 Kind:check_begin Late:false Fact:{Stage:candidate_decode State:running BeginMS:10 EndMS:-1 DurationMS:-1 Check:target_keys Detail:{Reason: Field: Target:0 Actual:-1 Limit:-1 Start:-1 End:-1 ExpectedType: ActualType:}} Provider:<nil> Outcome: Refunded:false}"
2026/09/23 11:38:16 INFO generation_trace event="{RelatedRunID: ActorKind: RequestID:req_V76FXE_UTO2h8u__4ngx1Q RunID:01a0cc57-b92e-7988-b27a-5df8d1bd5d8d ModelID:01a0cc57-b2bd-70b3-8fc9-0ade433c396a Sequence:84 ElapsedMS:11 Kind:fact Late:false Fact:{Stage:candidate_decode State:running BeginMS:10 EndMS:-1 DurationMS:-1 Check:target_keys Detail:{Reason: Field:targets Target:0 Actual:2 Limit:2 Start:-1 End:-1 ExpectedType: ActualType:}} Provider:<nil> Outcome: Refunded:false}"
2026/09/23 11:38:16 INFO generation_trace event="{RelatedRunID: ActorKind: RequestID:req_V76FXE_UTO2h8u__4ngx1Q RunID:01a0cc57-b92e-7988-b27a-5df8d1bd5d8d ModelID:01a0cc57-b2bd-70b3-8fc9-0ade433c396a Sequence:85 ElapsedMS:11 Kind:check_end Late:false Fact:{Stage:candidate_decode State:ok BeginMS:10 EndMS:-1 DurationMS:-1 Check:target_keys Detail:{Reason: Field: Target:0 Actual:-1 Limit:-1 Start:-1 End:-1 ExpectedType: ActualType:}} Provider:<nil> Outcome: Refunded:false}"
2026/09/23 11:38:16 INFO generation_trace event="{RelatedRunID: ActorKind: RequestID:req_V76FXE_UTO2h8u__4ngx1Q RunID:01a0cc57-b92e-7988-b27a-5df8d1bd5d8d ModelID:01a0cc57-b2bd-70b3-8fc9-0ade433c396a Sequence:86 ElapsedMS:12 Kind:check_begin Late:false Fact:{Stage:candidate_decode State:running BeginMS:10 EndMS:-1 DurationMS:-1 Check:json_decode Detail:{Reason: Field: Target:0 Actual:-1 Limit:-1 Start:-1 End:-1 ExpectedType: ActualType:}} Provider:<nil> Outcome: Refunded:false}"
2026/09/23 11:38:16 INFO generation_trace event="{RelatedRunID: ActorKind: RequestID:req_V76FXE_UTO2h8u__4ngx1Q RunID:01a0cc57-b92e-7988-b27a-5df8d1bd5d8d ModelID:01a0cc57-b2bd-70b3-8fc9-0ade433c396a Sequence:87 ElapsedMS:12 Kind:check_end Late:false Fact:{Stage:candidate_decode State:ok BeginMS:10 EndMS:-1 DurationMS:-1 Check:json_decode Detail:{Reason: Field: Target:0 Actual:-1 Limit:-1 Start:-1 End:-1 ExpectedType: ActualType:}} Provider:<nil> Outcome: Refunded:false}"
2026/09/23 11:38:16 INFO generation_trace event="{RelatedRunID: ActorKind: RequestID:req_V76FXE_UTO2h8u__4ngx1Q RunID:01a0cc57-b92e-7988-b27a-5df8d1bd5d8d ModelID:01a0cc57-b2bd-70b3-8fc9-0ade433c396a Sequence:88 ElapsedMS:12 Kind:check_begin Late:false Fact:{Stage:candidate_decode State:running BeginMS:10 EndMS:-1 DurationMS:-1 Check:json_decode Detail:{Reason: Field: Target:-1 Actual:-1 Limit:-1 Start:-1 End:-1 ExpectedType: ActualType:}} Provider:<nil> Outcome: Refunded:false}"
2026/09/23 11:38:16 INFO generation_trace event="{RelatedRunID: ActorKind: RequestID:req_V76FXE_UTO2h8u__4ngx1Q RunID:01a0cc57-b92e-7988-b27a-5df8d1bd5d8d ModelID:01a0cc57-b2bd-70b3-8fc9-0ade433c396a Sequence:89 ElapsedMS:12 Kind:check_end Late:false Fact:{Stage:candidate_decode State:ok BeginMS:10 EndMS:-1 DurationMS:-1 Check:json_decode Detail:{Reason: Field: Target:-1 Actual:-1 Limit:-1 Start:-1 End:-1 ExpectedType: ActualType:}} Provider:<nil> Outcome: Refunded:false}"
2026/09/23 11:38:16 INFO generation_trace event="{RelatedRunID: ActorKind: RequestID:req_V76FXE_UTO2h8u__4ngx1Q RunID:01a0cc57-b92e-7988-b27a-5df8d1bd5d8d ModelID:01a0cc57-b2bd-70b3-8fc9-0ade433c396a Sequence:90 ElapsedMS:12 Kind:check_begin Late:false Fact:{Stage:candidate_decode State:running BeginMS:10 EndMS:-1 DurationMS:-1 Check:json_tail Detail:{Reason: Field: Target:-1 Actual:-1 Limit:-1 Start:-1 End:-1 ExpectedType: ActualType:}} Provider:<nil> Outcome: Refunded:false}"
2026/09/23 11:38:16 INFO generation_trace event="{RelatedRunID: ActorKind: RequestID:req_V76FXE_UTO2h8u__4ngx1Q RunID:01a0cc57-b92e-7988-b27a-5df8d1bd5d8d ModelID:01a0cc57-b2bd-70b3-8fc9-0ade433c396a Sequence:91 ElapsedMS:12 Kind:check_end Late:false Fact:{Stage:candidate_decode State:ok BeginMS:10 EndMS:-1 DurationMS:-1 Check:json_tail Detail:{Reason: Field: Target:-1 Actual:-1 Limit:-1 Start:-1 End:-1 ExpectedType: ActualType:}} Provider:<nil> Outcome: Refunded:false}"
2026/09/23 11:38:16 INFO generation_trace event="{RelatedRunID: ActorKind: RequestID:req_V76FXE_UTO2h8u__4ngx1Q RunID:01a0cc57-b92e-7988-b27a-5df8d1bd5d8d ModelID:01a0cc57-b2bd-70b3-8fc9-0ade433c396a Sequence:92 ElapsedMS:12 Kind:check_begin Late:false Fact:{Stage:candidate_decode State:running BeginMS:10 EndMS:-1 DurationMS:-1 Check:passage_nonempty Detail:{Reason: Field: Target:-1 Actual:-1 Limit:-1 Start:-1 End:-1 ExpectedType: ActualType:}} Provider:<nil> Outcome: Refunded:false}"
2026/09/23 11:38:16 INFO generation_trace event="{RelatedRunID: ActorKind: RequestID:req_V76FXE_UTO2h8u__4ngx1Q RunID:01a0cc57-b92e-7988-b27a-5df8d1bd5d8d ModelID:01a0cc57-b2bd-70b3-8fc9-0ade433c396a Sequence:93 ElapsedMS:12 Kind:check_end Late:false Fact:{Stage:candidate_decode State:ok BeginMS:10 EndMS:-1 DurationMS:-1 Check:passage_nonempty Detail:{Reason: Field: Target:-1 Actual:-1 Limit:-1 Start:-1 End:-1 ExpectedType: ActualType:}} Provider:<nil> Outcome: Refunded:false}"
2026/09/23 11:38:16 INFO generation_trace event="{RelatedRunID: ActorKind: RequestID:req_V76FXE_UTO2h8u__4ngx1Q RunID:01a0cc57-b92e-7988-b27a-5df8d1bd5d8d ModelID:01a0cc57-b2bd-70b3-8fc9-0ade433c396a Sequence:94 ElapsedMS:12 Kind:check_begin Late:false Fact:{Stage:candidate_decode State:running BeginMS:10 EndMS:-1 DurationMS:-1 Check:tag_count Detail:{Reason: Field: Target:-1 Actual:-1 Limit:-1 Start:-1 End:-1 ExpectedType: ActualType:}} Provider:<nil> Outcome: Refunded:false}"
2026/09/23 11:38:16 INFO generation_trace event="{RelatedRunID: ActorKind: RequestID:req_V76FXE_UTO2h8u__4ngx1Q RunID:01a0cc57-b92e-7988-b27a-5df8d1bd5d8d ModelID:01a0cc57-b2bd-70b3-8fc9-0ade433c396a Sequence:95 ElapsedMS:12 Kind:fact Late:false Fact:{Stage:candidate_decode State:running BeginMS:10 EndMS:-1 DurationMS:-1 Check:tag_count Detail:{Reason: Field:tags Target:-1 Actual:1 Limit:3 Start:-1 End:-1 ExpectedType: ActualType:}} Provider:<nil> Outcome: Refunded:false}"
2026/09/23 11:38:16 INFO generation_trace event="{RelatedRunID: ActorKind: RequestID:req_V76FXE_UTO2h8u__4ngx1Q RunID:01a0cc57-b92e-7988-b27a-5df8d1bd5d8d ModelID:01a0cc57-b2bd-70b3-8fc9-0ade433c396a Sequence:96 ElapsedMS:12 Kind:check_end Late:false Fact:{Stage:candidate_decode State:ok BeginMS:10 EndMS:-1 DurationMS:-1 Check:tag_count Detail:{Reason: Field: Target:-1 Actual:-1 Limit:-1 Start:-1 End:-1 ExpectedType: ActualType:}} Provider:<nil> Outcome: Refunded:false}"
2026/09/23 11:38:16 INFO generation_trace event="{RelatedRunID: ActorKind: RequestID:req_V76FXE_UTO2h8u__4ngx1Q RunID:01a0cc57-b92e-7988-b27a-5df8d1bd5d8d ModelID:01a0cc57-b2bd-70b3-8fc9-0ade433c396a Sequence:97 ElapsedMS:12 Kind:check_begin Late:false Fact:{Stage:candidate_decode State:running BeginMS:10 EndMS:-1 DurationMS:-1 Check:targets_nonnull Detail:{Reason: Field: Target:-1 Actual:-1 Limit:-1 Start:-1 End:-1 ExpectedType: ActualType:}} Provider:<nil> Outcome: Refunded:false}"
2026/09/23 11:38:16 INFO generation_trace event="{RelatedRunID: ActorKind: RequestID:req_V76FXE_UTO2h8u__4ngx1Q RunID:01a0cc57-b92e-7988-b27a-5df8d1bd5d8d ModelID:01a0cc57-b2bd-70b3-8fc9-0ade433c396a Sequence:98 ElapsedMS:12 Kind:check_end Late:false Fact:{Stage:candidate_decode State:ok BeginMS:10 EndMS:-1 DurationMS:-1 Check:targets_nonnull Detail:{Reason: Field: Target:-1 Actual:-1 Limit:-1 Start:-1 End:-1 ExpectedType: ActualType:}} Provider:<nil> Outcome: Refunded:false}"
2026/09/23 11:38:16 INFO generation_trace event="{RelatedRunID: ActorKind: RequestID:req_V76FXE_UTO2h8u__4ngx1Q RunID:01a0cc57-b92e-7988-b27a-5df8d1bd5d8d ModelID:01a0cc57-b2bd-70b3-8fc9-0ade433c396a Sequence:99 ElapsedMS:12 Kind:check_begin Late:false Fact:{Stage:candidate_decode State:running BeginMS:10 EndMS:-1 DurationMS:-1 Check:tag_size Detail:{Reason: Field: Target:-1 Actual:-1 Limit:-1 Start:-1 End:-1 ExpectedType: ActualType:}} Provider:<nil> Outcome: Refunded:false}"
2026/09/23 11:38:16 INFO generation_trace event="{RelatedRunID: ActorKind: RequestID:req_V76FXE_UTO2h8u__4ngx1Q RunID:01a0cc57-b92e-7988-b27a-5df8d1bd5d8d ModelID:01a0cc57-b2bd-70b3-8fc9-0ade433c396a Sequence:100 ElapsedMS:12 Kind:fact Late:false Fact:{Stage:candidate_decode State:running BeginMS:10 EndMS:-1 DurationMS:-1 Check:tag_size Detail:{Reason: Field:tags Target:-1 Actual:5 Limit:100 Start:-1 End:-1 ExpectedType: ActualType:}} Provider:<nil> Outcome: Refunded:false}"
2026/09/23 11:38:16 INFO generation_trace event="{RelatedRunID: ActorKind: RequestID:req_V76FXE_UTO2h8u__4ngx1Q RunID:01a0cc57-b92e-7988-b27a-5df8d1bd5d8d ModelID:01a0cc57-b2bd-70b3-8fc9-0ade433c396a Sequence:101 ElapsedMS:12 Kind:check_end Late:false Fact:{Stage:candidate_decode State:ok BeginMS:10 EndMS:-1 DurationMS:-1 Check:tag_size Detail:{Reason: Field: Target:-1 Actual:-1 Limit:-1 Start:-1 End:-1 ExpectedType: ActualType:}} Provider:<nil> Outcome: Refunded:false}"
2026/09/23 11:38:16 INFO generation_trace event="{RelatedRunID: ActorKind: RequestID:req_V76FXE_UTO2h8u__4ngx1Q RunID:01a0cc57-b92e-7988-b27a-5df8d1bd5d8d ModelID:01a0cc57-b2bd-70b3-8fc9-0ade433c396a Sequence:102 ElapsedMS:13 Kind:check_begin Late:false Fact:{Stage:candidate_decode State:running BeginMS:10 EndMS:-1 DurationMS:-1 Check:source_entry_size Detail:{Reason: Field: Target:0 Actual:-1 Limit:-1 Start:-1 End:-1 ExpectedType: ActualType:}} Provider:<nil> Outcome: Refunded:false}"
2026/09/23 11:38:16 INFO generation_trace event="{RelatedRunID: ActorKind: RequestID:req_V76FXE_UTO2h8u__4ngx1Q RunID:01a0cc57-b92e-7988-b27a-5df8d1bd5d8d ModelID:01a0cc57-b2bd-70b3-8fc9-0ade433c396a Sequence:103 ElapsedMS:13 Kind:fact Late:false Fact:{Stage:candidate_decode State:running BeginMS:10 EndMS:-1 DurationMS:-1 Check:source_entry_size Detail:{Reason: Field:source_entry Target:0 Actual:5 Limit:128 Start:-1 End:-1 ExpectedType: ActualType:}} Provider:<nil> Outcome: Refunded:false}"
2026/09/23 11:38:16 INFO generation_trace event="{RelatedRunID: ActorKind: RequestID:req_V76FXE_UTO2h8u__4ngx1Q RunID:01a0cc57-b92e-7988-b27a-5df8d1bd5d8d ModelID:01a0cc57-b2bd-70b3-8fc9-0ade433c396a Sequence:104 ElapsedMS:13 Kind:check_end Late:false Fact:{Stage:candidate_decode State:ok BeginMS:10 EndMS:-1 DurationMS:-1 Check:source_entry_size Detail:{Reason: Field: Target:0 Actual:-1 Limit:-1 Start:-1 End:-1 ExpectedType: ActualType:}} Provider:<nil> Outcome: Refunded:false}"
2026/09/23 11:38:16 INFO generation_trace event="{RelatedRunID: ActorKind: RequestID:req_V76FXE_UTO2h8u__4ngx1Q RunID:01a0cc57-b92e-7988-b27a-5df8d1bd5d8d ModelID:01a0cc57-b2bd-70b3-8fc9-0ade433c396a Sequence:105 ElapsedMS:13 Kind:check_begin Late:false Fact:{Stage:candidate_decode State:running BeginMS:10 EndMS:-1 DurationMS:-1 Check:meaning_size Detail:{Reason: Field: Target:0 Actual:-1 Limit:-1 Start:-1 End:-1 ExpectedType: ActualType:}} Provider:<nil> Outcome: Refunded:false}"
2026/09/23 11:38:16 INFO generation_trace event="{RelatedRunID: ActorKind: RequestID:req_V76FXE_UTO2h8u__4ngx1Q RunID:01a0cc57-b92e-7988-b27a-5df8d1bd5d8d ModelID:01a0cc57-b2bd-70b3-8fc9-0ade433c396a Sequence:106 ElapsedMS:13 Kind:fact Late:false Fact:{Stage:candidate_decode State:running BeginMS:10 EndMS:-1 DurationMS:-1 Check:meaning_size Detail:{Reason: Field:entry_meaning Target:0 Actual:28 Limit:500 Start:-1 End:-1 ExpectedType: ActualType:}} Provider:<nil> Outcome: Refunded:false}"
2026/09/23 11:38:16 INFO generation_trace event="{RelatedRunID: ActorKind: RequestID:req_V76FXE_UTO2h8u__4ngx1Q RunID:01a0cc57-b92e-7988-b27a-5df8d1bd5d8d ModelID:01a0cc57-b2bd-70b3-8fc9-0ade433c396a Sequence:107 ElapsedMS:13 Kind:check_end Late:false Fact:{Stage:candidate_decode State:ok BeginMS:10 EndMS:-1 DurationMS:-1 Check:meaning_size Detail:{Reason: Field: Target:0 Actual:-1 Limit:-1 Start:-1 End:-1 ExpectedType: ActualType:}} Provider:<nil> Outcome: Refunded:false}"
2026/09/23 11:38:16 INFO generation_trace event="{RelatedRunID: ActorKind: RequestID:req_V76FXE_UTO2h8u__4ngx1Q RunID:01a0cc57-b92e-7988-b27a-5df8d1bd5d8d ModelID:01a0cc57-b2bd-70b3-8fc9-0ade433c396a Sequence:108 ElapsedMS:13 Kind:check_begin Late:false Fact:{Stage:candidate_decode State:running BeginMS:10 EndMS:-1 DurationMS:-1 Check:hint_size Detail:{Reason: Field: Target:0 Actual:-1 Limit:-1 Start:-1 End:-1 ExpectedType: ActualType:}} Provider:<nil> Outcome: Refunded:false}"
2026/09/23 11:38:16 INFO generation_trace event="{RelatedRunID: ActorKind: RequestID:req_V76FXE_UTO2h8u__4ngx1Q RunID:01a0cc57-b92e-7988-b27a-5df8d1bd5d8d ModelID:01a0cc57-b2bd-70b3-8fc9-0ade433c396a Sequence:109 ElapsedMS:13 Kind:fact Late:false Fact:{Stage:candidate_decode State:running BeginMS:10 EndMS:-1 DurationMS:-1 Check:hint_size Detail:{Reason: Field:hint_phrase Target:0 Actual:69 Limit:65500 Start:-1 End:-1 ExpectedType: ActualType:}} Provider:<nil> Outcome: Refunded:false}"
2026/09/23 11:38:16 INFO generation_trace event="{RelatedRunID: ActorKind: RequestID:req_V76FXE_UTO2h8u__4ngx1Q RunID:01a0cc57-b92e-7988-b27a-5df8d1bd5d8d ModelID:01a0cc57-b2bd-70b3-8fc9-0ade433c396a Sequence:110 ElapsedMS:13 Kind:check_end Late:false Fact:{Stage:candidate_decode State:ok BeginMS:10 EndMS:13 DurationMS:3 Check:hint_size Detail:{Reason: Field: Target:-1 Actual:-1 Limit:-1 Start:-1 End:-1 ExpectedType: ActualType:}} Provider:<nil> Outcome: Refunded:false}"
2026/09/23 11:38:16 INFO generation_trace event="{RelatedRunID: ActorKind: RequestID:req_V76FXE_UTO2h8u__4ngx1Q RunID:01a0cc57-b92e-7988-b27a-5df8d1bd5d8d ModelID:01a0cc57-b2bd-70b3-8fc9-0ade433c396a Sequence:111 ElapsedMS:13 Kind:stage_end Late:false Fact:{Stage:candidate_decode State:ok BeginMS:10 EndMS:13 DurationMS:3 Check:hint_size Detail:{Reason: Field: Target:-1 Actual:-1 Limit:-1 Start:-1 End:-1 ExpectedType: ActualType:}} Provider:<nil> Outcome: Refunded:false}"
2026/09/23 11:38:16 INFO generation_trace event="{RelatedRunID: ActorKind: RequestID:req_V76FXE_UTO2h8u__4ngx1Q RunID:01a0cc57-b92e-7988-b27a-5df8d1bd5d8d ModelID:01a0cc57-b2bd-70b3-8fc9-0ade433c396a Sequence:112 ElapsedMS:13 Kind:check_begin Late:false Fact:{Stage:passage_decode State:running BeginMS:10 EndMS:-1 DurationMS:-1 Check:clean_consistency Detail:{Reason: Field: Target:-1 Actual:-1 Limit:-1 Start:-1 End:-1 ExpectedType: ActualType:}} Provider:<nil> Outcome: Refunded:false}"
2026/09/23 11:38:16 INFO generation_trace event="{RelatedRunID: ActorKind: RequestID:req_V76FXE_UTO2h8u__4ngx1Q RunID:01a0cc57-b92e-7988-b27a-5df8d1bd5d8d ModelID:01a0cc57-b2bd-70b3-8fc9-0ade433c396a Sequence:113 ElapsedMS:13 Kind:check_end Late:false Fact:{Stage:passage_decode State:ok BeginMS:10 EndMS:13 DurationMS:3 Check:clean_consistency Detail:{Reason: Field: Target:-1 Actual:-1 Limit:-1 Start:-1 End:-1 ExpectedType: ActualType:}} Provider:<nil> Outcome: Refunded:false}"
2026/09/23 11:38:16 INFO generation_trace event="{RelatedRunID: ActorKind: RequestID:req_V76FXE_UTO2h8u__4ngx1Q RunID:01a0cc57-b92e-7988-b27a-5df8d1bd5d8d ModelID:01a0cc57-b2bd-70b3-8fc9-0ade433c396a Sequence:114 ElapsedMS:13 Kind:stage_end Late:false Fact:{Stage:passage_decode State:ok BeginMS:10 EndMS:13 DurationMS:3 Check:clean_consistency Detail:{Reason: Field: Target:-1 Actual:-1 Limit:-1 Start:-1 End:-1 ExpectedType: ActualType:}} Provider:<nil> Outcome: Refunded:false}"
2026/09/23 11:38:16 INFO generation_trace event="{RelatedRunID: ActorKind: RequestID:req_V76FXE_UTO2h8u__4ngx1Q RunID:01a0cc57-b92e-7988-b27a-5df8d1bd5d8d ModelID:01a0cc57-b2bd-70b3-8fc9-0ade433c396a Sequence:115 ElapsedMS:13 Kind:fact Late:false Fact:{Stage:provider_stream State:ok BeginMS:9 EndMS:10 DurationMS:1 Check:termination Detail:{Reason:done Field: Target:-1 Actual:-1 Limit:-1 Start:-1 End:-1 ExpectedType: ActualType:}} Provider:<nil> Outcome: Refunded:false}"
2026/09/23 11:38:16 INFO generation_trace event="{RelatedRunID: ActorKind: RequestID:req_V76FXE_UTO2h8u__4ngx1Q RunID:01a0cc57-b92e-7988-b27a-5df8d1bd5d8d ModelID:01a0cc57-b2bd-70b3-8fc9-0ade433c396a Sequence:116 ElapsedMS:14 Kind:fact Late:false Fact:{Stage:provider_stream State:ok BeginMS:9 EndMS:10 DurationMS:1 Check:receiver_exit Detail:{Reason: Field: Target:-1 Actual:-1 Limit:-1 Start:-1 End:-1 ExpectedType: ActualType:}} Provider:<nil> Outcome: Refunded:false}"
2026/09/23 11:38:16 INFO generation_trace event="{RelatedRunID: ActorKind: RequestID:req_V76FXE_UTO2h8u__4ngx1Q RunID:01a0cc57-b92e-7988-b27a-5df8d1bd5d8d ModelID:01a0cc57-b2bd-70b3-8fc9-0ade433c396a Sequence:117 ElapsedMS:14 Kind:stage_begin Late:false Fact:{Stage:content_validate State:running BeginMS:14 EndMS:-1 DurationMS:-1 Check: Detail:{Reason: Field: Target:-1 Actual:-1 Limit:-1 Start:-1 End:-1 ExpectedType: ActualType:}} Provider:<nil> Outcome: Refunded:false}"
2026/09/23 11:38:16 INFO generation_trace event="{RelatedRunID: ActorKind: RequestID:req_V76FXE_UTO2h8u__4ngx1Q RunID:01a0cc57-b92e-7988-b27a-5df8d1bd5d8d ModelID:01a0cc57-b2bd-70b3-8fc9-0ade433c396a Sequence:118 ElapsedMS:14 Kind:check_begin Late:false Fact:{Stage:content_validate State:running BeginMS:14 EndMS:-1 DurationMS:-1 Check:lexicon Detail:{Reason: Field: Target:-1 Actual:-1 Limit:-1 Start:-1 End:-1 ExpectedType: ActualType:}} Provider:<nil> Outcome: Refunded:false}"
2026/09/23 11:38:16 INFO generation_trace event="{RelatedRunID: ActorKind: RequestID:req_V76FXE_UTO2h8u__4ngx1Q RunID:01a0cc57-b92e-7988-b27a-5df8d1bd5d8d ModelID:01a0cc57-b2bd-70b3-8fc9-0ade433c396a Sequence:119 ElapsedMS:15 Kind:check_end Late:false Fact:{Stage:content_validate State:ok BeginMS:14 EndMS:-1 DurationMS:-1 Check:lexicon Detail:{Reason: Field: Target:-1 Actual:-1 Limit:-1 Start:-1 End:-1 ExpectedType: ActualType:}} Provider:<nil> Outcome: Refunded:false}"
2026/09/23 11:38:16 INFO generation_trace event="{RelatedRunID: ActorKind: RequestID:req_V76FXE_UTO2h8u__4ngx1Q RunID:01a0cc57-b92e-7988-b27a-5df8d1bd5d8d ModelID:01a0cc57-b2bd-70b3-8fc9-0ade433c396a Sequence:120 ElapsedMS:15 Kind:check_begin Late:false Fact:{Stage:content_validate State:running BeginMS:14 EndMS:-1 DurationMS:-1 Check:context Detail:{Reason: Field: Target:-1 Actual:-1 Limit:-1 Start:-1 End:-1 ExpectedType: ActualType:}} Provider:<nil> Outcome: Refunded:false}"
2026/09/23 11:38:16 INFO generation_trace event="{RelatedRunID: ActorKind: RequestID:req_V76FXE_UTO2h8u__4ngx1Q RunID:01a0cc57-b92e-7988-b27a-5df8d1bd5d8d ModelID:01a0cc57-b2bd-70b3-8fc9-0ade433c396a Sequence:121 ElapsedMS:15 Kind:check_end Late:false Fact:{Stage:content_validate State:ok BeginMS:14 EndMS:-1 DurationMS:-1 Check:context Detail:{Reason: Field: Target:-1 Actual:-1 Limit:-1 Start:-1 End:-1 ExpectedType: ActualType:}} Provider:<nil> Outcome: Refunded:false}"
2026/09/23 11:38:16 INFO generation_trace event="{RelatedRunID: ActorKind: RequestID:req_V76FXE_UTO2h8u__4ngx1Q RunID:01a0cc57-b92e-7988-b27a-5df8d1bd5d8d ModelID:01a0cc57-b2bd-70b3-8fc9-0ade433c396a Sequence:122 ElapsedMS:15 Kind:check_begin Late:false Fact:{Stage:content_validate State:running BeginMS:14 EndMS:-1 DurationMS:-1 Check:passage_annotations Detail:{Reason: Field: Target:-1 Actual:-1 Limit:-1 Start:-1 End:-1 ExpectedType: ActualType:}} Provider:<nil> Outcome: Refunded:false}"
2026/09/23 11:38:16 INFO generation_trace event="{RelatedRunID: ActorKind: RequestID:req_V76FXE_UTO2h8u__4ngx1Q RunID:01a0cc57-b92e-7988-b27a-5df8d1bd5d8d ModelID:01a0cc57-b2bd-70b3-8fc9-0ade433c396a Sequence:123 ElapsedMS:15 Kind:check_end Late:false Fact:{Stage:content_validate State:ok BeginMS:14 EndMS:-1 DurationMS:-1 Check:passage_annotations Detail:{Reason: Field: Target:-1 Actual:-1 Limit:-1 Start:-1 End:-1 ExpectedType: ActualType:}} Provider:<nil> Outcome: Refunded:false}"
2026/09/23 11:38:16 INFO generation_trace event="{RelatedRunID: ActorKind: RequestID:req_V76FXE_UTO2h8u__4ngx1Q RunID:01a0cc57-b92e-7988-b27a-5df8d1bd5d8d ModelID:01a0cc57-b2bd-70b3-8fc9-0ade433c396a Sequence:124 ElapsedMS:15 Kind:check_begin Late:false Fact:{Stage:content_validate State:running BeginMS:14 EndMS:-1 DurationMS:-1 Check:passage_ownership Detail:{Reason: Field: Target:-1 Actual:-1 Limit:-1 Start:-1 End:-1 ExpectedType: ActualType:}} Provider:<nil> Outcome: Refunded:false}"
2026/09/23 11:38:16 INFO generation_trace event="{RelatedRunID: ActorKind: RequestID:req_V76FXE_UTO2h8u__4ngx1Q RunID:01a0cc57-b92e-7988-b27a-5df8d1bd5d8d ModelID:01a0cc57-b2bd-70b3-8fc9-0ade433c396a Sequence:125 ElapsedMS:15 Kind:check_end Late:false Fact:{Stage:content_validate State:ok BeginMS:14 EndMS:-1 DurationMS:-1 Check:passage_ownership Detail:{Reason: Field: Target:-1 Actual:-1 Limit:-1 Start:-1 End:-1 ExpectedType: ActualType:}} Provider:<nil> Outcome: Refunded:false}"
2026/09/23 11:38:16 INFO generation_trace event="{RelatedRunID: ActorKind: RequestID:req_V76FXE_UTO2h8u__4ngx1Q RunID:01a0cc57-b92e-7988-b27a-5df8d1bd5d8d ModelID:01a0cc57-b2bd-70b3-8fc9-0ade433c396a Sequence:126 ElapsedMS:15 Kind:check_begin Late:false Fact:{Stage:content_validate State:running BeginMS:14 EndMS:-1 DurationMS:-1 Check:passage_content Detail:{Reason: Field: Target:-1 Actual:-1 Limit:-1 Start:-1 End:-1 ExpectedType: ActualType:}} Provider:<nil> Outcome: Refunded:false}"
2026/09/23 11:38:16 INFO generation_trace event="{RelatedRunID: ActorKind: RequestID:req_V76FXE_UTO2h8u__4ngx1Q RunID:01a0cc57-b92e-7988-b27a-5df8d1bd5d8d ModelID:01a0cc57-b2bd-70b3-8fc9-0ade433c396a Sequence:127 ElapsedMS:15 Kind:check_end Late:false Fact:{Stage:content_validate State:ok BeginMS:14 EndMS:-1 DurationMS:-1 Check:passage_content Detail:{Reason: Field: Target:-1 Actual:-1 Limit:-1 Start:-1 End:-1 ExpectedType: ActualType:}} Provider:<nil> Outcome: Refunded:false}"
2026/09/23 11:38:16 INFO generation_trace event="{RelatedRunID: ActorKind: RequestID:req_V76FXE_UTO2h8u__4ngx1Q RunID:01a0cc57-b92e-7988-b27a-5df8d1bd5d8d ModelID:01a0cc57-b2bd-70b3-8fc9-0ade433c396a Sequence:128 ElapsedMS:15 Kind:check_begin Late:false Fact:{Stage:content_validate State:running BeginMS:14 EndMS:-1 DurationMS:-1 Check:word_count Detail:{Reason: Field: Target:-1 Actual:-1 Limit:-1 Start:-1 End:-1 ExpectedType: ActualType:}} Provider:<nil> Outcome: Refunded:false}"
2026/09/23 11:38:16 INFO generation_trace event="{RelatedRunID: ActorKind: RequestID:req_V76FXE_UTO2h8u__4ngx1Q RunID:01a0cc57-b92e-7988-b27a-5df8d1bd5d8d ModelID:01a0cc57-b2bd-70b3-8fc9-0ade433c396a Sequence:129 ElapsedMS:15 Kind:check_end Late:false Fact:{Stage:content_validate State:ok BeginMS:14 EndMS:-1 DurationMS:-1 Check:word_count Detail:{Reason: Field: Target:-1 Actual:-1 Limit:-1 Start:-1 End:-1 ExpectedType: ActualType:}} Provider:<nil> Outcome: Refunded:false}"
2026/09/23 11:38:16 INFO generation_trace event="{RelatedRunID: ActorKind: RequestID:req_V76FXE_UTO2h8u__4ngx1Q RunID:01a0cc57-b92e-7988-b27a-5df8d1bd5d8d ModelID:01a0cc57-b2bd-70b3-8fc9-0ade433c396a Sequence:130 ElapsedMS:15 Kind:check_begin Late:false Fact:{Stage:content_validate State:running BeginMS:14 EndMS:-1 DurationMS:-1 Check:passage_language Detail:{Reason: Field: Target:-1 Actual:-1 Limit:-1 Start:-1 End:-1 ExpectedType: ActualType:}} Provider:<nil> Outcome: Refunded:false}"
2026/09/23 11:38:16 INFO generation_trace event="{RelatedRunID: ActorKind: RequestID:req_V76FXE_UTO2h8u__4ngx1Q RunID:01a0cc57-b92e-7988-b27a-5df8d1bd5d8d ModelID:01a0cc57-b2bd-70b3-8fc9-0ade433c396a Sequence:131 ElapsedMS:15 Kind:check_end Late:false Fact:{Stage:content_validate State:ok BeginMS:14 EndMS:-1 DurationMS:-1 Check:passage_language Detail:{Reason: Field: Target:-1 Actual:-1 Limit:-1 Start:-1 End:-1 ExpectedType: ActualType:}} Provider:<nil> Outcome: Refunded:false}"
2026/09/23 11:38:16 INFO generation_trace event="{RelatedRunID: ActorKind: RequestID:req_V76FXE_UTO2h8u__4ngx1Q RunID:01a0cc57-b92e-7988-b27a-5df8d1bd5d8d ModelID:01a0cc57-b2bd-70b3-8fc9-0ade433c396a Sequence:132 ElapsedMS:16 Kind:check_begin Late:false Fact:{Stage:content_validate State:running BeginMS:14 EndMS:-1 DurationMS:-1 Check:tag_count Detail:{Reason: Field: Target:-1 Actual:-1 Limit:-1 Start:-1 End:-1 ExpectedType: ActualType:}} Provider:<nil> Outcome: Refunded:false}"
2026/09/23 11:38:16 INFO generation_trace event="{RelatedRunID: ActorKind: RequestID:req_V76FXE_UTO2h8u__4ngx1Q RunID:01a0cc57-b92e-7988-b27a-5df8d1bd5d8d ModelID:01a0cc57-b2bd-70b3-8fc9-0ade433c396a Sequence:133 ElapsedMS:16 Kind:check_end Late:false Fact:{Stage:content_validate State:ok BeginMS:14 EndMS:-1 DurationMS:-1 Check:tag_count Detail:{Reason: Field: Target:-1 Actual:-1 Limit:-1 Start:-1 End:-1 ExpectedType: ActualType:}} Provider:<nil> Outcome: Refunded:false}"
2026/09/23 11:38:16 INFO generation_trace event="{RelatedRunID: ActorKind: RequestID:req_V76FXE_UTO2h8u__4ngx1Q RunID:01a0cc57-b92e-7988-b27a-5df8d1bd5d8d ModelID:01a0cc57-b2bd-70b3-8fc9-0ade433c396a Sequence:134 ElapsedMS:16 Kind:check_begin Late:false Fact:{Stage:content_validate State:running BeginMS:14 EndMS:-1 DurationMS:-1 Check:tag_content Detail:{Reason: Field: Target:-1 Actual:-1 Limit:-1 Start:-1 End:-1 ExpectedType: ActualType:}} Provider:<nil> Outcome: Refunded:false}"
2026/09/23 11:38:16 INFO generation_trace event="{RelatedRunID: ActorKind: RequestID:req_V76FXE_UTO2h8u__4ngx1Q RunID:01a0cc57-b92e-7988-b27a-5df8d1bd5d8d ModelID:01a0cc57-b2bd-70b3-8fc9-0ade433c396a Sequence:135 ElapsedMS:16 Kind:check_end Late:false Fact:{Stage:content_validate State:ok BeginMS:14 EndMS:-1 DurationMS:-1 Check:tag_content Detail:{Reason: Field: Target:-1 Actual:-1 Limit:-1 Start:-1 End:-1 ExpectedType: ActualType:}} Provider:<nil> Outcome: Refunded:false}"
2026/09/23 11:38:16 INFO generation_trace event="{RelatedRunID: ActorKind: RequestID:req_V76FXE_UTO2h8u__4ngx1Q RunID:01a0cc57-b92e-7988-b27a-5df8d1bd5d8d ModelID:01a0cc57-b2bd-70b3-8fc9-0ade433c396a Sequence:136 ElapsedMS:16 Kind:check_begin Late:false Fact:{Stage:content_validate State:running BeginMS:14 EndMS:-1 DurationMS:-1 Check:tag_duplicate Detail:{Reason: Field: Target:-1 Actual:-1 Limit:-1 Start:-1 End:-1 ExpectedType: ActualType:}} Provider:<nil> Outcome: Refunded:false}"
2026/09/23 11:38:16 INFO generation_trace event="{RelatedRunID: ActorKind: RequestID:req_V76FXE_UTO2h8u__4ngx1Q RunID:01a0cc57-b92e-7988-b27a-5df8d1bd5d8d ModelID:01a0cc57-b2bd-70b3-8fc9-0ade433c396a Sequence:137 ElapsedMS:16 Kind:check_end Late:false Fact:{Stage:content_validate State:ok BeginMS:14 EndMS:-1 DurationMS:-1 Check:tag_duplicate Detail:{Reason: Field: Target:-1 Actual:-1 Limit:-1 Start:-1 End:-1 ExpectedType: ActualType:}} Provider:<nil> Outcome: Refunded:false}"
2026/09/23 11:38:16 INFO generation_trace event="{RelatedRunID: ActorKind: RequestID:req_V76FXE_UTO2h8u__4ngx1Q RunID:01a0cc57-b92e-7988-b27a-5df8d1bd5d8d ModelID:01a0cc57-b2bd-70b3-8fc9-0ade433c396a Sequence:138 ElapsedMS:16 Kind:check_begin Late:false Fact:{Stage:content_validate State:running BeginMS:14 EndMS:-1 DurationMS:-1 Check:target_count Detail:{Reason: Field: Target:-1 Actual:-1 Limit:-1 Start:-1 End:-1 ExpectedType: ActualType:}} Provider:<nil> Outcome: Refunded:false}"
2026/09/23 11:38:16 INFO generation_trace event="{RelatedRunID: ActorKind: RequestID:req_V76FXE_UTO2h8u__4ngx1Q RunID:01a0cc57-b92e-7988-b27a-5df8d1bd5d8d ModelID:01a0cc57-b2bd-70b3-8fc9-0ade433c396a Sequence:139 ElapsedMS:16 Kind:check_end Late:false Fact:{Stage:content_validate State:ok BeginMS:14 EndMS:-1 DurationMS:-1 Check:target_count Detail:{Reason: Field: Target:-1 Actual:-1 Limit:-1 Start:-1 End:-1 ExpectedType: ActualType:}} Provider:<nil> Outcome: Refunded:false}"
2026/09/23 11:38:16 INFO generation_trace event="{RelatedRunID: ActorKind: RequestID:req_V76FXE_UTO2h8u__4ngx1Q RunID:01a0cc57-b92e-7988-b27a-5df8d1bd5d8d ModelID:01a0cc57-b2bd-70b3-8fc9-0ade433c396a Sequence:140 ElapsedMS:16 Kind:check_begin Late:false Fact:{Stage:content_validate State:running BeginMS:14 EndMS:-1 DurationMS:-1 Check:passage_index Detail:{Reason: Field: Target:-1 Actual:-1 Limit:-1 Start:-1 End:-1 ExpectedType: ActualType:}} Provider:<nil> Outcome: Refunded:false}"
2026/09/23 11:38:16 INFO generation_trace event="{RelatedRunID: ActorKind: RequestID:req_V76FXE_UTO2h8u__4ngx1Q RunID:01a0cc57-b92e-7988-b27a-5df8d1bd5d8d ModelID:01a0cc57-b2bd-70b3-8fc9-0ade433c396a Sequence:141 ElapsedMS:16 Kind:check_end Late:false Fact:{Stage:content_validate State:ok BeginMS:14 EndMS:-1 DurationMS:-1 Check:passage_index Detail:{Reason: Field: Target:-1 Actual:-1 Limit:-1 Start:-1 End:-1 ExpectedType: ActualType:}} Provider:<nil> Outcome: Refunded:false}"
2026/09/23 11:38:16 INFO generation_trace event="{RelatedRunID: ActorKind: RequestID:req_V76FXE_UTO2h8u__4ngx1Q RunID:01a0cc57-b92e-7988-b27a-5df8d1bd5d8d ModelID:01a0cc57-b2bd-70b3-8fc9-0ade433c396a Sequence:142 ElapsedMS:16 Kind:check_begin Late:false Fact:{Stage:content_validate State:running BeginMS:14 EndMS:-1 DurationMS:-1 Check:context Detail:{Reason: Field: Target:0 Actual:-1 Limit:-1 Start:-1 End:-1 ExpectedType: ActualType:}} Provider:<nil> Outcome: Refunded:false}"
2026/09/23 11:38:16 INFO generation_trace event="{RelatedRunID: ActorKind: RequestID:req_V76FXE_UTO2h8u__4ngx1Q RunID:01a0cc57-b92e-7988-b27a-5df8d1bd5d8d ModelID:01a0cc57-b2bd-70b3-8fc9-0ade433c396a Sequence:143 ElapsedMS:16 Kind:check_end Late:false Fact:{Stage:content_validate State:ok BeginMS:14 EndMS:-1 DurationMS:-1 Check:context Detail:{Reason: Field: Target:0 Actual:-1 Limit:-1 Start:-1 End:-1 ExpectedType: ActualType:}} Provider:<nil> Outcome: Refunded:false}"
2026/09/23 11:38:16 INFO generation_trace event="{RelatedRunID: ActorKind: RequestID:req_V76FXE_UTO2h8u__4ngx1Q RunID:01a0cc57-b92e-7988-b27a-5df8d1bd5d8d ModelID:01a0cc57-b2bd-70b3-8fc9-0ade433c396a Sequence:144 ElapsedMS:16 Kind:check_begin Late:false Fact:{Stage:content_validate State:running BeginMS:14 EndMS:-1 DurationMS:-1 Check:source_entry Detail:{Reason: Field: Target:0 Actual:-1 Limit:-1 Start:-1 End:-1 ExpectedType: ActualType:}} Provider:<nil> Outcome: Refunded:false}"
2026/09/23 11:38:16 INFO generation_trace event="{RelatedRunID: ActorKind: RequestID:req_V76FXE_UTO2h8u__4ngx1Q RunID:01a0cc57-b92e-7988-b27a-5df8d1bd5d8d ModelID:01a0cc57-b2bd-70b3-8fc9-0ade433c396a Sequence:145 ElapsedMS:16 Kind:check_end Late:false Fact:{Stage:content_validate State:ok BeginMS:14 EndMS:-1 DurationMS:-1 Check:source_entry Detail:{Reason: Field: Target:0 Actual:-1 Limit:-1 Start:-1 End:-1 ExpectedType: ActualType:}} Provider:<nil> Outcome: Refunded:false}"
2026/09/23 11:38:16 INFO generation_trace event="{RelatedRunID: ActorKind: RequestID:req_V76FXE_UTO2h8u__4ngx1Q RunID:01a0cc57-b92e-7988-b27a-5df8d1bd5d8d ModelID:01a0cc57-b2bd-70b3-8fc9-0ade433c396a Sequence:146 ElapsedMS:16 Kind:check_begin Late:false Fact:{Stage:content_validate State:running BeginMS:14 EndMS:-1 DurationMS:-1 Check:meaning_content Detail:{Reason: Field: Target:0 Actual:-1 Limit:-1 Start:-1 End:-1 ExpectedType: ActualType:}} Provider:<nil> Outcome: Refunded:false}"
2026/09/23 11:38:16 INFO generation_trace event="{RelatedRunID: ActorKind: RequestID:req_V76FXE_UTO2h8u__4ngx1Q RunID:01a0cc57-b92e-7988-b27a-5df8d1bd5d8d ModelID:01a0cc57-b2bd-70b3-8fc9-0ade433c396a Sequence:147 ElapsedMS:17 Kind:check_end Late:false Fact:{Stage:content_validate State:ok BeginMS:14 EndMS:-1 DurationMS:-1 Check:meaning_content Detail:{Reason: Field: Target:0 Actual:-1 Limit:-1 Start:-1 End:-1 ExpectedType: ActualType:}} Provider:<nil> Outcome: Refunded:false}"
2026/09/23 11:38:16 INFO generation_trace event="{RelatedRunID: ActorKind: RequestID:req_V76FXE_UTO2h8u__4ngx1Q RunID:01a0cc57-b92e-7988-b27a-5df8d1bd5d8d ModelID:01a0cc57-b2bd-70b3-8fc9-0ade433c396a Sequence:148 ElapsedMS:17 Kind:check_begin Late:false Fact:{Stage:content_validate State:running BeginMS:14 EndMS:-1 DurationMS:-1 Check:meaning_repeated Detail:{Reason: Field: Target:0 Actual:-1 Limit:-1 Start:-1 End:-1 ExpectedType: ActualType:}} Provider:<nil> Outcome: Refunded:false}"
2026/09/23 11:38:16 INFO generation_trace event="{RelatedRunID: ActorKind: RequestID:req_V76FXE_UTO2h8u__4ngx1Q RunID:01a0cc57-b92e-7988-b27a-5df8d1bd5d8d ModelID:01a0cc57-b2bd-70b3-8fc9-0ade433c396a Sequence:149 ElapsedMS:17 Kind:check_end Late:false Fact:{Stage:content_validate State:ok BeginMS:14 EndMS:-1 DurationMS:-1 Check:meaning_repeated Detail:{Reason: Field: Target:0 Actual:-1 Limit:-1 Start:-1 End:-1 ExpectedType: ActualType:}} Provider:<nil> Outcome: Refunded:false}"
2026/09/23 11:38:16 INFO generation_trace event="{RelatedRunID: ActorKind: RequestID:req_V76FXE_UTO2h8u__4ngx1Q RunID:01a0cc57-b92e-7988-b27a-5df8d1bd5d8d ModelID:01a0cc57-b2bd-70b3-8fc9-0ade433c396a Sequence:150 ElapsedMS:17 Kind:check_begin Late:false Fact:{Stage:content_validate State:running BeginMS:14 EndMS:-1 DurationMS:-1 Check:hint_annotations Detail:{Reason: Field: Target:0 Actual:-1 Limit:-1 Start:-1 End:-1 ExpectedType: ActualType:}} Provider:<nil> Outcome: Refunded:false}"
2026/09/23 11:38:16 INFO generation_trace event="{RelatedRunID: ActorKind: RequestID:req_V76FXE_UTO2h8u__4ngx1Q RunID:01a0cc57-b92e-7988-b27a-5df8d1bd5d8d ModelID:01a0cc57-b2bd-70b3-8fc9-0ade433c396a Sequence:151 ElapsedMS:17 Kind:check_end Late:false Fact:{Stage:content_validate State:ok BeginMS:14 EndMS:-1 DurationMS:-1 Check:hint_annotations Detail:{Reason: Field: Target:0 Actual:-1 Limit:-1 Start:-1 End:-1 ExpectedType: ActualType:}} Provider:<nil> Outcome: Refunded:false}"
2026/09/23 11:38:16 INFO generation_trace event="{RelatedRunID: ActorKind: RequestID:req_V76FXE_UTO2h8u__4ngx1Q RunID:01a0cc57-b92e-7988-b27a-5df8d1bd5d8d ModelID:01a0cc57-b2bd-70b3-8fc9-0ade433c396a Sequence:152 ElapsedMS:17 Kind:check_begin Late:false Fact:{Stage:content_validate State:running BeginMS:14 EndMS:-1 DurationMS:-1 Check:hint_ownership Detail:{Reason: Field: Target:0 Actual:-1 Limit:-1 Start:-1 End:-1 ExpectedType: ActualType:}} Provider:<nil> Outcome: Refunded:false}"
2026/09/23 11:38:16 INFO generation_trace event="{RelatedRunID: ActorKind: RequestID:req_V76FXE_UTO2h8u__4ngx1Q RunID:01a0cc57-b92e-7988-b27a-5df8d1bd5d8d ModelID:01a0cc57-b2bd-70b3-8fc9-0ade433c396a Sequence:153 ElapsedMS:17 Kind:check_end Late:false Fact:{Stage:content_validate State:ok BeginMS:14 EndMS:-1 DurationMS:-1 Check:hint_ownership Detail:{Reason: Field: Target:0 Actual:-1 Limit:-1 Start:-1 End:-1 ExpectedType: ActualType:}} Provider:<nil> Outcome: Refunded:false}"
2026/09/23 11:38:16 INFO generation_trace event="{RelatedRunID: ActorKind: RequestID:req_V76FXE_UTO2h8u__4ngx1Q RunID:01a0cc57-b92e-7988-b27a-5df8d1bd5d8d ModelID:01a0cc57-b2bd-70b3-8fc9-0ade433c396a Sequence:154 ElapsedMS:17 Kind:check_begin Late:false Fact:{Stage:content_validate State:running BeginMS:14 EndMS:-1 DurationMS:-1 Check:hint_content Detail:{Reason: Field: Target:0 Actual:-1 Limit:-1 Start:-1 End:-1 ExpectedType: ActualType:}} Provider:<nil> Outcome: Refunded:false}"
2026/09/23 11:38:16 INFO generation_trace event="{RelatedRunID: ActorKind: RequestID:req_V76FXE_UTO2h8u__4ngx1Q RunID:01a0cc57-b92e-7988-b27a-5df8d1bd5d8d ModelID:01a0cc57-b2bd-70b3-8fc9-0ade433c396a Sequence:155 ElapsedMS:17 Kind:check_end Late:false Fact:{Stage:content_validate State:ok BeginMS:14 EndMS:-1 DurationMS:-1 Check:hint_content Detail:{Reason: Field: Target:0 Actual:-1 Limit:-1 Start:-1 End:-1 ExpectedType: ActualType:}} Provider:<nil> Outcome: Refunded:false}"
2026/09/23 11:38:16 INFO generation_trace event="{RelatedRunID: ActorKind: RequestID:req_V76FXE_UTO2h8u__4ngx1Q RunID:01a0cc57-b92e-7988-b27a-5df8d1bd5d8d ModelID:01a0cc57-b2bd-70b3-8fc9-0ade433c396a Sequence:156 ElapsedMS:17 Kind:check_begin Late:false Fact:{Stage:content_validate State:running BeginMS:14 EndMS:-1 DurationMS:-1 Check:passage_annotation_presence Detail:{Reason: Field: Target:0 Actual:-1 Limit:-1 Start:-1 End:-1 ExpectedType: ActualType:}} Provider:<nil> Outcome: Refunded:false}"
2026/09/23 11:38:16 INFO generation_trace event="{RelatedRunID: ActorKind: RequestID:req_V76FXE_UTO2h8u__4ngx1Q RunID:01a0cc57-b92e-7988-b27a-5df8d1bd5d8d ModelID:01a0cc57-b2bd-70b3-8fc9-0ade433c396a Sequence:157 ElapsedMS:17 Kind:check_end Late:false Fact:{Stage:content_validate State:ok BeginMS:14 EndMS:-1 DurationMS:-1 Check:passage_annotation_presence Detail:{Reason: Field: Target:0 Actual:-1 Limit:-1 Start:-1 End:-1 ExpectedType: ActualType:}} Provider:<nil> Outcome: Refunded:false}"
2026/09/23 11:38:16 INFO generation_trace event="{RelatedRunID: ActorKind: RequestID:req_V76FXE_UTO2h8u__4ngx1Q RunID:01a0cc57-b92e-7988-b27a-5df8d1bd5d8d ModelID:01a0cc57-b2bd-70b3-8fc9-0ade433c396a Sequence:158 ElapsedMS:17 Kind:check_begin Late:false Fact:{Stage:content_validate State:running BeginMS:14 EndMS:-1 DurationMS:-1 Check:hint_annotation_presence Detail:{Reason: Field: Target:0 Actual:-1 Limit:-1 Start:-1 End:-1 ExpectedType: ActualType:}} Provider:<nil> Outcome: Refunded:false}"
2026/09/23 11:38:16 INFO generation_trace event="{RelatedRunID: ActorKind: RequestID:req_V76FXE_UTO2h8u__4ngx1Q RunID:01a0cc57-b92e-7988-b27a-5df8d1bd5d8d ModelID:01a0cc57-b2bd-70b3-8fc9-0ade433c396a Sequence:159 ElapsedMS:17 Kind:check_end Late:false Fact:{Stage:content_validate State:ok BeginMS:14 EndMS:-1 DurationMS:-1 Check:hint_annotation_presence Detail:{Reason: Field: Target:0 Actual:-1 Limit:-1 Start:-1 End:-1 ExpectedType: ActualType:}} Provider:<nil> Outcome: Refunded:false}"
2026/09/23 11:38:16 INFO generation_trace event="{RelatedRunID: ActorKind: RequestID:req_V76FXE_UTO2h8u__4ngx1Q RunID:01a0cc57-b92e-7988-b27a-5df8d1bd5d8d ModelID:01a0cc57-b2bd-70b3-8fc9-0ade433c396a Sequence:160 ElapsedMS:17 Kind:check_begin Late:false Fact:{Stage:content_validate State:running BeginMS:14 EndMS:-1 DurationMS:-1 Check:hint_index Detail:{Reason: Field: Target:0 Actual:-1 Limit:-1 Start:-1 End:-1 ExpectedType: ActualType:}} Provider:<nil> Outcome: Refunded:false}"
2026/09/23 11:38:16 INFO generation_trace event="{RelatedRunID: ActorKind: RequestID:req_V76FXE_UTO2h8u__4ngx1Q RunID:01a0cc57-b92e-7988-b27a-5df8d1bd5d8d ModelID:01a0cc57-b2bd-70b3-8fc9-0ade433c396a Sequence:161 ElapsedMS:17 Kind:check_end Late:false Fact:{Stage:content_validate State:ok BeginMS:14 EndMS:-1 DurationMS:-1 Check:hint_index Detail:{Reason: Field: Target:0 Actual:-1 Limit:-1 Start:-1 End:-1 ExpectedType: ActualType:}} Provider:<nil> Outcome: Refunded:false}"
2026/09/23 11:38:16 INFO generation_trace event="{RelatedRunID: ActorKind: RequestID:req_V76FXE_UTO2h8u__4ngx1Q RunID:01a0cc57-b92e-7988-b27a-5df8d1bd5d8d ModelID:01a0cc57-b2bd-70b3-8fc9-0ade433c396a Sequence:162 ElapsedMS:18 Kind:check_begin Late:false Fact:{Stage:content_validate State:running BeginMS:14 EndMS:-1 DurationMS:-1 Check:hint_scan Detail:{Reason: Field: Target:0 Actual:-1 Limit:-1 Start:-1 End:-1 ExpectedType: ActualType:}} Provider:<nil> Outcome: Refunded:false}"
2026/09/23 11:38:16 INFO generation_trace event="{RelatedRunID: ActorKind: RequestID:req_V76FXE_UTO2h8u__4ngx1Q RunID:01a0cc57-b92e-7988-b27a-5df8d1bd5d8d ModelID:01a0cc57-b2bd-70b3-8fc9-0ade433c396a Sequence:163 ElapsedMS:18 Kind:check_end Late:false Fact:{Stage:content_validate State:ok BeginMS:14 EndMS:-1 DurationMS:-1 Check:hint_scan Detail:{Reason: Field: Target:0 Actual:-1 Limit:-1 Start:-1 End:-1 ExpectedType: ActualType:}} Provider:<nil> Outcome: Refunded:false}"
2026/09/23 11:38:16 INFO generation_trace event="{RelatedRunID: ActorKind: RequestID:req_V76FXE_UTO2h8u__4ngx1Q RunID:01a0cc57-b92e-7988-b27a-5df8d1bd5d8d ModelID:01a0cc57-b2bd-70b3-8fc9-0ade433c396a Sequence:164 ElapsedMS:18 Kind:check_begin Late:false Fact:{Stage:content_validate State:running BeginMS:14 EndMS:-1 DurationMS:-1 Check:passage_scan Detail:{Reason: Field: Target:0 Actual:-1 Limit:-1 Start:-1 End:-1 ExpectedType: ActualType:}} Provider:<nil> Outcome: Refunded:false}"
2026/09/23 11:38:16 INFO generation_trace event="{RelatedRunID: ActorKind: RequestID:req_V76FXE_UTO2h8u__4ngx1Q RunID:01a0cc57-b92e-7988-b27a-5df8d1bd5d8d ModelID:01a0cc57-b2bd-70b3-8fc9-0ade433c396a Sequence:165 ElapsedMS:18 Kind:check_end Late:false Fact:{Stage:content_validate State:ok BeginMS:14 EndMS:-1 DurationMS:-1 Check:passage_scan Detail:{Reason: Field: Target:0 Actual:-1 Limit:-1 Start:-1 End:-1 ExpectedType: ActualType:}} Provider:<nil> Outcome: Refunded:false}"
2026/09/23 11:38:16 INFO generation_trace event="{RelatedRunID: ActorKind: RequestID:req_V76FXE_UTO2h8u__4ngx1Q RunID:01a0cc57-b92e-7988-b27a-5df8d1bd5d8d ModelID:01a0cc57-b2bd-70b3-8fc9-0ade433c396a Sequence:166 ElapsedMS:18 Kind:check_begin Late:false Fact:{Stage:content_validate State:running BeginMS:14 EndMS:-1 DurationMS:-1 Check:passage_relations Detail:{Reason: Field: Target:0 Actual:-1 Limit:-1 Start:-1 End:-1 ExpectedType: ActualType:}} Provider:<nil> Outcome: Refunded:false}"
2026/09/23 11:38:16 INFO generation_trace event="{RelatedRunID: ActorKind: RequestID:req_V76FXE_UTO2h8u__4ngx1Q RunID:01a0cc57-b92e-7988-b27a-5df8d1bd5d8d ModelID:01a0cc57-b2bd-70b3-8fc9-0ade433c396a Sequence:167 ElapsedMS:18 Kind:check_end Late:false Fact:{Stage:content_validate State:ok BeginMS:14 EndMS:-1 DurationMS:-1 Check:passage_relations Detail:{Reason: Field: Target:0 Actual:-1 Limit:-1 Start:-1 End:-1 ExpectedType: ActualType:}} Provider:<nil> Outcome: Refunded:false}"
2026/09/23 11:38:16 INFO generation_trace event="{RelatedRunID: ActorKind: RequestID:req_V76FXE_UTO2h8u__4ngx1Q RunID:01a0cc57-b92e-7988-b27a-5df8d1bd5d8d ModelID:01a0cc57-b2bd-70b3-8fc9-0ade433c396a Sequence:168 ElapsedMS:18 Kind:check_begin Late:false Fact:{Stage:content_validate State:running BeginMS:14 EndMS:-1 DurationMS:-1 Check:hint_relations Detail:{Reason: Field: Target:0 Actual:-1 Limit:-1 Start:-1 End:-1 ExpectedType: ActualType:}} Provider:<nil> Outcome: Refunded:false}"
2026/09/23 11:38:16 INFO generation_trace event="{RelatedRunID: ActorKind: RequestID:req_V76FXE_UTO2h8u__4ngx1Q RunID:01a0cc57-b92e-7988-b27a-5df8d1bd5d8d ModelID:01a0cc57-b2bd-70b3-8fc9-0ade433c396a Sequence:169 ElapsedMS:18 Kind:check_end Late:false Fact:{Stage:content_validate State:ok BeginMS:14 EndMS:-1 DurationMS:-1 Check:hint_relations Detail:{Reason: Field: Target:0 Actual:-1 Limit:-1 Start:-1 End:-1 ExpectedType: ActualType:}} Provider:<nil> Outcome: Refunded:false}"
2026/09/23 11:38:16 INFO generation_trace event="{RelatedRunID: ActorKind: RequestID:req_V76FXE_UTO2h8u__4ngx1Q RunID:01a0cc57-b92e-7988-b27a-5df8d1bd5d8d ModelID:01a0cc57-b2bd-70b3-8fc9-0ade433c396a Sequence:170 ElapsedMS:18 Kind:check_begin Late:false Fact:{Stage:content_validate State:running BeginMS:14 EndMS:-1 DurationMS:-1 Check:passage_presence Detail:{Reason: Field: Target:0 Actual:-1 Limit:-1 Start:-1 End:-1 ExpectedType: ActualType:}} Provider:<nil> Outcome: Refunded:false}"
2026/09/23 11:38:16 INFO generation_trace event="{RelatedRunID: ActorKind: RequestID:req_V76FXE_UTO2h8u__4ngx1Q RunID:01a0cc57-b92e-7988-b27a-5df8d1bd5d8d ModelID:01a0cc57-b2bd-70b3-8fc9-0ade433c396a Sequence:171 ElapsedMS:18 Kind:check_end Late:false Fact:{Stage:content_validate State:ok BeginMS:14 EndMS:-1 DurationMS:-1 Check:passage_presence Detail:{Reason: Field: Target:0 Actual:-1 Limit:-1 Start:-1 End:-1 ExpectedType: ActualType:}} Provider:<nil> Outcome: Refunded:false}"
2026/09/23 11:38:16 INFO generation_trace event="{RelatedRunID: ActorKind: RequestID:req_V76FXE_UTO2h8u__4ngx1Q RunID:01a0cc57-b92e-7988-b27a-5df8d1bd5d8d ModelID:01a0cc57-b2bd-70b3-8fc9-0ade433c396a Sequence:172 ElapsedMS:18 Kind:check_begin Late:false Fact:{Stage:content_validate State:running BeginMS:14 EndMS:-1 DurationMS:-1 Check:hint_presence Detail:{Reason: Field: Target:0 Actual:-1 Limit:-1 Start:-1 End:-1 ExpectedType: ActualType:}} Provider:<nil> Outcome: Refunded:false}"
2026/09/23 11:38:16 INFO generation_trace event="{RelatedRunID: ActorKind: RequestID:req_V76FXE_UTO2h8u__4ngx1Q RunID:01a0cc57-b92e-7988-b27a-5df8d1bd5d8d ModelID:01a0cc57-b2bd-70b3-8fc9-0ade433c396a Sequence:173 ElapsedMS:18 Kind:check_end Late:false Fact:{Stage:content_validate State:ok BeginMS:14 EndMS:-1 DurationMS:-1 Check:hint_presence Detail:{Reason: Field: Target:0 Actual:-1 Limit:-1 Start:-1 End:-1 ExpectedType: ActualType:}} Provider:<nil> Outcome: Refunded:false}"
2026/09/23 11:38:16 INFO generation_trace event="{RelatedRunID: ActorKind: RequestID:req_V76FXE_UTO2h8u__4ngx1Q RunID:01a0cc57-b92e-7988-b27a-5df8d1bd5d8d ModelID:01a0cc57-b2bd-70b3-8fc9-0ade433c396a Sequence:174 ElapsedMS:18 Kind:check_begin Late:false Fact:{Stage:content_validate State:running BeginMS:14 EndMS:-1 DurationMS:-1 Check:collision Detail:{Reason: Field: Target:-1 Actual:-1 Limit:-1 Start:-1 End:-1 ExpectedType: ActualType:}} Provider:<nil> Outcome: Refunded:false}"
2026/09/23 11:38:16 INFO generation_trace event="{RelatedRunID: ActorKind: RequestID:req_V76FXE_UTO2h8u__4ngx1Q RunID:01a0cc57-b92e-7988-b27a-5df8d1bd5d8d ModelID:01a0cc57-b2bd-70b3-8fc9-0ade433c396a Sequence:175 ElapsedMS:18 Kind:check_end Late:false Fact:{Stage:content_validate State:ok BeginMS:14 EndMS:-1 DurationMS:-1 Check:collision Detail:{Reason: Field: Target:-1 Actual:-1 Limit:-1 Start:-1 End:-1 ExpectedType: ActualType:}} Provider:<nil> Outcome: Refunded:false}"
2026/09/23 11:38:16 INFO generation_trace event="{RelatedRunID: ActorKind: RequestID:req_V76FXE_UTO2h8u__4ngx1Q RunID:01a0cc57-b92e-7988-b27a-5df8d1bd5d8d ModelID:01a0cc57-b2bd-70b3-8fc9-0ade433c396a Sequence:176 ElapsedMS:18 Kind:check_begin Late:false Fact:{Stage:content_validate State:running BeginMS:14 EndMS:-1 DurationMS:-1 Check:context Detail:{Reason: Field: Target:-1 Actual:-1 Limit:-1 Start:-1 End:-1 ExpectedType: ActualType:}} Provider:<nil> Outcome: Refunded:false}"
2026/09/23 11:38:16 INFO generation_trace event="{RelatedRunID: ActorKind: RequestID:req_V76FXE_UTO2h8u__4ngx1Q RunID:01a0cc57-b92e-7988-b27a-5df8d1bd5d8d ModelID:01a0cc57-b2bd-70b3-8fc9-0ade433c396a Sequence:177 ElapsedMS:18 Kind:check_end Late:false Fact:{Stage:content_validate State:ok BeginMS:14 EndMS:18 DurationMS:4 Check:context Detail:{Reason: Field: Target:-1 Actual:-1 Limit:-1 Start:-1 End:-1 ExpectedType: ActualType:}} Provider:<nil> Outcome: Refunded:false}"
2026/09/23 11:38:16 INFO generation_trace event="{RelatedRunID: ActorKind: RequestID:req_V76FXE_UTO2h8u__4ngx1Q RunID:01a0cc57-b92e-7988-b27a-5df8d1bd5d8d ModelID:01a0cc57-b2bd-70b3-8fc9-0ade433c396a Sequence:178 ElapsedMS:19 Kind:stage_end Late:false Fact:{Stage:content_validate State:ok BeginMS:14 EndMS:18 DurationMS:4 Check:context Detail:{Reason: Field: Target:-1 Actual:-1 Limit:-1 Start:-1 End:-1 ExpectedType: ActualType:}} Provider:<nil> Outcome: Refunded:false}"
2026/09/23 11:38:16 INFO generation_trace event="{RelatedRunID: ActorKind: RequestID:req_V76FXE_UTO2h8u__4ngx1Q RunID:01a0cc57-b92e-7988-b27a-5df8d1bd5d8d ModelID:01a0cc57-b2bd-70b3-8fc9-0ade433c396a Sequence:179 ElapsedMS:19 Kind:stage_begin Late:false Fact:{Stage:draft_commit State:running BeginMS:19 EndMS:-1 DurationMS:-1 Check: Detail:{Reason: Field: Target:-1 Actual:-1 Limit:-1 Start:-1 End:-1 ExpectedType: ActualType:}} Provider:<nil> Outcome: Refunded:false}"
2026/09/23 11:38:16 INFO generation_trace event="{RelatedRunID: ActorKind: RequestID:req_V76FXE_UTO2h8u__4ngx1Q RunID:01a0cc57-b92e-7988-b27a-5df8d1bd5d8d ModelID:01a0cc57-b2bd-70b3-8fc9-0ade433c396a Sequence:180 ElapsedMS:19 Kind:check_begin Late:false Fact:{Stage:draft_commit State:running BeginMS:19 EndMS:-1 DurationMS:-1 Check:snapshot Detail:{Reason: Field: Target:-1 Actual:-1 Limit:-1 Start:-1 End:-1 ExpectedType: ActualType:}} Provider:<nil> Outcome: Refunded:false}"
2026/09/23 11:38:16 INFO generation_trace event="{RelatedRunID: ActorKind: RequestID:req_V76FXE_UTO2h8u__4ngx1Q RunID:01a0cc57-b92e-7988-b27a-5df8d1bd5d8d ModelID:01a0cc57-b2bd-70b3-8fc9-0ade433c396a Sequence:181 ElapsedMS:19 Kind:check_end Late:false Fact:{Stage:draft_commit State:ok BeginMS:19 EndMS:-1 DurationMS:-1 Check:snapshot Detail:{Reason: Field: Target:-1 Actual:-1 Limit:-1 Start:-1 End:-1 ExpectedType: ActualType:}} Provider:<nil> Outcome: Refunded:false}"
2026/09/23 11:38:16 INFO generation_trace event="{RelatedRunID: ActorKind: RequestID:req_V76FXE_UTO2h8u__4ngx1Q RunID:01a0cc57-b92e-7988-b27a-5df8d1bd5d8d ModelID:01a0cc57-b2bd-70b3-8fc9-0ade433c396a Sequence:182 ElapsedMS:19 Kind:check_begin Late:false Fact:{Stage:draft_commit State:running BeginMS:19 EndMS:-1 DurationMS:-1 Check:draft_encode Detail:{Reason: Field: Target:-1 Actual:-1 Limit:-1 Start:-1 End:-1 ExpectedType: ActualType:}} Provider:<nil> Outcome: Refunded:false}"
2026/09/23 11:38:16 INFO generation_trace event="{RelatedRunID: ActorKind: RequestID:req_V76FXE_UTO2h8u__4ngx1Q RunID:01a0cc57-b92e-7988-b27a-5df8d1bd5d8d ModelID:01a0cc57-b2bd-70b3-8fc9-0ade433c396a Sequence:183 ElapsedMS:19 Kind:check_end Late:false Fact:{Stage:draft_commit State:ok BeginMS:19 EndMS:-1 DurationMS:-1 Check:draft_encode Detail:{Reason: Field: Target:-1 Actual:-1 Limit:-1 Start:-1 End:-1 ExpectedType: ActualType:}} Provider:<nil> Outcome: Refunded:false}"
2026/09/23 11:38:16 INFO generation_trace event="{RelatedRunID: ActorKind: RequestID:req_V76FXE_UTO2h8u__4ngx1Q RunID:01a0cc57-b92e-7988-b27a-5df8d1bd5d8d ModelID:01a0cc57-b2bd-70b3-8fc9-0ade433c396a Sequence:184 ElapsedMS:19 Kind:check_begin Late:false Fact:{Stage:draft_commit State:running BeginMS:19 EndMS:-1 DurationMS:-1 Check:transaction_begin Detail:{Reason: Field: Target:-1 Actual:-1 Limit:-1 Start:-1 End:-1 ExpectedType: ActualType:}} Provider:<nil> Outcome: Refunded:false}"
2026/09/23 11:38:16 INFO generation_trace event="{RelatedRunID: ActorKind: RequestID:req_V76FXE_UTO2h8u__4ngx1Q RunID:01a0cc57-b92e-7988-b27a-5df8d1bd5d8d ModelID:01a0cc57-b2bd-70b3-8fc9-0ade433c396a Sequence:185 ElapsedMS:19 Kind:check_end Late:false Fact:{Stage:draft_commit State:ok BeginMS:19 EndMS:-1 DurationMS:-1 Check:transaction_begin Detail:{Reason: Field: Target:-1 Actual:-1 Limit:-1 Start:-1 End:-1 ExpectedType: ActualType:}} Provider:<nil> Outcome: Refunded:false}"
2026/09/23 11:38:16 INFO generation_trace event="{RelatedRunID: ActorKind: RequestID:req_V76FXE_UTO2h8u__4ngx1Q RunID:01a0cc57-b92e-7988-b27a-5df8d1bd5d8d ModelID:01a0cc57-b2bd-70b3-8fc9-0ade433c396a Sequence:186 ElapsedMS:19 Kind:check_begin Late:false Fact:{Stage:draft_commit State:running BeginMS:19 EndMS:-1 DurationMS:-1 Check:cas Detail:{Reason: Field: Target:-1 Actual:-1 Limit:-1 Start:-1 End:-1 ExpectedType: ActualType:}} Provider:<nil> Outcome: Refunded:false}"
2026/09/23 11:38:16 INFO generation_trace event="{RelatedRunID: ActorKind: RequestID:req_V76FXE_UTO2h8u__4ngx1Q RunID:01a0cc57-b92e-7988-b27a-5df8d1bd5d8d ModelID:01a0cc57-b2bd-70b3-8fc9-0ade433c396a Sequence:187 ElapsedMS:21 Kind:check_end Late:false Fact:{Stage:draft_commit State:ok BeginMS:19 EndMS:-1 DurationMS:-1 Check:cas Detail:{Reason: Field: Target:-1 Actual:-1 Limit:-1 Start:-1 End:-1 ExpectedType: ActualType:}} Provider:<nil> Outcome: Refunded:false}"
2026/09/23 11:38:16 INFO generation_trace event="{RelatedRunID: ActorKind: RequestID:req_V76FXE_UTO2h8u__4ngx1Q RunID:01a0cc57-b92e-7988-b27a-5df8d1bd5d8d ModelID:01a0cc57-b2bd-70b3-8fc9-0ade433c396a Sequence:188 ElapsedMS:21 Kind:check_begin Late:false Fact:{Stage:draft_commit State:running BeginMS:19 EndMS:-1 DurationMS:-1 Check:draft_insert Detail:{Reason: Field: Target:-1 Actual:-1 Limit:-1 Start:-1 End:-1 ExpectedType: ActualType:}} Provider:<nil> Outcome: Refunded:false}"
2026/09/23 11:38:16 INFO generation_trace event="{RelatedRunID: ActorKind: RequestID:req_V76FXE_UTO2h8u__4ngx1Q RunID:01a0cc57-b92e-7988-b27a-5df8d1bd5d8d ModelID:01a0cc57-b2bd-70b3-8fc9-0ade433c396a Sequence:189 ElapsedMS:21 Kind:check_end Late:false Fact:{Stage:draft_commit State:ok BeginMS:19 EndMS:-1 DurationMS:-1 Check:draft_insert Detail:{Reason: Field: Target:-1 Actual:-1 Limit:-1 Start:-1 End:-1 ExpectedType: ActualType:}} Provider:<nil> Outcome: Refunded:false}"
2026/09/23 11:38:16 INFO generation_trace event="{RelatedRunID: ActorKind: RequestID:req_V76FXE_UTO2h8u__4ngx1Q RunID:01a0cc57-b92e-7988-b27a-5df8d1bd5d8d ModelID:01a0cc57-b2bd-70b3-8fc9-0ade433c396a Sequence:190 ElapsedMS:21 Kind:check_begin Late:false Fact:{Stage:draft_commit State:running BeginMS:19 EndMS:-1 DurationMS:-1 Check:transaction_commit Detail:{Reason: Field: Target:-1 Actual:-1 Limit:-1 Start:-1 End:-1 ExpectedType: ActualType:}} Provider:<nil> Outcome: Refunded:false}"
2026/09/23 11:38:16 INFO generation_trace event="{RelatedRunID: ActorKind: RequestID:req_V76FXE_UTO2h8u__4ngx1Q RunID:01a0cc57-b92e-7988-b27a-5df8d1bd5d8d ModelID:01a0cc57-b2bd-70b3-8fc9-0ade433c396a Sequence:191 ElapsedMS:21 Kind:outcome_confirmed Late:false Fact:{Stage: State: BeginMS:0 EndMS:0 DurationMS:0 Check: Detail:{Reason: Field: Target:0 Actual:0 Limit:0 Start:0 End:0 ExpectedType: ActualType:}} Provider:<nil> Outcome:valid Refunded:false}"
2026/09/23 11:38:16 INFO generation_trace event="{RelatedRunID: ActorKind: RequestID:req_V76FXE_UTO2h8u__4ngx1Q RunID:01a0cc57-b92e-7988-b27a-5df8d1bd5d8d ModelID:01a0cc57-b2bd-70b3-8fc9-0ade433c396a Sequence:192 ElapsedMS:22 Kind:check_end Late:false Fact:{Stage:draft_commit State:ok BeginMS:19 EndMS:22 DurationMS:3 Check:transaction_commit Detail:{Reason: Field: Target:-1 Actual:-1 Limit:-1 Start:-1 End:-1 ExpectedType: ActualType:}} Provider:<nil> Outcome: Refunded:false}"
2026/09/23 11:38:16 INFO generation_trace event="{RelatedRunID: ActorKind: RequestID:req_V76FXE_UTO2h8u__4ngx1Q RunID:01a0cc57-b92e-7988-b27a-5df8d1bd5d8d ModelID:01a0cc57-b2bd-70b3-8fc9-0ade433c396a Sequence:193 ElapsedMS:22 Kind:stage_end Late:false Fact:{Stage:draft_commit State:ok BeginMS:19 EndMS:22 DurationMS:3 Check:transaction_commit Detail:{Reason: Field: Target:-1 Actual:-1 Limit:-1 Start:-1 End:-1 ExpectedType: ActualType:}} Provider:<nil> Outcome: Refunded:false}"
2026/09/23 11:38:16 INFO generation_trace event="{RelatedRunID: ActorKind: RequestID:req_V76FXE_UTO2h8u__4ngx1Q RunID:01a0cc57-b92e-7988-b27a-5df8d1bd5d8d ModelID:01a0cc57-b2bd-70b3-8fc9-0ade433c396a Sequence:194 ElapsedMS:22 Kind:fact Late:false Fact:{Stage:delivery State:running BeginMS:9 EndMS:-1 DurationMS:-1 Check:validated Detail:{Reason: Field: Target:-1 Actual:917 Limit:-1 Start:-1 End:-1 ExpectedType: ActualType:}} Provider:<nil> Outcome: Refunded:false}"
2026/09/23 11:38:16 INFO generation_trace event="{RelatedRunID: ActorKind: RequestID:req_V76FXE_UTO2h8u__4ngx1Q RunID:01a0cc57-b92e-7988-b27a-5df8d1bd5d8d ModelID:01a0cc57-b2bd-70b3-8fc9-0ade433c396a Sequence:195 ElapsedMS:22 Kind:stage_end Late:false Fact:{Stage:delivery State:ok BeginMS:9 EndMS:22 DurationMS:13 Check: Detail:{Reason: Field: Target:-1 Actual:-1 Limit:-1 Start:-1 End:-1 ExpectedType: ActualType:}} Provider:<nil> Outcome: Refunded:false}"
2026/09/23 11:38:16 INFO ai_generation_request_finished request_id=req_V76FXE_UTO2h8u__4ngx1Q run_id=01a0cc57-b92e-7988-b27a-5df8d1bd5d8d model_id=01a0cc57-b2bd-70b3-8fc9-0ade433c396a elapsed_ms=21
2026/09/23 11:38:16 INFO http_request request_id=req_V76FXE_UTO2h8u__4ngx1Q method=POST route=/api/v1/generations/stream status=200 duration_ms=22
2026/09/23 11:38:16 INFO generation_trace event="{RelatedRunID: ActorKind: RequestID:req_V76FXE_UTO2h8u__4ngx1Q RunID:01a0cc57-b92e-7988-b27a-5df8d1bd5d8d ModelID:01a0cc57-b2bd-70b3-8fc9-0ade433c396a Sequence:196 ElapsedMS:22 Kind:check_end Late:false Fact:{Stage:request State:ok BeginMS:0 EndMS:22 DurationMS:22 Check:body Detail:{Reason: Field: Target:-1 Actual:-1 Limit:-1 Start:-1 End:-1 ExpectedType: ActualType:}} Provider:<nil> Outcome: Refunded:false}"
2026/09/23 11:38:16 INFO generation_trace event="{RelatedRunID: ActorKind: RequestID:req_V76FXE_UTO2h8u__4ngx1Q RunID:01a0cc57-b92e-7988-b27a-5df8d1bd5d8d ModelID:01a0cc57-b2bd-70b3-8fc9-0ade433c396a Sequence:197 ElapsedMS:22 Kind:stage_end Late:false Fact:{Stage:request State:ok BeginMS:0 EndMS:22 DurationMS:22 Check:body Detail:{Reason: Field: Target:-1 Actual:-1 Limit:-1 Start:-1 End:-1 ExpectedType: ActualType:}} Provider:<nil> Outcome: Refunded:false}"
2026/09/23 11:38:16 INFO generation_summary summary="{RequestID:req_V76FXE_UTO2h8u__4ngx1Q RunID:01a0cc57-b92e-7988-b27a-5df8d1bd5d8d ModelID:01a0cc57-b2bd-70b3-8fc9-0ade433c396a ElapsedMS:22 Stages:[{Stage:request State:ok BeginMS:0 EndMS:22 DurationMS:22 Check:body Detail:{Reason: Field: Target:-1 Actual:-1 Limit:-1 Start:-1 End:-1 ExpectedType: ActualType:}} {Stage:preflight State:ok BeginMS:1 EndMS:6 DurationMS:5 Check:transaction_commit Detail:{Reason: Field: Target:-1 Actual:-1 Limit:-1 Start:-1 End:-1 ExpectedType: ActualType:}} {Stage:provider_open State:ok BeginMS:6 EndMS:9 DurationMS:3 Check:response_headers Detail:{Reason: Field: Target:-1 Actual:-1 Limit:-1 Start:-1 End:-1 ExpectedType: ActualType:}} {Stage:provider_stream State:ok BeginMS:9 EndMS:10 DurationMS:1 Check: Detail:{Reason: Field: Target:-1 Actual:-1 Limit:-1 Start:-1 End:-1 ExpectedType: ActualType:}} {Stage:passage_decode State:ok BeginMS:10 EndMS:13 DurationMS:3 Check:clean_consistency Detail:{Reason: Field: Target:-1 Actual:-1 Limit:-1 Start:-1 End:-1 ExpectedType: ActualType:}} {Stage:candidate_decode State:ok BeginMS:10 EndMS:13 DurationMS:3 Check:hint_size Detail:{Reason: Field: Target:-1 Actual:-1 Limit:-1 Start:-1 End:-1 ExpectedType: ActualType:}} {Stage:content_validate State:ok BeginMS:14 EndMS:18 DurationMS:4 Check:context Detail:{Reason: Field: Target:-1 Actual:-1 Limit:-1 Start:-1 End:-1 ExpectedType: ActualType:}} {Stage:draft_commit State:ok BeginMS:19 EndMS:22 DurationMS:3 Check:transaction_commit Detail:{Reason: Field: Target:-1 Actual:-1 Limit:-1 Start:-1 End:-1 ExpectedType: ActualType:}} {Stage:settlement State:not_run BeginMS:-1 EndMS:-1 DurationMS:-1 Check: Detail:{Reason: Field: Target:-1 Actual:-1 Limit:-1 Start:-1 End:-1 ExpectedType: ActualType:}} {Stage:delivery State:ok BeginMS:9 EndMS:22 DurationMS:13 Check: Detail:{Reason: Field: Target:-1 Actual:-1 Limit:-1 Start:-1 End:-1 ExpectedType: ActualType:}} {Stage:continuation State:not_run BeginMS:-1 EndMS:-1 DurationMS:-1 Check: Detail:{Reason: Field: Target:-1 Actual:-1 Limit:-1 Start:-1 End:-1 ExpectedType: ActualType:}}] FirstFailure:<nil> Outcome:valid Refunded:false Pending:false}"
2026/09/23 11:38:16 INFO http_request request_id=req_VzCOV6WFmg3c1XcL0Cbkig method=POST route=/api/v1/generations/{run_id}/save status=201 duration_ms=6
2026/09/23 11:38:16 INFO http_request request_id=req_syOYdey3vusGtt2L15yTzg method=GET route=/api/v1/me/batches status=200 duration_ms=1
2026/09/23 11:38:16 INFO http_request request_id=req_cVZtnusKNYKMzVbyVXVFyA method=GET route=/api/v1/me/batches/{batch_id} status=200 duration_ms=2
2026/09/23 11:38:16 INFO http_request request_id=req_3icTdv3LNMc1ypPkhziJsQ method=POST route=/api/v1/me/review-sessions status=201 duration_ms=4
2026/09/23 11:38:16 INFO http_request request_id=req_OI9K4GJGzl8jiCo8eTZjNw method=POST route=/api/v1/me/review-sessions/{session_id}/attempts status=201 duration_ms=4
2026/09/23 11:38:16 INFO http_request request_id=req_jyhmC6MnpYMW3TDVvIx2Jw method=POST route=/api/v1/* status=404 duration_ms=0
2026/09/23 11:38:16 INFO http_request request_id=req_zxTqF04d2_N_k1dOU0qw4Q method=POST route=/api/v1/me/review-attempts/{attempt_id}/submit status=200 duration_ms=5
2026/09/23 11:38:16 INFO http_request request_id=req_Ls0l2BYup4HL1t89CAGIkw method=POST route=/api/v1/me/review-attempts/{attempt_id}/submit status=200 duration_ms=2
2026/09/23 11:38:16 INFO http_request request_id=req_RxS4RDoLXTHeMhAgG1LR2w method=GET route=/api/v1/me/review-attempts/{attempt_id} status=200 duration_ms=1
2026/09/23 11:38:16 INFO http_request request_id=req_DxgyKZnixK0G93GR9FgayA method=GET route=/api/v1/admin/users status=200 duration_ms=0
2026/09/23 11:38:16 INFO http_request request_id=req_HzWzmS7EOxto4cVSsDIkkw method=GET route=/api/v1/admin/users/{user_id}/batches status=200 duration_ms=1
2026/09/23 11:38:16 INFO http_request request_id=req__OtmSEfPJoorHX82FlO6Fg method=DELETE route=/api/v1/me/batches/{batch_id} status=204 duration_ms=2
2026/09/23 11:38:16 INFO http_request request_id=req_uFg-zPUoMLv7n0sadaJ2nQ method=GET route=/api/v1/me/batches/{batch_id} status=404 duration_ms=0
2026/09/23 11:38:16 INFO generation_trace event="{RelatedRunID: ActorKind: RequestID:req_X9_Ip3QJ8Sp-gqLxGpQ7TQ RunID: ModelID: Sequence:1 ElapsedMS:0 Kind:stage_begin Late:false Fact:{Stage:request State:running BeginMS:0 EndMS:-1 DurationMS:-1 Check: Detail:{Reason: Field: Target:-1 Actual:-1 Limit:-1 Start:-1 End:-1 ExpectedType: ActualType:}} Provider:<nil> Outcome: Refunded:false}"
2026/09/23 11:38:16 INFO generation_trace event="{RelatedRunID: ActorKind: RequestID:req_X9_Ip3QJ8Sp-gqLxGpQ7TQ RunID: ModelID: Sequence:2 ElapsedMS:0 Kind:check_begin Late:false Fact:{Stage:request State:running BeginMS:0 EndMS:-1 DurationMS:-1 Check:identity Detail:{Reason: Field: Target:-1 Actual:-1 Limit:-1 Start:-1 End:-1 ExpectedType: ActualType:}} Provider:<nil> Outcome: Refunded:false}"
2026/09/23 11:38:16 INFO generation_trace event="{RelatedRunID: ActorKind:account RequestID:req_X9_Ip3QJ8Sp-gqLxGpQ7TQ RunID: ModelID: Sequence:3 ElapsedMS:0 Kind:actor_resolved Late:false Fact:{Stage: State: BeginMS:0 EndMS:0 DurationMS:0 Check: Detail:{Reason: Field: Target:0 Actual:0 Limit:0 Start:0 End:0 ExpectedType: ActualType:}} Provider:<nil> Outcome: Refunded:false}"
2026/09/23 11:38:16 INFO generation_trace event="{RelatedRunID: ActorKind: RequestID:req_X9_Ip3QJ8Sp-gqLxGpQ7TQ RunID: ModelID: Sequence:4 ElapsedMS:0 Kind:check_end Late:false Fact:{Stage:request State:ok BeginMS:0 EndMS:-1 DurationMS:-1 Check:identity Detail:{Reason: Field: Target:-1 Actual:-1 Limit:-1 Start:-1 End:-1 ExpectedType: ActualType:}} Provider:<nil> Outcome: Refunded:false}"
2026/09/23 11:38:16 INFO generation_trace event="{RelatedRunID: ActorKind: RequestID:req_X9_Ip3QJ8Sp-gqLxGpQ7TQ RunID: ModelID: Sequence:5 ElapsedMS:0 Kind:check_begin Late:false Fact:{Stage:request State:running BeginMS:0 EndMS:-1 DurationMS:-1 Check:origin Detail:{Reason: Field: Target:-1 Actual:-1 Limit:-1 Start:-1 End:-1 ExpectedType: ActualType:}} Provider:<nil> Outcome: Refunded:false}"
2026/09/23 11:38:16 INFO generation_trace event="{RelatedRunID: ActorKind: RequestID:req_X9_Ip3QJ8Sp-gqLxGpQ7TQ RunID: ModelID: Sequence:6 ElapsedMS:0 Kind:check_end Late:false Fact:{Stage:request State:ok BeginMS:0 EndMS:-1 DurationMS:-1 Check:origin Detail:{Reason: Field: Target:-1 Actual:-1 Limit:-1 Start:-1 End:-1 ExpectedType: ActualType:}} Provider:<nil> Outcome: Refunded:false}"
2026/09/23 11:38:16 INFO generation_trace event="{RelatedRunID: ActorKind: RequestID:req_X9_Ip3QJ8Sp-gqLxGpQ7TQ RunID: ModelID: Sequence:7 ElapsedMS:0 Kind:check_begin Late:false Fact:{Stage:request State:running BeginMS:0 EndMS:-1 DurationMS:-1 Check:content_type Detail:{Reason: Field: Target:-1 Actual:-1 Limit:-1 Start:-1 End:-1 ExpectedType: ActualType:}} Provider:<nil> Outcome: Refunded:false}"
2026/09/23 11:38:16 INFO generation_trace event="{RelatedRunID: ActorKind: RequestID:req_X9_Ip3QJ8Sp-gqLxGpQ7TQ RunID: ModelID: Sequence:8 ElapsedMS:0 Kind:check_end Late:false Fact:{Stage:request State:ok BeginMS:0 EndMS:-1 DurationMS:-1 Check:content_type Detail:{Reason: Field: Target:-1 Actual:-1 Limit:-1 Start:-1 End:-1 ExpectedType: ActualType:}} Provider:<nil> Outcome: Refunded:false}"
2026/09/23 11:38:16 INFO generation_trace event="{RelatedRunID: ActorKind: RequestID:req_X9_Ip3QJ8Sp-gqLxGpQ7TQ RunID: ModelID: Sequence:9 ElapsedMS:0 Kind:check_begin Late:false Fact:{Stage:request State:running BeginMS:0 EndMS:-1 DurationMS:-1 Check:csrf Detail:{Reason: Field: Target:-1 Actual:-1 Limit:-1 Start:-1 End:-1 ExpectedType: ActualType:}} Provider:<nil> Outcome: Refunded:false}"
2026/09/23 11:38:16 INFO generation_trace event="{RelatedRunID: ActorKind: RequestID:req_X9_Ip3QJ8Sp-gqLxGpQ7TQ RunID: ModelID: Sequence:10 ElapsedMS:0 Kind:check_end Late:false Fact:{Stage:request State:ok BeginMS:0 EndMS:-1 DurationMS:-1 Check:csrf Detail:{Reason: Field: Target:-1 Actual:-1 Limit:-1 Start:-1 End:-1 ExpectedType: ActualType:}} Provider:<nil> Outcome: Refunded:false}"
2026/09/23 11:38:16 INFO generation_trace event="{RelatedRunID: ActorKind: RequestID:req_X9_Ip3QJ8Sp-gqLxGpQ7TQ RunID: ModelID: Sequence:11 ElapsedMS:1 Kind:check_begin Late:false Fact:{Stage:request State:running BeginMS:0 EndMS:-1 DurationMS:-1 Check:body Detail:{Reason: Field: Target:-1 Actual:-1 Limit:-1 Start:-1 End:-1 ExpectedType: ActualType:}} Provider:<nil> Outcome: Refunded:false}"
2026/09/23 11:38:16 INFO generation_trace event="{RelatedRunID: ActorKind: RequestID:req_X9_Ip3QJ8Sp-gqLxGpQ7TQ RunID: ModelID: Sequence:12 ElapsedMS:1 Kind:stage_begin Late:false Fact:{Stage:preflight State:running BeginMS:1 EndMS:-1 DurationMS:-1 Check: Detail:{Reason: Field: Target:-1 Actual:-1 Limit:-1 Start:-1 End:-1 ExpectedType: ActualType:}} Provider:<nil> Outcome: Refunded:false}"
2026/09/23 11:38:16 INFO generation_trace event="{RelatedRunID: ActorKind: RequestID:req_X9_Ip3QJ8Sp-gqLxGpQ7TQ RunID: ModelID: Sequence:13 ElapsedMS:1 Kind:check_begin Late:false Fact:{Stage:preflight State:running BeginMS:1 EndMS:-1 DurationMS:-1 Check:input Detail:{Reason: Field: Target:-1 Actual:-1 Limit:-1 Start:-1 End:-1 ExpectedType: ActualType:}} Provider:<nil> Outcome: Refunded:false}"
2026/09/23 11:38:16 INFO generation_trace event="{RelatedRunID: ActorKind: RequestID:req_X9_Ip3QJ8Sp-gqLxGpQ7TQ RunID: ModelID: Sequence:14 ElapsedMS:1 Kind:check_end Late:false Fact:{Stage:preflight State:ok BeginMS:1 EndMS:-1 DurationMS:-1 Check:input Detail:{Reason: Field: Target:-1 Actual:-1 Limit:-1 Start:-1 End:-1 ExpectedType: ActualType:}} Provider:<nil> Outcome: Refunded:false}"
2026/09/23 11:38:16 INFO generation_trace event="{RelatedRunID: ActorKind: RequestID:req_X9_Ip3QJ8Sp-gqLxGpQ7TQ RunID: ModelID: Sequence:15 ElapsedMS:1 Kind:check_begin Late:false Fact:{Stage:preflight State:running BeginMS:1 EndMS:-1 DurationMS:-1 Check:transaction_begin Detail:{Reason: Field: Target:-1 Actual:-1 Limit:-1 Start:-1 End:-1 ExpectedType: ActualType:}} Provider:<nil> Outcome: Refunded:false}"
2026/09/23 11:38:16 INFO generation_trace event="{RelatedRunID: ActorKind: RequestID:req_X9_Ip3QJ8Sp-gqLxGpQ7TQ RunID: ModelID: Sequence:16 ElapsedMS:1 Kind:check_end Late:false Fact:{Stage:preflight State:ok BeginMS:1 EndMS:-1 DurationMS:-1 Check:transaction_begin Detail:{Reason: Field: Target:-1 Actual:-1 Limit:-1 Start:-1 End:-1 ExpectedType: ActualType:}} Provider:<nil> Outcome: Refunded:false}"
2026/09/23 11:38:16 INFO generation_trace event="{RelatedRunID: ActorKind: RequestID:req_X9_Ip3QJ8Sp-gqLxGpQ7TQ RunID: ModelID: Sequence:17 ElapsedMS:1 Kind:check_begin Late:false Fact:{Stage:preflight State:running BeginMS:1 EndMS:-1 DurationMS:-1 Check:credentials Detail:{Reason: Field: Target:-1 Actual:-1 Limit:-1 Start:-1 End:-1 ExpectedType: ActualType:}} Provider:<nil> Outcome: Refunded:false}"
2026/09/23 11:38:16 INFO generation_trace event="{RelatedRunID: ActorKind: RequestID:req_X9_Ip3QJ8Sp-gqLxGpQ7TQ RunID: ModelID: Sequence:18 ElapsedMS:2 Kind:check_end Late:false Fact:{Stage:preflight State:ok BeginMS:1 EndMS:-1 DurationMS:-1 Check:credentials Detail:{Reason: Field: Target:-1 Actual:-1 Limit:-1 Start:-1 End:-1 ExpectedType: ActualType:}} Provider:<nil> Outcome: Refunded:false}"
2026/09/23 11:38:16 INFO generation_trace event="{RelatedRunID: ActorKind: RequestID:req_X9_Ip3QJ8Sp-gqLxGpQ7TQ RunID: ModelID: Sequence:19 ElapsedMS:2 Kind:check_begin Late:false Fact:{Stage:preflight State:running BeginMS:1 EndMS:-1 DurationMS:-1 Check:actor_lock Detail:{Reason: Field: Target:-1 Actual:-1 Limit:-1 Start:-1 End:-1 ExpectedType: ActualType:}} Provider:<nil> Outcome: Refunded:false}"
2026/09/23 11:38:16 INFO generation_trace event="{RelatedRunID: ActorKind: RequestID:req_X9_Ip3QJ8Sp-gqLxGpQ7TQ RunID: ModelID: Sequence:20 ElapsedMS:2 Kind:check_end Late:false Fact:{Stage:preflight State:ok BeginMS:1 EndMS:-1 DurationMS:-1 Check:actor_lock Detail:{Reason: Field: Target:-1 Actual:-1 Limit:-1 Start:-1 End:-1 ExpectedType: ActualType:}} Provider:<nil> Outcome: Refunded:false}"
2026/09/23 11:38:16 INFO generation_trace event="{RelatedRunID: ActorKind: RequestID:req_X9_Ip3QJ8Sp-gqLxGpQ7TQ RunID: ModelID: Sequence:21 ElapsedMS:2 Kind:check_begin Late:false Fact:{Stage:preflight State:running BeginMS:1 EndMS:-1 DurationMS:-1 Check:group_policy Detail:{Reason: Field: Target:-1 Actual:-1 Limit:-1 Start:-1 End:-1 ExpectedType: ActualType:}} Provider:<nil> Outcome: Refunded:false}"
2026/09/23 11:38:16 INFO generation_trace event="{RelatedRunID: ActorKind: RequestID:req_X9_Ip3QJ8Sp-gqLxGpQ7TQ RunID: ModelID: Sequence:22 ElapsedMS:2 Kind:check_end Late:false Fact:{Stage:preflight State:ok BeginMS:1 EndMS:-1 DurationMS:-1 Check:group_policy Detail:{Reason: Field: Target:-1 Actual:-1 Limit:-1 Start:-1 End:-1 ExpectedType: ActualType:}} Provider:<nil> Outcome: Refunded:false}"
2026/09/23 11:38:16 INFO generation_trace event="{RelatedRunID: ActorKind: RequestID:req_X9_Ip3QJ8Sp-gqLxGpQ7TQ RunID: ModelID: Sequence:23 ElapsedMS:2 Kind:check_begin Late:false Fact:{Stage:preflight State:running BeginMS:1 EndMS:-1 DurationMS:-1 Check:model_assignment Detail:{Reason: Field: Target:-1 Actual:-1 Limit:-1 Start:-1 End:-1 ExpectedType: ActualType:}} Provider:<nil> Outcome: Refunded:false}"
2026/09/23 11:38:16 INFO generation_trace event="{RelatedRunID: ActorKind: RequestID:req_X9_Ip3QJ8Sp-gqLxGpQ7TQ RunID: ModelID: Sequence:24 ElapsedMS:3 Kind:check_end Late:false Fact:{Stage:preflight State:ok BeginMS:1 EndMS:-1 DurationMS:-1 Check:model_assignment Detail:{Reason: Field: Target:-1 Actual:-1 Limit:-1 Start:-1 End:-1 ExpectedType: ActualType:}} Provider:<nil> Outcome: Refunded:false}"
2026/09/23 11:38:16 INFO generation_trace event="{RelatedRunID: ActorKind: RequestID:req_X9_Ip3QJ8Sp-gqLxGpQ7TQ RunID: ModelID: Sequence:25 ElapsedMS:3 Kind:check_begin Late:false Fact:{Stage:preflight State:running BeginMS:1 EndMS:-1 DurationMS:-1 Check:length_assignment Detail:{Reason: Field: Target:-1 Actual:-1 Limit:-1 Start:-1 End:-1 ExpectedType: ActualType:}} Provider:<nil> Outcome: Refunded:false}"
2026/09/23 11:38:16 INFO generation_trace event="{RelatedRunID: ActorKind: RequestID:req_X9_Ip3QJ8Sp-gqLxGpQ7TQ RunID: ModelID: Sequence:26 ElapsedMS:3 Kind:check_end Late:false Fact:{Stage:preflight State:ok BeginMS:1 EndMS:-1 DurationMS:-1 Check:length_assignment Detail:{Reason: Field: Target:-1 Actual:-1 Limit:-1 Start:-1 End:-1 ExpectedType: ActualType:}} Provider:<nil> Outcome: Refunded:false}"
2026/09/23 11:38:16 INFO generation_trace event="{RelatedRunID: ActorKind: RequestID:req_X9_Ip3QJ8Sp-gqLxGpQ7TQ RunID: ModelID: Sequence:27 ElapsedMS:3 Kind:check_begin Late:false Fact:{Stage:preflight State:running BeginMS:1 EndMS:-1 DurationMS:-1 Check:vocabulary Detail:{Reason: Field: Target:-1 Actual:-1 Limit:-1 Start:-1 End:-1 ExpectedType: ActualType:}} Provider:<nil> Outcome: Refunded:false}"
2026/09/23 11:38:16 INFO generation_trace event="{RelatedRunID: ActorKind: RequestID:req_X9_Ip3QJ8Sp-gqLxGpQ7TQ RunID: ModelID: Sequence:28 ElapsedMS:3 Kind:check_end Late:false Fact:{Stage:preflight State:ok BeginMS:1 EndMS:-1 DurationMS:-1 Check:vocabulary Detail:{Reason: Field: Target:-1 Actual:-1 Limit:-1 Start:-1 End:-1 ExpectedType: ActualType:}} Provider:<nil> Outcome: Refunded:false}"
2026/09/23 11:38:16 INFO generation_trace event="{RelatedRunID: ActorKind: RequestID:req_X9_Ip3QJ8Sp-gqLxGpQ7TQ RunID: ModelID: Sequence:29 ElapsedMS:3 Kind:check_begin Late:false Fact:{Stage:preflight State:running BeginMS:1 EndMS:-1 DurationMS:-1 Check:quota Detail:{Reason: Field: Target:-1 Actual:-1 Limit:-1 Start:-1 End:-1 ExpectedType: ActualType:}} Provider:<nil> Outcome: Refunded:false}"
2026/09/23 11:38:16 INFO generation_trace event="{RelatedRunID: ActorKind: RequestID:req_X9_Ip3QJ8Sp-gqLxGpQ7TQ RunID: ModelID: Sequence:30 ElapsedMS:3 Kind:check_end Late:false Fact:{Stage:preflight State:ok BeginMS:1 EndMS:-1 DurationMS:-1 Check:quota Detail:{Reason: Field: Target:-1 Actual:-1 Limit:-1 Start:-1 End:-1 ExpectedType: ActualType:}} Provider:<nil> Outcome: Refunded:false}"
2026/09/23 11:38:16 INFO generation_trace event="{RelatedRunID: ActorKind: RequestID:req_X9_Ip3QJ8Sp-gqLxGpQ7TQ RunID: ModelID: Sequence:31 ElapsedMS:3 Kind:check_begin Late:false Fact:{Stage:preflight State:running BeginMS:1 EndMS:-1 DurationMS:-1 Check:reserve Detail:{Reason: Field: Target:-1 Actual:-1 Limit:-1 Start:-1 End:-1 ExpectedType: ActualType:}} Provider:<nil> Outcome: Refunded:false}"
2026/09/23 11:38:16 INFO generation_trace event="{RelatedRunID: ActorKind: RequestID:req_X9_Ip3QJ8Sp-gqLxGpQ7TQ RunID: ModelID: Sequence:32 ElapsedMS:4 Kind:check_end Late:false Fact:{Stage:preflight State:ok BeginMS:1 EndMS:-1 DurationMS:-1 Check:reserve Detail:{Reason: Field: Target:-1 Actual:-1 Limit:-1 Start:-1 End:-1 ExpectedType: ActualType:}} Provider:<nil> Outcome: Refunded:false}"
2026/09/23 11:38:16 INFO generation_trace event="{RelatedRunID: ActorKind: RequestID:req_X9_Ip3QJ8Sp-gqLxGpQ7TQ RunID: ModelID: Sequence:33 ElapsedMS:4 Kind:check_begin Late:false Fact:{Stage:preflight State:running BeginMS:1 EndMS:-1 DurationMS:-1 Check:entries Detail:{Reason: Field: Target:-1 Actual:-1 Limit:-1 Start:-1 End:-1 ExpectedType: ActualType:}} Provider:<nil> Outcome: Refunded:false}"
2026/09/23 11:38:16 INFO generation_trace event="{RelatedRunID: ActorKind: RequestID:req_X9_Ip3QJ8Sp-gqLxGpQ7TQ RunID: ModelID: Sequence:34 ElapsedMS:5 Kind:check_end Late:false Fact:{Stage:preflight State:ok BeginMS:1 EndMS:-1 DurationMS:-1 Check:entries Detail:{Reason: Field: Target:-1 Actual:-1 Limit:-1 Start:-1 End:-1 ExpectedType: ActualType:}} Provider:<nil> Outcome: Refunded:false}"
2026/09/23 11:38:16 INFO generation_trace event="{RelatedRunID: ActorKind: RequestID:req_X9_Ip3QJ8Sp-gqLxGpQ7TQ RunID: ModelID: Sequence:35 ElapsedMS:5 Kind:check_begin Late:false Fact:{Stage:preflight State:running BeginMS:1 EndMS:-1 DurationMS:-1 Check:token Detail:{Reason: Field: Target:-1 Actual:-1 Limit:-1 Start:-1 End:-1 ExpectedType: ActualType:}} Provider:<nil> Outcome: Refunded:false}"
2026/09/23 11:38:16 INFO generation_trace event="{RelatedRunID: ActorKind: RequestID:req_X9_Ip3QJ8Sp-gqLxGpQ7TQ RunID: ModelID: Sequence:36 ElapsedMS:5 Kind:check_end Late:false Fact:{Stage:preflight State:ok BeginMS:1 EndMS:-1 DurationMS:-1 Check:token Detail:{Reason: Field: Target:-1 Actual:-1 Limit:-1 Start:-1 End:-1 ExpectedType: ActualType:}} Provider:<nil> Outcome: Refunded:false}"
2026/09/23 11:38:16 INFO generation_trace event="{RelatedRunID: ActorKind: RequestID:req_X9_Ip3QJ8Sp-gqLxGpQ7TQ RunID: ModelID: Sequence:37 ElapsedMS:5 Kind:check_begin Late:false Fact:{Stage:preflight State:running BeginMS:1 EndMS:-1 DurationMS:-1 Check:transaction_commit Detail:{Reason: Field: Target:-1 Actual:-1 Limit:-1 Start:-1 End:-1 ExpectedType: ActualType:}} Provider:<nil> Outcome: Refunded:false}"
2026/09/23 11:38:16 INFO generation_trace event="{RelatedRunID: ActorKind: RequestID:req_X9_Ip3QJ8Sp-gqLxGpQ7TQ RunID:01a0cc57-b971-75b2-a06a-9efec60bd2ed ModelID:01a0cc57-b96c-7588-94cf-a8e0b08567fb Sequence:38 ElapsedMS:5 Kind:run_bound Late:false Fact:{Stage: State: BeginMS:0 EndMS:0 DurationMS:0 Check: Detail:{Reason: Field: Target:0 Actual:0 Limit:0 Start:0 End:0 ExpectedType: ActualType:}} Provider:<nil> Outcome: Refunded:false}"
2026/09/23 11:38:16 INFO generation_trace event="{RelatedRunID: ActorKind: RequestID:req_X9_Ip3QJ8Sp-gqLxGpQ7TQ RunID:01a0cc57-b971-75b2-a06a-9efec60bd2ed ModelID:01a0cc57-b96c-7588-94cf-a8e0b08567fb Sequence:39 ElapsedMS:5 Kind:check_end Late:false Fact:{Stage:preflight State:ok BeginMS:1 EndMS:5 DurationMS:4 Check:transaction_commit Detail:{Reason: Field: Target:-1 Actual:-1 Limit:-1 Start:-1 End:-1 ExpectedType: ActualType:}} Provider:<nil> Outcome: Refunded:false}"
2026/09/23 11:38:16 INFO generation_trace event="{RelatedRunID: ActorKind: RequestID:req_X9_Ip3QJ8Sp-gqLxGpQ7TQ RunID:01a0cc57-b971-75b2-a06a-9efec60bd2ed ModelID:01a0cc57-b96c-7588-94cf-a8e0b08567fb Sequence:40 ElapsedMS:5 Kind:stage_end Late:false Fact:{Stage:preflight State:ok BeginMS:1 EndMS:5 DurationMS:4 Check:transaction_commit Detail:{Reason: Field: Target:-1 Actual:-1 Limit:-1 Start:-1 End:-1 ExpectedType: ActualType:}} Provider:<nil> Outcome: Refunded:false}"
2026/09/23 11:38:16 INFO generation_trace event="{RelatedRunID: ActorKind: RequestID:req_X9_Ip3QJ8Sp-gqLxGpQ7TQ RunID:01a0cc57-b971-75b2-a06a-9efec60bd2ed ModelID:01a0cc57-b96c-7588-94cf-a8e0b08567fb Sequence:41 ElapsedMS:5 Kind:stage_begin Late:false Fact:{Stage:provider_open State:running BeginMS:5 EndMS:-1 DurationMS:-1 Check: Detail:{Reason: Field: Target:-1 Actual:-1 Limit:-1 Start:-1 End:-1 ExpectedType: ActualType:}} Provider:<nil> Outcome: Refunded:false}"
2026/09/23 11:38:16 INFO generation_trace event="{RelatedRunID: ActorKind: RequestID:req_X9_Ip3QJ8Sp-gqLxGpQ7TQ RunID:01a0cc57-b971-75b2-a06a-9efec60bd2ed ModelID:01a0cc57-b96c-7588-94cf-a8e0b08567fb Sequence:42 ElapsedMS:5 Kind:check_begin Late:false Fact:{Stage:provider_open State:running BeginMS:5 EndMS:-1 DurationMS:-1 Check:credentials Detail:{Reason: Field: Target:-1 Actual:-1 Limit:-1 Start:-1 End:-1 ExpectedType: ActualType:}} Provider:<nil> Outcome: Refunded:false}"
2026/09/23 11:38:16 INFO generation_trace event="{RelatedRunID: ActorKind: RequestID:req_X9_Ip3QJ8Sp-gqLxGpQ7TQ RunID:01a0cc57-b971-75b2-a06a-9efec60bd2ed ModelID:01a0cc57-b96c-7588-94cf-a8e0b08567fb Sequence:43 ElapsedMS:6 Kind:check_end Late:false Fact:{Stage:provider_open State:ok BeginMS:5 EndMS:-1 DurationMS:-1 Check:credentials Detail:{Reason: Field: Target:-1 Actual:-1 Limit:-1 Start:-1 End:-1 ExpectedType: ActualType:}} Provider:<nil> Outcome: Refunded:false}"
2026/09/23 11:38:16 INFO generation_trace event="{RelatedRunID: ActorKind: RequestID:req_X9_Ip3QJ8Sp-gqLxGpQ7TQ RunID:01a0cc57-b971-75b2-a06a-9efec60bd2ed ModelID:01a0cc57-b96c-7588-94cf-a8e0b08567fb Sequence:44 ElapsedMS:6 Kind:check_begin Late:false Fact:{Stage:provider_open State:running BeginMS:5 EndMS:-1 DurationMS:-1 Check:request_encode Detail:{Reason: Field: Target:-1 Actual:-1 Limit:-1 Start:-1 End:-1 ExpectedType: ActualType:}} Provider:<nil> Outcome: Refunded:false}"
2026/09/23 11:38:16 INFO generation_trace event="{RelatedRunID: ActorKind: RequestID:req_X9_Ip3QJ8Sp-gqLxGpQ7TQ RunID:01a0cc57-b971-75b2-a06a-9efec60bd2ed ModelID:01a0cc57-b96c-7588-94cf-a8e0b08567fb Sequence:45 ElapsedMS:6 Kind:check_end Late:false Fact:{Stage:provider_open State:ok BeginMS:5 EndMS:-1 DurationMS:-1 Check:request_encode Detail:{Reason: Field: Target:-1 Actual:-1 Limit:-1 Start:-1 End:-1 ExpectedType: ActualType:}} Provider:<nil> Outcome: Refunded:false}"
2026/09/23 11:38:16 INFO generation_trace event="{RelatedRunID: ActorKind: RequestID:req_X9_Ip3QJ8Sp-gqLxGpQ7TQ RunID:01a0cc57-b971-75b2-a06a-9efec60bd2ed ModelID:01a0cc57-b96c-7588-94cf-a8e0b08567fb Sequence:46 ElapsedMS:7 Kind:check_begin Late:false Fact:{Stage:provider_open State:running BeginMS:5 EndMS:-1 DurationMS:-1 Check:request_create Detail:{Reason: Field: Target:-1 Actual:-1 Limit:-1 Start:-1 End:-1 ExpectedType: ActualType:}} Provider:<nil> Outcome: Refunded:false}"
2026/09/23 11:38:16 INFO generation_trace event="{RelatedRunID: ActorKind: RequestID:req_X9_Ip3QJ8Sp-gqLxGpQ7TQ RunID:01a0cc57-b971-75b2-a06a-9efec60bd2ed ModelID:01a0cc57-b96c-7588-94cf-a8e0b08567fb Sequence:47 ElapsedMS:7 Kind:check_end Late:false Fact:{Stage:provider_open State:ok BeginMS:5 EndMS:-1 DurationMS:-1 Check:request_create Detail:{Reason: Field: Target:-1 Actual:-1 Limit:-1 Start:-1 End:-1 ExpectedType: ActualType:}} Provider:<nil> Outcome: Refunded:false}"
2026/09/23 11:38:16 INFO generation_trace event="{RelatedRunID: ActorKind: RequestID:req_X9_Ip3QJ8Sp-gqLxGpQ7TQ RunID:01a0cc57-b971-75b2-a06a-9efec60bd2ed ModelID:01a0cc57-b96c-7588-94cf-a8e0b08567fb Sequence:48 ElapsedMS:7 Kind:check_begin Late:false Fact:{Stage:provider_open State:running BeginMS:5 EndMS:-1 DurationMS:-1 Check:request_send Detail:{Reason: Field: Target:-1 Actual:-1 Limit:-1 Start:-1 End:-1 ExpectedType: ActualType:}} Provider:<nil> Outcome: Refunded:false}"
2026/09/23 11:38:16 INFO generation_trace event="{RelatedRunID: ActorKind: RequestID:req_X9_Ip3QJ8Sp-gqLxGpQ7TQ RunID:01a0cc57-b971-75b2-a06a-9efec60bd2ed ModelID:01a0cc57-b96c-7588-94cf-a8e0b08567fb Sequence:49 ElapsedMS:8 Kind:check_end Late:false Fact:{Stage:provider_open State:ok BeginMS:5 EndMS:-1 DurationMS:-1 Check:request_send Detail:{Reason: Field: Target:-1 Actual:-1 Limit:-1 Start:-1 End:-1 ExpectedType: ActualType:}} Provider:<nil> Outcome: Refunded:false}"
2026/09/23 11:38:16 INFO generation_trace event="{RelatedRunID: ActorKind: RequestID:req_X9_Ip3QJ8Sp-gqLxGpQ7TQ RunID:01a0cc57-b971-75b2-a06a-9efec60bd2ed ModelID:01a0cc57-b96c-7588-94cf-a8e0b08567fb Sequence:50 ElapsedMS:8 Kind:check_begin Late:false Fact:{Stage:provider_open State:running BeginMS:5 EndMS:-1 DurationMS:-1 Check:response_headers Detail:{Reason: Field: Target:-1 Actual:-1 Limit:-1 Start:-1 End:-1 ExpectedType: ActualType:}} Provider:<nil> Outcome: Refunded:false}"
2026/09/23 11:38:16 INFO generation_trace event="{RelatedRunID: ActorKind: RequestID:req_X9_Ip3QJ8Sp-gqLxGpQ7TQ RunID:01a0cc57-b971-75b2-a06a-9efec60bd2ed ModelID:01a0cc57-b96c-7588-94cf-a8e0b08567fb Sequence:51 ElapsedMS:8 Kind:provider Late:false Fact:{Stage:provider_open State:running BeginMS:5 EndMS:-1 DurationMS:-1 Check:response_headers Detail:{Reason: Field: Target:-1 Actual:-1 Limit:-1 Start:-1 End:-1 ExpectedType: ActualType:}} Provider:0xc000c3cfa0 Outcome: Refunded:false}"
2026/09/23 11:38:16 INFO generation_trace event="{RelatedRunID: ActorKind: RequestID:req_X9_Ip3QJ8Sp-gqLxGpQ7TQ RunID:01a0cc57-b971-75b2-a06a-9efec60bd2ed ModelID:01a0cc57-b96c-7588-94cf-a8e0b08567fb Sequence:52 ElapsedMS:8 Kind:check_end Late:false Fact:{Stage:provider_open State:ok BeginMS:5 EndMS:8 DurationMS:3 Check:response_headers Detail:{Reason: Field: Target:-1 Actual:-1 Limit:-1 Start:-1 End:-1 ExpectedType: ActualType:}} Provider:<nil> Outcome: Refunded:false}"
2026/09/23 11:38:16 INFO generation_trace event="{RelatedRunID: ActorKind: RequestID:req_X9_Ip3QJ8Sp-gqLxGpQ7TQ RunID:01a0cc57-b971-75b2-a06a-9efec60bd2ed ModelID:01a0cc57-b96c-7588-94cf-a8e0b08567fb Sequence:53 ElapsedMS:8 Kind:stage_end Late:false Fact:{Stage:provider_open State:ok BeginMS:5 EndMS:8 DurationMS:3 Check:response_headers Detail:{Reason: Field: Target:-1 Actual:-1 Limit:-1 Start:-1 End:-1 ExpectedType: ActualType:}} Provider:<nil> Outcome: Refunded:false}"
2026/09/23 11:38:16 INFO generation_trace event="{RelatedRunID: ActorKind: RequestID:req_X9_Ip3QJ8Sp-gqLxGpQ7TQ RunID:01a0cc57-b971-75b2-a06a-9efec60bd2ed ModelID:01a0cc57-b96c-7588-94cf-a8e0b08567fb Sequence:54 ElapsedMS:8 Kind:stage_begin Late:false Fact:{Stage:delivery State:running BeginMS:8 EndMS:-1 DurationMS:-1 Check: Detail:{Reason: Field: Target:-1 Actual:-1 Limit:-1 Start:-1 End:-1 ExpectedType: ActualType:}} Provider:<nil> Outcome: Refunded:false}"
2026/09/23 11:38:16 INFO generation_trace event="{RelatedRunID: ActorKind: RequestID:req_X9_Ip3QJ8Sp-gqLxGpQ7TQ RunID:01a0cc57-b971-75b2-a06a-9efec60bd2ed ModelID:01a0cc57-b96c-7588-94cf-a8e0b08567fb Sequence:55 ElapsedMS:9 Kind:fact Late:false Fact:{Stage:delivery State:running BeginMS:8 EndMS:-1 DurationMS:-1 Check:started Detail:{Reason: Field: Target:-1 Actual:192 Limit:-1 Start:-1 End:-1 ExpectedType: ActualType:}} Provider:<nil> Outcome: Refunded:false}"
2026/09/23 11:38:16 INFO generation_trace event="{RelatedRunID: ActorKind: RequestID:req_X9_Ip3QJ8Sp-gqLxGpQ7TQ RunID:01a0cc57-b971-75b2-a06a-9efec60bd2ed ModelID:01a0cc57-b96c-7588-94cf-a8e0b08567fb Sequence:56 ElapsedMS:9 Kind:stage_begin Late:false Fact:{Stage:provider_stream State:running BeginMS:9 EndMS:-1 DurationMS:-1 Check: Detail:{Reason: Field: Target:-1 Actual:-1 Limit:-1 Start:-1 End:-1 ExpectedType: ActualType:}} Provider:<nil> Outcome: Refunded:false}"
2026/09/23 11:38:16 INFO generation_trace event="{RelatedRunID: ActorKind: RequestID:req_X9_Ip3QJ8Sp-gqLxGpQ7TQ RunID:01a0cc57-b971-75b2-a06a-9efec60bd2ed ModelID:01a0cc57-b96c-7588-94cf-a8e0b08567fb Sequence:57 ElapsedMS:10 Kind:stage_begin Late:false Fact:{Stage:settlement State:running BeginMS:10 EndMS:-1 DurationMS:-1 Check: Detail:{Reason: Field: Target:-1 Actual:-1 Limit:-1 Start:-1 End:-1 ExpectedType: ActualType:}} Provider:<nil> Outcome: Refunded:false}"
2026/09/23 11:38:16 INFO generation_trace event="{RelatedRunID: ActorKind: RequestID:req_X9_Ip3QJ8Sp-gqLxGpQ7TQ RunID:01a0cc57-b971-75b2-a06a-9efec60bd2ed ModelID:01a0cc57-b96c-7588-94cf-a8e0b08567fb Sequence:58 ElapsedMS:10 Kind:check_begin Late:false Fact:{Stage:settlement State:running BeginMS:10 EndMS:-1 DurationMS:-1 Check:cas Detail:{Reason: Field: Target:-1 Actual:-1 Limit:-1 Start:-1 End:-1 ExpectedType: ActualType:}} Provider:<nil> Outcome: Refunded:false}"
2026/09/23 11:38:16 INFO generation_trace event="{RelatedRunID: ActorKind: RequestID:req_X9_Ip3QJ8Sp-gqLxGpQ7TQ RunID:01a0cc57-b971-75b2-a06a-9efec60bd2ed ModelID:01a0cc57-b96c-7588-94cf-a8e0b08567fb Sequence:59 ElapsedMS:11 Kind:outcome_confirmed Late:false Fact:{Stage: State: BeginMS:0 EndMS:0 DurationMS:0 Check: Detail:{Reason: Field: Target:0 Actual:0 Limit:0 Start:0 End:0 ExpectedType: ActualType:}} Provider:<nil> Outcome:cancelled Refunded:false}"
2026/09/23 11:38:16 INFO generation_trace event="{RelatedRunID: ActorKind: RequestID:req_X9_Ip3QJ8Sp-gqLxGpQ7TQ RunID:01a0cc57-b971-75b2-a06a-9efec60bd2ed ModelID:01a0cc57-b96c-7588-94cf-a8e0b08567fb Sequence:60 ElapsedMS:11 Kind:settlement Late:false Fact:{Stage: State: BeginMS:0 EndMS:0 DurationMS:0 Check: Detail:{Reason: Field: Target:0 Actual:0 Limit:0 Start:0 End:0 ExpectedType: ActualType:}} Provider:<nil> Outcome:cancelled Refunded:false}"
2026/09/23 11:38:16 INFO generation_trace event="{RelatedRunID: ActorKind: RequestID:req_X9_Ip3QJ8Sp-gqLxGpQ7TQ RunID:01a0cc57-b971-75b2-a06a-9efec60bd2ed ModelID:01a0cc57-b96c-7588-94cf-a8e0b08567fb Sequence:61 ElapsedMS:11 Kind:check_end Late:false Fact:{Stage:settlement State:ok BeginMS:10 EndMS:11 DurationMS:1 Check:cas Detail:{Reason: Field: Target:-1 Actual:-1 Limit:-1 Start:-1 End:-1 ExpectedType: ActualType:}} Provider:<nil> Outcome: Refunded:false}"
2026/09/23 11:38:16 INFO generation_trace event="{RelatedRunID: ActorKind: RequestID:req_X9_Ip3QJ8Sp-gqLxGpQ7TQ RunID:01a0cc57-b971-75b2-a06a-9efec60bd2ed ModelID:01a0cc57-b96c-7588-94cf-a8e0b08567fb Sequence:62 ElapsedMS:11 Kind:stage_end Late:false Fact:{Stage:settlement State:ok BeginMS:10 EndMS:11 DurationMS:1 Check:cas Detail:{Reason: Field: Target:-1 Actual:-1 Limit:-1 Start:-1 End:-1 ExpectedType: ActualType:}} Provider:<nil> Outcome: Refunded:false}"
2026/09/23 11:38:16 INFO http_request request_id=req_TuINHpum6sPBvtciOvECyw method=POST route=/api/v1/generations/{run_id}/cancel status=200 duration_ms=2
2026/09/23 11:38:16 INFO generation_trace event="{RelatedRunID: ActorKind: RequestID:req_X9_Ip3QJ8Sp-gqLxGpQ7TQ RunID:01a0cc57-b971-75b2-a06a-9efec60bd2ed ModelID:01a0cc57-b96c-7588-94cf-a8e0b08567fb Sequence:63 ElapsedMS:12 Kind:fact Late:false Fact:{Stage:provider_stream State:running BeginMS:9 EndMS:-1 DurationMS:-1 Check:termination Detail:{Reason:context_cancelled Field: Target:-1 Actual:-1 Limit:-1 Start:-1 End:-1 ExpectedType: ActualType:}} Provider:<nil> Outcome: Refunded:false}"
2026/09/23 11:38:16 INFO generation_trace event="{RelatedRunID: ActorKind: RequestID:req_X9_Ip3QJ8Sp-gqLxGpQ7TQ RunID:01a0cc57-b971-75b2-a06a-9efec60bd2ed ModelID:01a0cc57-b96c-7588-94cf-a8e0b08567fb Sequence:64 ElapsedMS:12 Kind:stage_end Late:false Fact:{Stage:provider_stream State:cancelled BeginMS:9 EndMS:12 DurationMS:3 Check: Detail:{Reason:context_cancelled Field: Target:-1 Actual:-1 Limit:-1 Start:-1 End:-1 ExpectedType: ActualType:}} Provider:<nil> Outcome: Refunded:false}"
2026/09/23 11:38:16 INFO generation_trace event="{RelatedRunID: ActorKind: RequestID:req_X9_Ip3QJ8Sp-gqLxGpQ7TQ RunID:01a0cc57-b971-75b2-a06a-9efec60bd2ed ModelID:01a0cc57-b96c-7588-94cf-a8e0b08567fb Sequence:65 ElapsedMS:12 Kind:fact Late:false Fact:{Stage:provider_stream State:cancelled BeginMS:9 EndMS:12 DurationMS:3 Check:receiver_exit Detail:{Reason: Field: Target:-1 Actual:-1 Limit:-1 Start:-1 End:-1 ExpectedType: ActualType:}} Provider:<nil> Outcome: Refunded:false}"
2026/09/23 11:38:16 WARN ai_generation_failure request_id=req_X9_Ip3QJ8Sp-gqLxGpQ7TQ run_id=01a0cc57-b971-75b2-a06a-9efec60bd2ed model_id=01a0cc57-b96c-7588-94cf-a8e0b08567fb prompt_version=m001-v5-r10 validator_version=m001-v5-wn31-r2 phase=provider_receive stage=provider_stream reason=context_cancelled field="" target_index=-1
2026/09/23 11:38:16 INFO generation_trace event="{RelatedRunID: ActorKind: RequestID:req_X9_Ip3QJ8Sp-gqLxGpQ7TQ RunID:01a0cc57-b971-75b2-a06a-9efec60bd2ed ModelID:01a0cc57-b96c-7588-94cf-a8e0b08567fb Sequence:66 ElapsedMS:13 Kind:fact Late:false Fact:{Stage:settlement State:ok BeginMS:10 EndMS:11 DurationMS:1 Check:confirm Detail:{Reason:transaction_unknown Field: Target:-1 Actual:-1 Limit:-1 Start:-1 End:-1 ExpectedType: ActualType:}} Provider:<nil> Outcome: Refunded:false}"
2026/09/23 11:38:16 INFO generation_trace event="{RelatedRunID: ActorKind: RequestID:req_X9_Ip3QJ8Sp-gqLxGpQ7TQ RunID:01a0cc57-b971-75b2-a06a-9efec60bd2ed ModelID:01a0cc57-b96c-7588-94cf-a8e0b08567fb Sequence:67 ElapsedMS:13 Kind:settlement Late:false Fact:{Stage: State: BeginMS:0 EndMS:0 DurationMS:0 Check: Detail:{Reason: Field: Target:0 Actual:0 Limit:0 Start:0 End:0 ExpectedType: ActualType:}} Provider:<nil> Outcome:cancelled Refunded:false}"
2026/09/23 11:38:16 INFO ai_generation_settlement run_id=01a0cc57-b971-75b2-a06a-9efec60bd2ed stage=settlement outcome=cancelled quota_refunded=false failure_code=provider_unavailable
2026/09/23 11:38:16 INFO generation_trace event="{RelatedRunID: ActorKind: RequestID:req_X9_Ip3QJ8Sp-gqLxGpQ7TQ RunID:01a0cc57-b971-75b2-a06a-9efec60bd2ed ModelID:01a0cc57-b96c-7588-94cf-a8e0b08567fb Sequence:68 ElapsedMS:14 Kind:fact Late:false Fact:{Stage:delivery State:running BeginMS:8 EndMS:-1 DurationMS:-1 Check:cancelled Detail:{Reason: Field: Target:-1 Actual:60 Limit:-1 Start:-1 End:-1 ExpectedType: ActualType:}} Provider:<nil> Outcome: Refunded:false}"
2026/09/23 11:38:16 INFO generation_trace event="{RelatedRunID: ActorKind: RequestID:req_X9_Ip3QJ8Sp-gqLxGpQ7TQ RunID:01a0cc57-b971-75b2-a06a-9efec60bd2ed ModelID:01a0cc57-b96c-7588-94cf-a8e0b08567fb Sequence:69 ElapsedMS:14 Kind:stage_end Late:false Fact:{Stage:delivery State:ok BeginMS:8 EndMS:14 DurationMS:6 Check: Detail:{Reason: Field: Target:-1 Actual:-1 Limit:-1 Start:-1 End:-1 ExpectedType: ActualType:}} Provider:<nil> Outcome: Refunded:false}"
2026/09/23 11:38:16 INFO ai_generation_request_finished request_id=req_X9_Ip3QJ8Sp-gqLxGpQ7TQ run_id=01a0cc57-b971-75b2-a06a-9efec60bd2ed model_id=01a0cc57-b96c-7588-94cf-a8e0b08567fb elapsed_ms=13
2026/09/23 11:38:16 INFO http_request request_id=req_X9_Ip3QJ8Sp-gqLxGpQ7TQ method=POST route=/api/v1/generations/stream status=200 duration_ms=14
2026/09/23 11:38:16 INFO generation_trace event="{RelatedRunID: ActorKind: RequestID:req_X9_Ip3QJ8Sp-gqLxGpQ7TQ RunID:01a0cc57-b971-75b2-a06a-9efec60bd2ed ModelID:01a0cc57-b96c-7588-94cf-a8e0b08567fb Sequence:70 ElapsedMS:14 Kind:check_end Late:false Fact:{Stage:request State:ok BeginMS:0 EndMS:14 DurationMS:14 Check:body Detail:{Reason: Field: Target:-1 Actual:-1 Limit:-1 Start:-1 End:-1 ExpectedType: ActualType:}} Provider:<nil> Outcome: Refunded:false}"
2026/09/23 11:38:16 INFO generation_trace event="{RelatedRunID: ActorKind: RequestID:req_X9_Ip3QJ8Sp-gqLxGpQ7TQ RunID:01a0cc57-b971-75b2-a06a-9efec60bd2ed ModelID:01a0cc57-b96c-7588-94cf-a8e0b08567fb Sequence:71 ElapsedMS:14 Kind:stage_end Late:false Fact:{Stage:request State:ok BeginMS:0 EndMS:14 DurationMS:14 Check:body Detail:{Reason: Field: Target:-1 Actual:-1 Limit:-1 Start:-1 End:-1 ExpectedType: ActualType:}} Provider:<nil> Outcome: Refunded:false}"
2026/09/23 11:38:16 INFO generation_summary summary="{RequestID:req_X9_Ip3QJ8Sp-gqLxGpQ7TQ RunID:01a0cc57-b971-75b2-a06a-9efec60bd2ed ModelID:01a0cc57-b96c-7588-94cf-a8e0b08567fb ElapsedMS:14 Stages:[{Stage:request State:ok BeginMS:0 EndMS:14 DurationMS:14 Check:body Detail:{Reason: Field: Target:-1 Actual:-1 Limit:-1 Start:-1 End:-1 ExpectedType: ActualType:}} {Stage:preflight State:ok BeginMS:1 EndMS:5 DurationMS:4 Check:transaction_commit Detail:{Reason: Field: Target:-1 Actual:-1 Limit:-1 Start:-1 End:-1 ExpectedType: ActualType:}} {Stage:provider_open State:ok BeginMS:5 EndMS:8 DurationMS:3 Check:response_headers Detail:{Reason: Field: Target:-1 Actual:-1 Limit:-1 Start:-1 End:-1 ExpectedType: ActualType:}} {Stage:provider_stream State:cancelled BeginMS:9 EndMS:12 DurationMS:3 Check: Detail:{Reason:context_cancelled Field: Target:-1 Actual:-1 Limit:-1 Start:-1 End:-1 ExpectedType: ActualType:}} {Stage:passage_decode State:not_run BeginMS:-1 EndMS:-1 DurationMS:-1 Check: Detail:{Reason: Field: Target:-1 Actual:-1 Limit:-1 Start:-1 End:-1 ExpectedType: ActualType:}} {Stage:candidate_decode State:not_run BeginMS:-1 EndMS:-1 DurationMS:-1 Check: Detail:{Reason: Field: Target:-1 Actual:-1 Limit:-1 Start:-1 End:-1 ExpectedType: ActualType:}} {Stage:content_validate State:not_run BeginMS:-1 EndMS:-1 DurationMS:-1 Check: Detail:{Reason: Field: Target:-1 Actual:-1 Limit:-1 Start:-1 End:-1 ExpectedType: ActualType:}} {Stage:draft_commit State:not_run BeginMS:-1 EndMS:-1 DurationMS:-1 Check: Detail:{Reason: Field: Target:-1 Actual:-1 Limit:-1 Start:-1 End:-1 ExpectedType: ActualType:}} {Stage:settlement State:ok BeginMS:10 EndMS:11 DurationMS:1 Check:cas Detail:{Reason: Field: Target:-1 Actual:-1 Limit:-1 Start:-1 End:-1 ExpectedType: ActualType:}} {Stage:delivery State:ok BeginMS:8 EndMS:14 DurationMS:6 Check: Detail:{Reason: Field: Target:-1 Actual:-1 Limit:-1 Start:-1 End:-1 ExpectedType: ActualType:}} {Stage:continuation State:not_run BeginMS:-1 EndMS:-1 DurationMS:-1 Check: Detail:{Reason: Field: Target:-1 Actual:-1 Limit:-1 Start:-1 End:-1 ExpectedType: ActualType:}}] FirstFailure:0xc000cc2630 Outcome:cancelled Refunded:false Pending:false}"
2026/09/23 11:38:16 INFO generation_trace event="{RelatedRunID: ActorKind: RequestID:req_X9_Ip3QJ8Sp-gqLxGpQ7TQ RunID:01a0cc57-b971-75b2-a06a-9efec60bd2ed ModelID:01a0cc57-b96c-7588-94cf-a8e0b08567fb Sequence:72 ElapsedMS:16 Kind:fact Late:true Fact:{Stage:settlement State:ok BeginMS:10 EndMS:11 DurationMS:1 Check:confirm Detail:{Reason:transaction_unknown Field: Target:-1 Actual:-1 Limit:-1 Start:-1 End:-1 ExpectedType: ActualType:}} Provider:<nil> Outcome: Refunded:false}"
2026/09/23 11:38:16 WARN ai_generation_cancel_unconfirmed run_id=01a0cc57-b971-75b2-a06a-9efec60bd2ed stage=cancel_settlement reason=write_not_confirmed
2026/09/23 11:38:16 INFO ai_generation_cancel_recovered run_id=01a0cc57-b971-75b2-a06a-9efec60bd2ed stage=cancel_settlement outcome=cancelled
2026/09/23 11:38:16 INFO generation_trace event="{RelatedRunID: ActorKind: RequestID:req_X9_Ip3QJ8Sp-gqLxGpQ7TQ RunID:01a0cc57-b971-75b2-a06a-9efec60bd2ed ModelID:01a0cc57-b96c-7588-94cf-a8e0b08567fb Sequence:73 ElapsedMS:16 Kind:settlement Late:true Fact:{Stage: State: BeginMS:0 EndMS:0 DurationMS:0 Check: Detail:{Reason: Field: Target:0 Actual:0 Limit:0 Start:0 End:0 ExpectedType: ActualType:}} Provider:<nil> Outcome:cancelled Refunded:false}"
2026/09/23 11:38:16 INFO http_request request_id=req_iwxj3aENIdzPuapOPKEaUg method=POST route=/api/v1/generations/{run_id}/cancel status=200 duration_ms=2
2026/09/23 11:38:16 INFO http_request request_id=req_Ly6XIAuz3yO9JAkJyW1yLg method=PUT route=/api/v1/me/ui-locale status=403 duration_ms=0
--- PASS: TestM001EndToEnd (4.36s)
PASS
ok  	wordweave/internal/httpapi	28.339s
