=== RUN   TestClaimedBatchDeletionHTTP
2026/09/21 14:17:51 INFO http_request request_id=req_unFtuT-7FBZ6xKWNjZ3AJA method=GET route=/api/v1/bootstrap status=200 duration_ms=1
2026/09/21 14:17:52 INFO http_request request_id=req_vonIG4bcp-yxXqDy9AXkhQ method=POST route=/api/v1/auth/login status=200 duration_ms=749
2026/09/21 14:17:52 INFO http_request request_id=req_GTq5Rlwh8e2y_59Hb5t-wQ method=POST route=/api/v1/visitor-claims/consume status=201 duration_ms=9
2026/09/21 14:17:52 INFO http_request request_id=req_8uJ1dt0GWppzqgK86j9_Ow method=POST route=/api/v1/visitor-claims/consume status=200 duration_ms=1
2026/09/21 14:17:52 INFO http_request request_id=req_u0jT1T3SrDZs_6Vi_H0rzw method=POST route=/api/v1/me/review-sessions status=201 duration_ms=2
=== RUN   TestClaimedBatchDeletionHTTP/missing_CSRF_cannot_delete
2026/09/21 14:17:52 INFO http_request request_id=req_H-AZ4nEhDrITSPSG17Q_Qw method=DELETE route=/api/v1/me/batches/{batch_id} status=403 duration_ms=0
=== RUN   TestClaimedBatchDeletionHTTP/other_account_cannot_delete
2026/09/21 14:17:52 INFO http_request request_id=req_C70o6TKLEXGs02aHrGzONg method=GET route=/api/v1/bootstrap status=200 duration_ms=0
2026/09/21 14:17:52 INFO http_request request_id=req_fw4NCKUIWshDv7vR0ZM6kQ method=POST route=/api/v1/auth/register status=201 duration_ms=748
2026/09/21 14:17:52 INFO http_request request_id=req_0xfJr4pAjTJCORub3qJeqg method=DELETE route=/api/v1/me/batches/{batch_id} status=404 duration_ms=1
=== RUN   TestClaimedBatchDeletionHTTP/visitor_cannot_delete
2026/09/21 14:17:52 INFO http_request request_id=req_3XWlFa6Pzqqn0A1OJdHwTQ method=GET route=/api/v1/bootstrap status=200 duration_ms=0
2026/09/21 14:17:52 INFO http_request request_id=req_Rux3edLsk29YFi-9FT08fQ method=DELETE route=/api/v1/me/batches/{batch_id} status=401 duration_ms=0
2026/09/21 14:17:52 INFO http_request request_id=req_T77OlRiD46gXSVmr2WSKWw method=GET route=/api/v1/me/batches/{batch_id} status=200 duration_ms=2
2026/09/21 14:17:52 INFO http_request request_id=req_N11UFu1uL-4hZGMsYVGVvw method=POST route=/api/v1/visitor-claims/consume status=200 duration_ms=1
2026/09/21 14:17:52 INFO http_request request_id=req_NVFH45bMp9Xh8iUSjdrlSw method=DELETE route=/api/v1/me/batches/{batch_id} status=204 duration_ms=2
2026/09/21 14:17:52 INFO http_request request_id=req_OaowuhX-Sgrnyrjr3vrKxg method=GET route=/api/v1/me/batches/{batch_id} status=404 duration_ms=0
2026/09/21 14:17:52 INFO http_request request_id=req_zwJ4cY7aUQ6kO9p5P7hKIQ method=POST route=/api/v1/visitor-claims/consume status=404 duration_ms=0
2026/09/21 14:17:52 INFO http_request request_id=req_MZswEWid_YXJyt9VFFtjkg method=POST route=/api/v1/visitor-claims/consume status=404 duration_ms=0
2026/09/21 14:17:52 INFO http_request request_id=req_R3TmKbJSZ-KsIWf5TnJMog method=DELETE route=/api/v1/me/batches/{batch_id} status=404 duration_ms=1
2026/09/21 14:17:52 INFO http_request request_id=req_LwXyR7Vk7Rh2-09NGbvfJg method=GET route=/api/v1/me/batches status=200 duration_ms=1
2026/09/21 14:17:52 INFO http_request request_id=req_tvWAyoHNoWLj3Z8lC0lybg method=GET route=/api/v1/me/review-sessions/{session_id} status=404 duration_ms=0
2026/09/21 14:17:52 INFO http_request request_id=req_GUoM4xq28sW3vhfLJ3KHPg method=POST route=/api/v1/me/review-sessions status=404 duration_ms=1
--- PASS: TestClaimedBatchDeletionHTTP (6.23s)
    --- PASS: TestClaimedBatchDeletionHTTP/missing_CSRF_cannot_delete (0.00s)
    --- PASS: TestClaimedBatchDeletionHTTP/other_account_cannot_delete (0.75s)
    --- PASS: TestClaimedBatchDeletionHTTP/visitor_cannot_delete (0.00s)
=== RUN   TestClaimedBatchDeletionRollback
--- PASS: TestClaimedBatchDeletionRollback (0.73s)
=== RUN   TestClaimedBatchDeletionConcurrency
=== RUN   TestClaimedBatchDeletionConcurrency/delete_wins_before_blocked_claim_replay
=== RUN   TestClaimedBatchDeletionConcurrency/concurrent_deletes_and_claim_replays
--- PASS: TestClaimedBatchDeletionConcurrency (0.85s)
    --- PASS: TestClaimedBatchDeletionConcurrency/delete_wins_before_blocked_claim_replay (0.04s)
    --- PASS: TestClaimedBatchDeletionConcurrency/concurrent_deletes_and_claim_replays (0.13s)
=== RUN   TestClaimedBatchDeletionRetention
--- PASS: TestClaimedBatchDeletionRetention (1.05s)
=== RUN   TestM002AnalyticsHTTPPrivacyRolesAndBrowserDedup
2026/09/21 14:17:56 INFO http_request request_id=req_ksk0WFOY6Xl6VudKNJsbww method=GET route=/api/v1/bootstrap status=200 duration_ms=3
2026/09/21 14:17:56 INFO http_request request_id=req_ptMQeKqQuGlXYWv8ysfIgA method=GET route=/api/v1/bootstrap status=200 duration_ms=0
2026/09/21 14:17:57 INFO http_request request_id=req_mtTVWUCm6x74BNa8sFUVIQ method=POST route=/api/v1/auth/login status=200 duration_ms=746
2026/09/21 14:17:57 INFO http_request request_id=req_XWYah-IDE6fhu6PG872X1w method=GET route=/api/v1/admin/analytics/traffic status=200 duration_ms=2
2026/09/21 14:17:57 INFO http_request request_id=req_shFVy0x2bbluUOBlBCNvmQ method=POST route=/api/v1/analytics/events status=204 duration_ms=3
2026/09/21 14:17:57 INFO http_request request_id=req_p-0sluqm7m7nEqX6xdvhCw method=POST route=/api/v1/analytics/events status=204 duration_ms=1
2026/09/21 14:17:57 INFO http_request request_id=req_C7NFZ2Es5QOxv8DWVxAK_A method=POST route=/api/v1/analytics/events status=403 duration_ms=0
2026/09/21 14:17:57 INFO http_request request_id=req_NDrqedwAtCijCpEY8mm-Aw method=POST route=/api/v1/analytics/events status=422 duration_ms=0
2026/09/21 14:17:57 INFO http_request request_id=req_TuRutQd7-Qfu37M-YHRwUw method=POST route=/api/v1/analytics/events status=422 duration_ms=0
2026/09/21 14:17:57 INFO http_request request_id=req_0-yygUupMkO8-ZJdymChlQ method=POST route=/api/v1/analytics/events status=422 duration_ms=0
2026/09/21 14:17:57 INFO http_request request_id=req_JJQtPhfxRC-g_-7WSbZQDg method=POST route=/api/v1/analytics/events status=422 duration_ms=0
2026/09/21 14:17:57 INFO http_request request_id=req_gQ5HX_3DD1n7-z9W4fxDQA method=GET route=/api/v1/admin/* status=401 duration_ms=0
2026/09/21 14:17:58 INFO http_request request_id=req_LL4Zd0AMTmSJOrVJpX5nhw method=POST route=/api/v1/auth/register status=201 duration_ms=756
2026/09/21 14:17:58 INFO http_request request_id=req_imceNhlTkSPv_0l3WUa30A method=GET route=/api/v1/admin/* status=403 duration_ms=0
2026/09/21 14:17:58 INFO http_request request_id=req_YEbiyNLDIvc1e1FnmMKOxA method=POST route=/api/v1/analytics/events status=204 duration_ms=2
2026/09/21 14:17:58 INFO http_request request_id=req_UQ3vooD3vxQHU_BnCVhZ_w method=GET route=/api/v1/bootstrap status=200 duration_ms=0
2026/09/21 14:17:58 INFO http_request request_id=req_OFPZ3cZZHIHrSJmCANppbg method=POST route=/api/v1/analytics/events status=204 duration_ms=0
2026/09/21 14:17:58 INFO http_request request_id=req_qmID2hy8CU6LHeggVTaDUQ method=GET route=/api/v1/admin/analytics/traffic status=200 duration_ms=2
2026/09/21 14:17:58 INFO http_request request_id=req_sO02WlUyitnxXmSFy3Hugg method=GET route=/api/v1/admin/analytics/funnel status=200 duration_ms=1
2026/09/21 14:17:58 INFO http_request request_id=req_BjJpfGUoORFXkl0YD2rBkA method=GET route=/api/v1/admin/analytics/retention status=200 duration_ms=1
2026/09/21 14:17:58 INFO http_request request_id=req_rulPSH11JC_N-BBtPezKCQ method=GET route=/api/v1/admin/overview status=200 duration_ms=3
2026/09/21 14:17:58 INFO http_request request_id=req_DBqDgVei0FxJvNPhPJgoqQ method=GET route=/api/v1/admin/analytics/traffic status=422 duration_ms=0
--- PASS: TestM002AnalyticsHTTPPrivacyRolesAndBrowserDedup (2.96s)
=== RUN   TestM002ProfileWelcomeAndPrivateTitleHTTP
2026/09/21 14:17:59 INFO http_request request_id=req_9gB-MHtxxD4Ab05XyYgi1A method=GET route=/api/v1/bootstrap status=200 duration_ms=1
2026/09/21 14:18:00 INFO http_request request_id=req_hHqNK4jCd0z2aGG_WniB4w method=POST route=/api/v1/auth/login status=200 duration_ms=752
2026/09/21 14:18:00 INFO http_request request_id=req_18iE6k_08XWD-MInyLeCyw method=PATCH route=/api/v1/me/account status=200 duration_ms=3
2026/09/21 14:18:00 INFO http_request request_id=req_-gvxJh2q03G1NkVbgQLy2w method=GET route=/api/v1/me/batches/{batch_id} status=200 duration_ms=2
2026/09/21 14:18:00 INFO http_request request_id=req_JueO1JIFnOwkDdmYlgqXRA method=PATCH route=/api/v1/me/batches/{batch_id} status=200 duration_ms=2
2026/09/21 14:18:00 INFO http_request request_id=req_c327_N-Kkc_oqphpDFJNcw method=PATCH route=/api/v1/me/batches/{batch_id} status=409 duration_ms=1
2026/09/21 14:18:00 INFO http_request request_id=req_3y-qdYagxALUD9-FAci49w method=GET route=/api/v1/bootstrap status=200 duration_ms=0
2026/09/21 14:18:01 INFO http_request request_id=req_7SjjHjT481PX1vdOqTx_Eg method=POST route=/api/v1/auth/login status=200 duration_ms=742
2026/09/21 14:18:01 INFO http_request request_id=req_3tJnKySnhizgQkr76bTdTA method=GET route=/api/v1/bootstrap status=200 duration_ms=0
2026/09/21 14:18:01 INFO http_request request_id=req_zMp7ouCBvn4pa2tpdWMARA method=PATCH route=/api/v1/me/batches/{batch_id} status=404 duration_ms=1
2026/09/21 14:18:01 INFO http_request request_id=req_DDG85kqKrY-xjg9GuAXPOQ method=GET route=/api/v1/bootstrap status=200 duration_ms=0
2026/09/21 14:18:02 INFO http_request request_id=req_K1DLnXJ2d7ftEPP7aUzGBA method=POST route=/api/v1/auth/login status=200 duration_ms=746
2026/09/21 14:18:02 INFO http_request request_id=req_OD2Wdqu5ILukvwRPGQJmcA method=GET route=/api/v1/bootstrap status=200 duration_ms=0
2026/09/21 14:18:02 INFO http_request request_id=req_1ykXfPWk5f-SR1CiU094Ow method=PATCH route=/api/v1/me/batches/{batch_id} status=403 duration_ms=0
--- PASS: TestM002ProfileWelcomeAndPrivateTitleHTTP (3.68s)
=== RUN   TestNoContentConsumersEnforcePrivateNoStoreResponse
2026/09/21 14:18:03 INFO http_request request_id=req_Os4xQmADJejumapklYOc_A method=GET route=/api/v1/bootstrap status=200 duration_ms=0
2026/09/21 14:18:04 INFO http_request request_id=req_y6RHS9Hhj7awbztxTD_K3w method=POST route=/api/v1/auth/login status=200 duration_ms=748
2026/09/21 14:18:04 INFO http_request request_id=req_eNOIAP8oaTPko7igYssObg method=GET route=/api/v1/admin/groups status=200 duration_ms=3
2026/09/21 14:18:04 INFO http_request request_id=req__7DStWyTM8NlgSfFRA4ZAg method=PUT route=/api/v1/admin/openrouter-credential status=200 duration_ms=5
2026/09/21 14:18:04 INFO http_request request_id=req_NXI41oepSwqeZeKku5ioBQ method=POST route=/api/v1/admin/models status=201 duration_ms=2
2026/09/21 14:18:04 INFO http_request request_id=req_IM9piQ3ZfSTRzX6fTeuL6g method=GET route=/api/v1/admin/groups status=200 duration_ms=2
2026/09/21 14:18:04 INFO http_request request_id=req_lW_oyhNm1HZmWlXwwmW-iw method=POST route=/api/v1/admin/models/{model_id}/enable status=200 duration_ms=5
2026/09/21 14:18:04 INFO http_request request_id=req_wSJHOK43DUpkX_uu_Eaxiw method=GET route=/api/v1/admin/groups status=200 duration_ms=1
2026/09/21 14:18:04 INFO http_request request_id=req_KSaaLK-C08qSAuTxh_UePA method=PUT route=/api/v1/admin/groups/{group_code} status=200 duration_ms=2
2026/09/21 14:18:04 INFO http_request request_id=req_Al_PWT3vQl6QDDTdEaE2yQ method=GET route=/api/v1/bootstrap status=200 duration_ms=0
2026/09/21 14:18:05 INFO http_request request_id=req_dj_-OcYutoVqXaIlwJOkEQ method=POST route=/api/v1/auth/register status=201 duration_ms=739
=== RUN   TestNoContentConsumersEnforcePrivateNoStoreResponse/logout
2026/09/21 14:18:05 INFO http_request request_id=req_I_bo-Pe5TTzaV1JllNKY8w method=POST route=/api/v1/auth/logout status=204 duration_ms=0
2026/09/21 14:18:05 INFO http_request request_id=req_uBT9ysS5finup6KxHkrW-w method=GET route=/api/v1/bootstrap status=200 duration_ms=0
2026/09/21 14:18:05 INFO http_request request_id=req_UO5jfrKJqM-hm8hs8v5d-A method=POST route=/api/v1/auth/login status=200 duration_ms=742
=== RUN   TestNoContentConsumersEnforcePrivateNoStoreResponse/learner_password_change
2026/09/21 14:18:07 INFO http_request request_id=req_1LVSxi3suEsuPK2qkVPS2Q method=PUT route=/api/v1/me/password status=204 duration_ms=1486
=== RUN   TestNoContentConsumersEnforcePrivateNoStoreResponse/generation_discard
2026/09/21 14:18:07 INFO generation_trace event="{RelatedRunID: ActorKind: RequestID:req_vxXT2sZPvbRACG1m6Re4ow RunID: ModelID: Sequence:1 ElapsedMS:0 Kind:stage_begin Late:false Fact:{Stage:request State:running BeginMS:0 EndMS:-1 DurationMS:-1 Check: Detail:{Reason: Field: Target:-1 Actual:-1 Limit:-1 Start:-1 End:-1 ExpectedType: ActualType:}} Provider:<nil> Outcome: Refunded:false}"
2026/09/21 14:18:07 INFO generation_trace event="{RelatedRunID: ActorKind: RequestID:req_vxXT2sZPvbRACG1m6Re4ow RunID: ModelID: Sequence:2 ElapsedMS:0 Kind:check_begin Late:false Fact:{Stage:request State:running BeginMS:0 EndMS:-1 DurationMS:-1 Check:identity Detail:{Reason: Field: Target:-1 Actual:-1 Limit:-1 Start:-1 End:-1 ExpectedType: ActualType:}} Provider:<nil> Outcome: Refunded:false}"
2026/09/21 14:18:07 INFO generation_trace event="{RelatedRunID: ActorKind:account RequestID:req_vxXT2sZPvbRACG1m6Re4ow RunID: ModelID: Sequence:3 ElapsedMS:0 Kind:actor_resolved Late:false Fact:{Stage: State: BeginMS:0 EndMS:0 DurationMS:0 Check: Detail:{Reason: Field: Target:0 Actual:0 Limit:0 Start:0 End:0 ExpectedType: ActualType:}} Provider:<nil> Outcome: Refunded:false}"
2026/09/21 14:18:07 INFO generation_trace event="{RelatedRunID: ActorKind: RequestID:req_vxXT2sZPvbRACG1m6Re4ow RunID: ModelID: Sequence:4 ElapsedMS:0 Kind:check_end Late:false Fact:{Stage:request State:ok BeginMS:0 EndMS:-1 DurationMS:-1 Check:identity Detail:{Reason: Field: Target:-1 Actual:-1 Limit:-1 Start:-1 End:-1 ExpectedType: ActualType:}} Provider:<nil> Outcome: Refunded:false}"
2026/09/21 14:18:07 INFO generation_trace event="{RelatedRunID: ActorKind: RequestID:req_vxXT2sZPvbRACG1m6Re4ow RunID: ModelID: Sequence:5 ElapsedMS:0 Kind:check_begin Late:false Fact:{Stage:request State:running BeginMS:0 EndMS:-1 DurationMS:-1 Check:origin Detail:{Reason: Field: Target:-1 Actual:-1 Limit:-1 Start:-1 End:-1 ExpectedType: ActualType:}} Provider:<nil> Outcome: Refunded:false}"
2026/09/21 14:18:07 INFO generation_trace event="{RelatedRunID: ActorKind: RequestID:req_vxXT2sZPvbRACG1m6Re4ow RunID: ModelID: Sequence:6 ElapsedMS:0 Kind:check_end Late:false Fact:{Stage:request State:ok BeginMS:0 EndMS:-1 DurationMS:-1 Check:origin Detail:{Reason: Field: Target:-1 Actual:-1 Limit:-1 Start:-1 End:-1 ExpectedType: ActualType:}} Provider:<nil> Outcome: Refunded:false}"
2026/09/21 14:18:07 INFO generation_trace event="{RelatedRunID: ActorKind: RequestID:req_vxXT2sZPvbRACG1m6Re4ow RunID: ModelID: Sequence:7 ElapsedMS:0 Kind:check_begin Late:false Fact:{Stage:request State:running BeginMS:0 EndMS:-1 DurationMS:-1 Check:content_type Detail:{Reason: Field: Target:-1 Actual:-1 Limit:-1 Start:-1 End:-1 ExpectedType: ActualType:}} Provider:<nil> Outcome: Refunded:false}"
2026/09/21 14:18:07 INFO generation_trace event="{RelatedRunID: ActorKind: RequestID:req_vxXT2sZPvbRACG1m6Re4ow RunID: ModelID: Sequence:8 ElapsedMS:0 Kind:check_end Late:false Fact:{Stage:request State:ok BeginMS:0 EndMS:-1 DurationMS:-1 Check:content_type Detail:{Reason: Field: Target:-1 Actual:-1 Limit:-1 Start:-1 End:-1 ExpectedType: ActualType:}} Provider:<nil> Outcome: Refunded:false}"
2026/09/21 14:18:07 INFO generation_trace event="{RelatedRunID: ActorKind: RequestID:req_vxXT2sZPvbRACG1m6Re4ow RunID: ModelID: Sequence:9 ElapsedMS:0 Kind:check_begin Late:false Fact:{Stage:request State:running BeginMS:0 EndMS:-1 DurationMS:-1 Check:csrf Detail:{Reason: Field: Target:-1 Actual:-1 Limit:-1 Start:-1 End:-1 ExpectedType: ActualType:}} Provider:<nil> Outcome: Refunded:false}"
2026/09/21 14:18:07 INFO generation_trace event="{RelatedRunID: ActorKind: RequestID:req_vxXT2sZPvbRACG1m6Re4ow RunID: ModelID: Sequence:10 ElapsedMS:0 Kind:check_end Late:false Fact:{Stage:request State:ok BeginMS:0 EndMS:-1 DurationMS:-1 Check:csrf Detail:{Reason: Field: Target:-1 Actual:-1 Limit:-1 Start:-1 End:-1 ExpectedType: ActualType:}} Provider:<nil> Outcome: Refunded:false}"
2026/09/21 14:18:07 INFO generation_trace event="{RelatedRunID: ActorKind: RequestID:req_vxXT2sZPvbRACG1m6Re4ow RunID: ModelID: Sequence:11 ElapsedMS:1 Kind:check_begin Late:false Fact:{Stage:request State:running BeginMS:0 EndMS:-1 DurationMS:-1 Check:body Detail:{Reason: Field: Target:-1 Actual:-1 Limit:-1 Start:-1 End:-1 ExpectedType: ActualType:}} Provider:<nil> Outcome: Refunded:false}"
2026/09/21 14:18:07 INFO generation_trace event="{RelatedRunID: ActorKind: RequestID:req_vxXT2sZPvbRACG1m6Re4ow RunID: ModelID: Sequence:12 ElapsedMS:1 Kind:stage_begin Late:false Fact:{Stage:preflight State:running BeginMS:1 EndMS:-1 DurationMS:-1 Check: Detail:{Reason: Field: Target:-1 Actual:-1 Limit:-1 Start:-1 End:-1 ExpectedType: ActualType:}} Provider:<nil> Outcome: Refunded:false}"
2026/09/21 14:18:07 INFO generation_trace event="{RelatedRunID: ActorKind: RequestID:req_vxXT2sZPvbRACG1m6Re4ow RunID: ModelID: Sequence:13 ElapsedMS:1 Kind:check_begin Late:false Fact:{Stage:preflight State:running BeginMS:1 EndMS:-1 DurationMS:-1 Check:input Detail:{Reason: Field: Target:-1 Actual:-1 Limit:-1 Start:-1 End:-1 ExpectedType: ActualType:}} Provider:<nil> Outcome: Refunded:false}"
2026/09/21 14:18:07 INFO generation_trace event="{RelatedRunID: ActorKind: RequestID:req_vxXT2sZPvbRACG1m6Re4ow RunID: ModelID: Sequence:14 ElapsedMS:1 Kind:check_end Late:false Fact:{Stage:preflight State:ok BeginMS:1 EndMS:-1 DurationMS:-1 Check:input Detail:{Reason: Field: Target:-1 Actual:-1 Limit:-1 Start:-1 End:-1 ExpectedType: ActualType:}} Provider:<nil> Outcome: Refunded:false}"
2026/09/21 14:18:07 INFO generation_trace event="{RelatedRunID: ActorKind: RequestID:req_vxXT2sZPvbRACG1m6Re4ow RunID: ModelID: Sequence:15 ElapsedMS:1 Kind:check_begin Late:false Fact:{Stage:preflight State:running BeginMS:1 EndMS:-1 DurationMS:-1 Check:transaction_begin Detail:{Reason: Field: Target:-1 Actual:-1 Limit:-1 Start:-1 End:-1 ExpectedType: ActualType:}} Provider:<nil> Outcome: Refunded:false}"
2026/09/21 14:18:07 INFO generation_trace event="{RelatedRunID: ActorKind: RequestID:req_vxXT2sZPvbRACG1m6Re4ow RunID: ModelID: Sequence:16 ElapsedMS:1 Kind:check_end Late:false Fact:{Stage:preflight State:ok BeginMS:1 EndMS:-1 DurationMS:-1 Check:transaction_begin Detail:{Reason: Field: Target:-1 Actual:-1 Limit:-1 Start:-1 End:-1 ExpectedType: ActualType:}} Provider:<nil> Outcome: Refunded:false}"
2026/09/21 14:18:07 INFO generation_trace event="{RelatedRunID: ActorKind: RequestID:req_vxXT2sZPvbRACG1m6Re4ow RunID: ModelID: Sequence:17 ElapsedMS:1 Kind:check_begin Late:false Fact:{Stage:preflight State:running BeginMS:1 EndMS:-1 DurationMS:-1 Check:credentials Detail:{Reason: Field: Target:-1 Actual:-1 Limit:-1 Start:-1 End:-1 ExpectedType: ActualType:}} Provider:<nil> Outcome: Refunded:false}"
2026/09/21 14:18:07 INFO generation_trace event="{RelatedRunID: ActorKind: RequestID:req_vxXT2sZPvbRACG1m6Re4ow RunID: ModelID: Sequence:18 ElapsedMS:4 Kind:check_end Late:false Fact:{Stage:preflight State:ok BeginMS:1 EndMS:-1 DurationMS:-1 Check:credentials Detail:{Reason: Field: Target:-1 Actual:-1 Limit:-1 Start:-1 End:-1 ExpectedType: ActualType:}} Provider:<nil> Outcome: Refunded:false}"
2026/09/21 14:18:07 INFO generation_trace event="{RelatedRunID: ActorKind: RequestID:req_vxXT2sZPvbRACG1m6Re4ow RunID: ModelID: Sequence:19 ElapsedMS:4 Kind:check_begin Late:false Fact:{Stage:preflight State:running BeginMS:1 EndMS:-1 DurationMS:-1 Check:actor_lock Detail:{Reason: Field: Target:-1 Actual:-1 Limit:-1 Start:-1 End:-1 ExpectedType: ActualType:}} Provider:<nil> Outcome: Refunded:false}"
2026/09/21 14:18:07 INFO generation_trace event="{RelatedRunID: ActorKind: RequestID:req_vxXT2sZPvbRACG1m6Re4ow RunID: ModelID: Sequence:20 ElapsedMS:4 Kind:check_end Late:false Fact:{Stage:preflight State:ok BeginMS:1 EndMS:-1 DurationMS:-1 Check:actor_lock Detail:{Reason: Field: Target:-1 Actual:-1 Limit:-1 Start:-1 End:-1 ExpectedType: ActualType:}} Provider:<nil> Outcome: Refunded:false}"
2026/09/21 14:18:07 INFO generation_trace event="{RelatedRunID: ActorKind: RequestID:req_vxXT2sZPvbRACG1m6Re4ow RunID: ModelID: Sequence:21 ElapsedMS:4 Kind:check_begin Late:false Fact:{Stage:preflight State:running BeginMS:1 EndMS:-1 DurationMS:-1 Check:group_policy Detail:{Reason: Field: Target:-1 Actual:-1 Limit:-1 Start:-1 End:-1 ExpectedType: ActualType:}} Provider:<nil> Outcome: Refunded:false}"
2026/09/21 14:18:07 INFO generation_trace event="{RelatedRunID: ActorKind: RequestID:req_vxXT2sZPvbRACG1m6Re4ow RunID: ModelID: Sequence:22 ElapsedMS:5 Kind:check_end Late:false Fact:{Stage:preflight State:ok BeginMS:1 EndMS:-1 DurationMS:-1 Check:group_policy Detail:{Reason: Field: Target:-1 Actual:-1 Limit:-1 Start:-1 End:-1 ExpectedType: ActualType:}} Provider:<nil> Outcome: Refunded:false}"
2026/09/21 14:18:07 INFO generation_trace event="{RelatedRunID: ActorKind: RequestID:req_vxXT2sZPvbRACG1m6Re4ow RunID: ModelID: Sequence:23 ElapsedMS:6 Kind:check_begin Late:false Fact:{Stage:preflight State:running BeginMS:1 EndMS:-1 DurationMS:-1 Check:model_assignment Detail:{Reason: Field: Target:-1 Actual:-1 Limit:-1 Start:-1 End:-1 ExpectedType: ActualType:}} Provider:<nil> Outcome: Refunded:false}"
2026/09/21 14:18:07 INFO generation_trace event="{RelatedRunID: ActorKind: RequestID:req_vxXT2sZPvbRACG1m6Re4ow RunID: ModelID: Sequence:24 ElapsedMS:6 Kind:check_end Late:false Fact:{Stage:preflight State:ok BeginMS:1 EndMS:-1 DurationMS:-1 Check:model_assignment Detail:{Reason: Field: Target:-1 Actual:-1 Limit:-1 Start:-1 End:-1 ExpectedType: ActualType:}} Provider:<nil> Outcome: Refunded:false}"
2026/09/21 14:18:07 INFO generation_trace event="{RelatedRunID: ActorKind: RequestID:req_vxXT2sZPvbRACG1m6Re4ow RunID: ModelID: Sequence:25 ElapsedMS:6 Kind:check_begin Late:false Fact:{Stage:preflight State:running BeginMS:1 EndMS:-1 DurationMS:-1 Check:length_assignment Detail:{Reason: Field: Target:-1 Actual:-1 Limit:-1 Start:-1 End:-1 ExpectedType: ActualType:}} Provider:<nil> Outcome: Refunded:false}"
2026/09/21 14:18:07 INFO generation_trace event="{RelatedRunID: ActorKind: RequestID:req_vxXT2sZPvbRACG1m6Re4ow RunID: ModelID: Sequence:26 ElapsedMS:7 Kind:check_end Late:false Fact:{Stage:preflight State:ok BeginMS:1 EndMS:-1 DurationMS:-1 Check:length_assignment Detail:{Reason: Field: Target:-1 Actual:-1 Limit:-1 Start:-1 End:-1 ExpectedType: ActualType:}} Provider:<nil> Outcome: Refunded:false}"
2026/09/21 14:18:07 INFO generation_trace event="{RelatedRunID: ActorKind: RequestID:req_vxXT2sZPvbRACG1m6Re4ow RunID: ModelID: Sequence:27 ElapsedMS:7 Kind:check_begin Late:false Fact:{Stage:preflight State:running BeginMS:1 EndMS:-1 DurationMS:-1 Check:vocabulary Detail:{Reason: Field: Target:-1 Actual:-1 Limit:-1 Start:-1 End:-1 ExpectedType: ActualType:}} Provider:<nil> Outcome: Refunded:false}"
2026/09/21 14:18:07 INFO generation_trace event="{RelatedRunID: ActorKind: RequestID:req_vxXT2sZPvbRACG1m6Re4ow RunID: ModelID: Sequence:28 ElapsedMS:7 Kind:check_end Late:false Fact:{Stage:preflight State:ok BeginMS:1 EndMS:-1 DurationMS:-1 Check:vocabulary Detail:{Reason: Field: Target:-1 Actual:-1 Limit:-1 Start:-1 End:-1 ExpectedType: ActualType:}} Provider:<nil> Outcome: Refunded:false}"
2026/09/21 14:18:07 INFO generation_trace event="{RelatedRunID: ActorKind: RequestID:req_vxXT2sZPvbRACG1m6Re4ow RunID: ModelID: Sequence:29 ElapsedMS:7 Kind:check_begin Late:false Fact:{Stage:preflight State:running BeginMS:1 EndMS:-1 DurationMS:-1 Check:quota Detail:{Reason: Field: Target:-1 Actual:-1 Limit:-1 Start:-1 End:-1 ExpectedType: ActualType:}} Provider:<nil> Outcome: Refunded:false}"
2026/09/21 14:18:07 INFO generation_trace event="{RelatedRunID: ActorKind: RequestID:req_vxXT2sZPvbRACG1m6Re4ow RunID: ModelID: Sequence:30 ElapsedMS:7 Kind:check_end Late:false Fact:{Stage:preflight State:ok BeginMS:1 EndMS:-1 DurationMS:-1 Check:quota Detail:{Reason: Field: Target:-1 Actual:-1 Limit:-1 Start:-1 End:-1 ExpectedType: ActualType:}} Provider:<nil> Outcome: Refunded:false}"
2026/09/21 14:18:07 INFO generation_trace event="{RelatedRunID: ActorKind: RequestID:req_vxXT2sZPvbRACG1m6Re4ow RunID: ModelID: Sequence:31 ElapsedMS:7 Kind:check_begin Late:false Fact:{Stage:preflight State:running BeginMS:1 EndMS:-1 DurationMS:-1 Check:reserve Detail:{Reason: Field: Target:-1 Actual:-1 Limit:-1 Start:-1 End:-1 ExpectedType: ActualType:}} Provider:<nil> Outcome: Refunded:false}"
2026/09/21 14:18:07 INFO generation_trace event="{RelatedRunID: ActorKind: RequestID:req_vxXT2sZPvbRACG1m6Re4ow RunID: ModelID: Sequence:32 ElapsedMS:9 Kind:check_end Late:false Fact:{Stage:preflight State:ok BeginMS:1 EndMS:-1 DurationMS:-1 Check:reserve Detail:{Reason: Field: Target:-1 Actual:-1 Limit:-1 Start:-1 End:-1 ExpectedType: ActualType:}} Provider:<nil> Outcome: Refunded:false}"
2026/09/21 14:18:07 INFO generation_trace event="{RelatedRunID: ActorKind: RequestID:req_vxXT2sZPvbRACG1m6Re4ow RunID: ModelID: Sequence:33 ElapsedMS:10 Kind:check_begin Late:false Fact:{Stage:preflight State:running BeginMS:1 EndMS:-1 DurationMS:-1 Check:entries Detail:{Reason: Field: Target:-1 Actual:-1 Limit:-1 Start:-1 End:-1 ExpectedType: ActualType:}} Provider:<nil> Outcome: Refunded:false}"
2026/09/21 14:18:07 INFO generation_trace event="{RelatedRunID: ActorKind: RequestID:req_vxXT2sZPvbRACG1m6Re4ow RunID: ModelID: Sequence:34 ElapsedMS:10 Kind:check_end Late:false Fact:{Stage:preflight State:ok BeginMS:1 EndMS:-1 DurationMS:-1 Check:entries Detail:{Reason: Field: Target:-1 Actual:-1 Limit:-1 Start:-1 End:-1 ExpectedType: ActualType:}} Provider:<nil> Outcome: Refunded:false}"
2026/09/21 14:18:07 INFO generation_trace event="{RelatedRunID: ActorKind: RequestID:req_vxXT2sZPvbRACG1m6Re4ow RunID: ModelID: Sequence:35 ElapsedMS:10 Kind:check_begin Late:false Fact:{Stage:preflight State:running BeginMS:1 EndMS:-1 DurationMS:-1 Check:token Detail:{Reason: Field: Target:-1 Actual:-1 Limit:-1 Start:-1 End:-1 ExpectedType: ActualType:}} Provider:<nil> Outcome: Refunded:false}"
2026/09/21 14:18:07 INFO generation_trace event="{RelatedRunID: ActorKind: RequestID:req_vxXT2sZPvbRACG1m6Re4ow RunID: ModelID: Sequence:36 ElapsedMS:10 Kind:check_end Late:false Fact:{Stage:preflight State:ok BeginMS:1 EndMS:-1 DurationMS:-1 Check:token Detail:{Reason: Field: Target:-1 Actual:-1 Limit:-1 Start:-1 End:-1 ExpectedType: ActualType:}} Provider:<nil> Outcome: Refunded:false}"
2026/09/21 14:18:07 INFO generation_trace event="{RelatedRunID: ActorKind: RequestID:req_vxXT2sZPvbRACG1m6Re4ow RunID: ModelID: Sequence:37 ElapsedMS:10 Kind:check_begin Late:false Fact:{Stage:preflight State:running BeginMS:1 EndMS:-1 DurationMS:-1 Check:transaction_commit Detail:{Reason: Field: Target:-1 Actual:-1 Limit:-1 Start:-1 End:-1 ExpectedType: ActualType:}} Provider:<nil> Outcome: Refunded:false}"
2026/09/21 14:18:07 INFO generation_trace event="{RelatedRunID: ActorKind: RequestID:req_vxXT2sZPvbRACG1m6Re4ow RunID:01a0c29d-5a66-7003-95e8-d4202a89b78e ModelID:01a0c29d-4eb1-7783-97c7-074020149ec1 Sequence:38 ElapsedMS:11 Kind:run_bound Late:false Fact:{Stage: State: BeginMS:0 EndMS:0 DurationMS:0 Check: Detail:{Reason: Field: Target:0 Actual:0 Limit:0 Start:0 End:0 ExpectedType: ActualType:}} Provider:<nil> Outcome: Refunded:false}"
2026/09/21 14:18:07 INFO generation_trace event="{RelatedRunID: ActorKind: RequestID:req_vxXT2sZPvbRACG1m6Re4ow RunID:01a0c29d-5a66-7003-95e8-d4202a89b78e ModelID:01a0c29d-4eb1-7783-97c7-074020149ec1 Sequence:39 ElapsedMS:11 Kind:check_end Late:false Fact:{Stage:preflight State:ok BeginMS:1 EndMS:11 DurationMS:10 Check:transaction_commit Detail:{Reason: Field: Target:-1 Actual:-1 Limit:-1 Start:-1 End:-1 ExpectedType: ActualType:}} Provider:<nil> Outcome: Refunded:false}"
2026/09/21 14:18:07 INFO generation_trace event="{RelatedRunID: ActorKind: RequestID:req_vxXT2sZPvbRACG1m6Re4ow RunID:01a0c29d-5a66-7003-95e8-d4202a89b78e ModelID:01a0c29d-4eb1-7783-97c7-074020149ec1 Sequence:40 ElapsedMS:11 Kind:stage_end Late:false Fact:{Stage:preflight State:ok BeginMS:1 EndMS:11 DurationMS:10 Check:transaction_commit Detail:{Reason: Field: Target:-1 Actual:-1 Limit:-1 Start:-1 End:-1 ExpectedType: ActualType:}} Provider:<nil> Outcome: Refunded:false}"
2026/09/21 14:18:07 INFO generation_trace event="{RelatedRunID: ActorKind: RequestID:req_vxXT2sZPvbRACG1m6Re4ow RunID:01a0c29d-5a66-7003-95e8-d4202a89b78e ModelID:01a0c29d-4eb1-7783-97c7-074020149ec1 Sequence:41 ElapsedMS:11 Kind:stage_begin Late:false Fact:{Stage:provider_open State:running BeginMS:11 EndMS:-1 DurationMS:-1 Check: Detail:{Reason: Field: Target:-1 Actual:-1 Limit:-1 Start:-1 End:-1 ExpectedType: ActualType:}} Provider:<nil> Outcome: Refunded:false}"
2026/09/21 14:18:07 INFO generation_trace event="{RelatedRunID: ActorKind: RequestID:req_vxXT2sZPvbRACG1m6Re4ow RunID:01a0c29d-5a66-7003-95e8-d4202a89b78e ModelID:01a0c29d-4eb1-7783-97c7-074020149ec1 Sequence:42 ElapsedMS:11 Kind:check_begin Late:false Fact:{Stage:provider_open State:running BeginMS:11 EndMS:-1 DurationMS:-1 Check:credentials Detail:{Reason: Field: Target:-1 Actual:-1 Limit:-1 Start:-1 End:-1 ExpectedType: ActualType:}} Provider:<nil> Outcome: Refunded:false}"
2026/09/21 14:18:07 INFO generation_trace event="{RelatedRunID: ActorKind: RequestID:req_vxXT2sZPvbRACG1m6Re4ow RunID:01a0c29d-5a66-7003-95e8-d4202a89b78e ModelID:01a0c29d-4eb1-7783-97c7-074020149ec1 Sequence:43 ElapsedMS:11 Kind:check_end Late:false Fact:{Stage:provider_open State:ok BeginMS:11 EndMS:-1 DurationMS:-1 Check:credentials Detail:{Reason: Field: Target:-1 Actual:-1 Limit:-1 Start:-1 End:-1 ExpectedType: ActualType:}} Provider:<nil> Outcome: Refunded:false}"
2026/09/21 14:18:07 INFO generation_trace event="{RelatedRunID: ActorKind: RequestID:req_vxXT2sZPvbRACG1m6Re4ow RunID:01a0c29d-5a66-7003-95e8-d4202a89b78e ModelID:01a0c29d-4eb1-7783-97c7-074020149ec1 Sequence:44 ElapsedMS:11 Kind:check_begin Late:false Fact:{Stage:provider_open State:running BeginMS:11 EndMS:-1 DurationMS:-1 Check:request_encode Detail:{Reason: Field: Target:-1 Actual:-1 Limit:-1 Start:-1 End:-1 ExpectedType: ActualType:}} Provider:<nil> Outcome: Refunded:false}"
2026/09/21 14:18:07 INFO generation_trace event="{RelatedRunID: ActorKind: RequestID:req_vxXT2sZPvbRACG1m6Re4ow RunID:01a0c29d-5a66-7003-95e8-d4202a89b78e ModelID:01a0c29d-4eb1-7783-97c7-074020149ec1 Sequence:45 ElapsedMS:12 Kind:check_end Late:false Fact:{Stage:provider_open State:ok BeginMS:11 EndMS:-1 DurationMS:-1 Check:request_encode Detail:{Reason: Field: Target:-1 Actual:-1 Limit:-1 Start:-1 End:-1 ExpectedType: ActualType:}} Provider:<nil> Outcome: Refunded:false}"
2026/09/21 14:18:07 INFO generation_trace event="{RelatedRunID: ActorKind: RequestID:req_vxXT2sZPvbRACG1m6Re4ow RunID:01a0c29d-5a66-7003-95e8-d4202a89b78e ModelID:01a0c29d-4eb1-7783-97c7-074020149ec1 Sequence:46 ElapsedMS:12 Kind:check_begin Late:false Fact:{Stage:provider_open State:running BeginMS:11 EndMS:-1 DurationMS:-1 Check:request_create Detail:{Reason: Field: Target:-1 Actual:-1 Limit:-1 Start:-1 End:-1 ExpectedType: ActualType:}} Provider:<nil> Outcome: Refunded:false}"
2026/09/21 14:18:07 INFO generation_trace event="{RelatedRunID: ActorKind: RequestID:req_vxXT2sZPvbRACG1m6Re4ow RunID:01a0c29d-5a66-7003-95e8-d4202a89b78e ModelID:01a0c29d-4eb1-7783-97c7-074020149ec1 Sequence:47 ElapsedMS:12 Kind:check_end Late:false Fact:{Stage:provider_open State:ok BeginMS:11 EndMS:-1 DurationMS:-1 Check:request_create Detail:{Reason: Field: Target:-1 Actual:-1 Limit:-1 Start:-1 End:-1 ExpectedType: ActualType:}} Provider:<nil> Outcome: Refunded:false}"
2026/09/21 14:18:07 INFO generation_trace event="{RelatedRunID: ActorKind: RequestID:req_vxXT2sZPvbRACG1m6Re4ow RunID:01a0c29d-5a66-7003-95e8-d4202a89b78e ModelID:01a0c29d-4eb1-7783-97c7-074020149ec1 Sequence:48 ElapsedMS:12 Kind:check_begin Late:false Fact:{Stage:provider_open State:running BeginMS:11 EndMS:-1 DurationMS:-1 Check:request_send Detail:{Reason: Field: Target:-1 Actual:-1 Limit:-1 Start:-1 End:-1 ExpectedType: ActualType:}} Provider:<nil> Outcome: Refunded:false}"
2026/09/21 14:18:07 INFO generation_trace event="{RelatedRunID: ActorKind: RequestID:req_vxXT2sZPvbRACG1m6Re4ow RunID:01a0c29d-5a66-7003-95e8-d4202a89b78e ModelID:01a0c29d-4eb1-7783-97c7-074020149ec1 Sequence:49 ElapsedMS:14 Kind:check_end Late:false Fact:{Stage:provider_open State:ok BeginMS:11 EndMS:-1 DurationMS:-1 Check:request_send Detail:{Reason: Field: Target:-1 Actual:-1 Limit:-1 Start:-1 End:-1 ExpectedType: ActualType:}} Provider:<nil> Outcome: Refunded:false}"
2026/09/21 14:18:07 INFO generation_trace event="{RelatedRunID: ActorKind: RequestID:req_vxXT2sZPvbRACG1m6Re4ow RunID:01a0c29d-5a66-7003-95e8-d4202a89b78e ModelID:01a0c29d-4eb1-7783-97c7-074020149ec1 Sequence:50 ElapsedMS:14 Kind:check_begin Late:false Fact:{Stage:provider_open State:running BeginMS:11 EndMS:-1 DurationMS:-1 Check:response_headers Detail:{Reason: Field: Target:-1 Actual:-1 Limit:-1 Start:-1 End:-1 ExpectedType: ActualType:}} Provider:<nil> Outcome: Refunded:false}"
2026/09/21 14:18:07 INFO generation_trace event="{RelatedRunID: ActorKind: RequestID:req_vxXT2sZPvbRACG1m6Re4ow RunID:01a0c29d-5a66-7003-95e8-d4202a89b78e ModelID:01a0c29d-4eb1-7783-97c7-074020149ec1 Sequence:51 ElapsedMS:14 Kind:provider Late:false Fact:{Stage:provider_open State:running BeginMS:11 EndMS:-1 DurationMS:-1 Check:response_headers Detail:{Reason: Field: Target:-1 Actual:-1 Limit:-1 Start:-1 End:-1 ExpectedType: ActualType:}} Provider:0xc0068ba960 Outcome: Refunded:false}"
2026/09/21 14:18:07 INFO generation_trace event="{RelatedRunID: ActorKind: RequestID:req_vxXT2sZPvbRACG1m6Re4ow RunID:01a0c29d-5a66-7003-95e8-d4202a89b78e ModelID:01a0c29d-4eb1-7783-97c7-074020149ec1 Sequence:52 ElapsedMS:14 Kind:check_end Late:false Fact:{Stage:provider_open State:ok BeginMS:11 EndMS:14 DurationMS:3 Check:response_headers Detail:{Reason: Field: Target:-1 Actual:-1 Limit:-1 Start:-1 End:-1 ExpectedType: ActualType:}} Provider:<nil> Outcome: Refunded:false}"
2026/09/21 14:18:07 INFO generation_trace event="{RelatedRunID: ActorKind: RequestID:req_vxXT2sZPvbRACG1m6Re4ow RunID:01a0c29d-5a66-7003-95e8-d4202a89b78e ModelID:01a0c29d-4eb1-7783-97c7-074020149ec1 Sequence:53 ElapsedMS:14 Kind:stage_end Late:false Fact:{Stage:provider_open State:ok BeginMS:11 EndMS:14 DurationMS:3 Check:response_headers Detail:{Reason: Field: Target:-1 Actual:-1 Limit:-1 Start:-1 End:-1 ExpectedType: ActualType:}} Provider:<nil> Outcome: Refunded:false}"
2026/09/21 14:18:07 INFO generation_trace event="{RelatedRunID: ActorKind: RequestID:req_vxXT2sZPvbRACG1m6Re4ow RunID:01a0c29d-5a66-7003-95e8-d4202a89b78e ModelID:01a0c29d-4eb1-7783-97c7-074020149ec1 Sequence:54 ElapsedMS:14 Kind:stage_begin Late:false Fact:{Stage:delivery State:running BeginMS:14 EndMS:-1 DurationMS:-1 Check: Detail:{Reason: Field: Target:-1 Actual:-1 Limit:-1 Start:-1 End:-1 ExpectedType: ActualType:}} Provider:<nil> Outcome: Refunded:false}"
2026/09/21 14:18:07 INFO generation_trace event="{RelatedRunID: ActorKind: RequestID:req_vxXT2sZPvbRACG1m6Re4ow RunID:01a0c29d-5a66-7003-95e8-d4202a89b78e ModelID:01a0c29d-4eb1-7783-97c7-074020149ec1 Sequence:55 ElapsedMS:14 Kind:fact Late:false Fact:{Stage:delivery State:running BeginMS:14 EndMS:-1 DurationMS:-1 Check:started Detail:{Reason: Field: Target:-1 Actual:192 Limit:-1 Start:-1 End:-1 ExpectedType: ActualType:}} Provider:<nil> Outcome: Refunded:false}"
2026/09/21 14:18:07 INFO generation_trace event="{RelatedRunID: ActorKind: RequestID:req_vxXT2sZPvbRACG1m6Re4ow RunID:01a0c29d-5a66-7003-95e8-d4202a89b78e ModelID:01a0c29d-4eb1-7783-97c7-074020149ec1 Sequence:56 ElapsedMS:15 Kind:stage_begin Late:false Fact:{Stage:provider_stream State:running BeginMS:15 EndMS:-1 DurationMS:-1 Check: Detail:{Reason: Field: Target:-1 Actual:-1 Limit:-1 Start:-1 End:-1 ExpectedType: ActualType:}} Provider:<nil> Outcome: Refunded:false}"
2026/09/21 14:18:07 INFO generation_trace event="{RelatedRunID: ActorKind: RequestID:req_vxXT2sZPvbRACG1m6Re4ow RunID:01a0c29d-5a66-7003-95e8-d4202a89b78e ModelID:01a0c29d-4eb1-7783-97c7-074020149ec1 Sequence:57 ElapsedMS:15 Kind:fact Late:false Fact:{Stage:provider_stream State:running BeginMS:15 EndMS:-1 DurationMS:-1 Check:frame Detail:{Reason: Field: Target:-1 Actual:1 Limit:-1 Start:-1 End:690 ExpectedType: ActualType:}} Provider:<nil> Outcome: Refunded:false}"
2026/09/21 14:18:07 INFO generation_trace event="{RelatedRunID: ActorKind: RequestID:req_vxXT2sZPvbRACG1m6Re4ow RunID:01a0c29d-5a66-7003-95e8-d4202a89b78e ModelID:01a0c29d-4eb1-7783-97c7-074020149ec1 Sequence:58 ElapsedMS:15 Kind:provider Late:false Fact:{Stage:provider_stream State:running BeginMS:15 EndMS:-1 DurationMS:-1 Check: Detail:{Reason: Field: Target:-1 Actual:-1 Limit:-1 Start:-1 End:-1 ExpectedType: ActualType:}} Provider:0xc0019645a0 Outcome: Refunded:false}"
2026/09/21 14:18:07 INFO generation_trace event="{RelatedRunID: ActorKind: RequestID:req_vxXT2sZPvbRACG1m6Re4ow RunID:01a0c29d-5a66-7003-95e8-d4202a89b78e ModelID:01a0c29d-4eb1-7783-97c7-074020149ec1 Sequence:59 ElapsedMS:15 Kind:first_provider_content Late:false Fact:{Stage:provider_stream State:running BeginMS:15 EndMS:-1 DurationMS:-1 Check:content Detail:{Reason: Field: Target:-1 Actual:632 Limit:16777216 Start:0 End:632 ExpectedType: ActualType:}} Provider:<nil> Outcome: Refunded:false}"
2026/09/21 14:18:07 INFO generation_trace event="{RelatedRunID: ActorKind: RequestID:req_vxXT2sZPvbRACG1m6Re4ow RunID:01a0c29d-5a66-7003-95e8-d4202a89b78e ModelID:01a0c29d-4eb1-7783-97c7-074020149ec1 Sequence:60 ElapsedMS:15 Kind:fact Late:false Fact:{Stage:provider_stream State:running BeginMS:15 EndMS:-1 DurationMS:-1 Check:content Detail:{Reason: Field: Target:-1 Actual:632 Limit:16777216 Start:0 End:632 ExpectedType: ActualType:}} Provider:<nil> Outcome: Refunded:false}"
2026/09/21 14:18:07 INFO generation_trace event="{RelatedRunID: ActorKind: RequestID:req_vxXT2sZPvbRACG1m6Re4ow RunID:01a0c29d-5a66-7003-95e8-d4202a89b78e ModelID:01a0c29d-4eb1-7783-97c7-074020149ec1 Sequence:61 ElapsedMS:15 Kind:stage_begin Late:false Fact:{Stage:passage_decode State:running BeginMS:15 EndMS:-1 DurationMS:-1 Check: Detail:{Reason: Field: Target:-1 Actual:-1 Limit:-1 Start:-1 End:-1 ExpectedType: ActualType:}} Provider:<nil> Outcome: Refunded:false}"
2026/09/21 14:18:07 INFO generation_trace event="{RelatedRunID: ActorKind: RequestID:req_vxXT2sZPvbRACG1m6Re4ow RunID:01a0c29d-5a66-7003-95e8-d4202a89b78e ModelID:01a0c29d-4eb1-7783-97c7-074020149ec1 Sequence:62 ElapsedMS:15 Kind:stage_end Late:false Fact:{Stage:provider_stream State:ok BeginMS:15 EndMS:15 DurationMS:0 Check: Detail:{Reason: Field: Target:-1 Actual:-1 Limit:-1 Start:-1 End:-1 ExpectedType: ActualType:}} Provider:<nil> Outcome: Refunded:false}"
2026/09/21 14:18:07 INFO generation_trace event="{RelatedRunID: ActorKind: RequestID:req_vxXT2sZPvbRACG1m6Re4ow RunID:01a0c29d-5a66-7003-95e8-d4202a89b78e ModelID:01a0c29d-4eb1-7783-97c7-074020149ec1 Sequence:63 ElapsedMS:15 Kind:stage_begin Late:false Fact:{Stage:candidate_decode State:running BeginMS:15 EndMS:-1 DurationMS:-1 Check: Detail:{Reason: Field: Target:-1 Actual:-1 Limit:-1 Start:-1 End:-1 ExpectedType: ActualType:}} Provider:<nil> Outcome: Refunded:false}"
2026/09/21 14:18:07 INFO generation_trace event="{RelatedRunID: ActorKind: RequestID:req_vxXT2sZPvbRACG1m6Re4ow RunID:01a0c29d-5a66-7003-95e8-d4202a89b78e ModelID:01a0c29d-4eb1-7783-97c7-074020149ec1 Sequence:64 ElapsedMS:16 Kind:check_begin Late:false Fact:{Stage:candidate_decode State:running BeginMS:15 EndMS:-1 DurationMS:-1 Check:json_schema Detail:{Reason: Field: Target:-1 Actual:-1 Limit:-1 Start:-1 End:-1 ExpectedType: ActualType:}} Provider:<nil> Outcome: Refunded:false}"
2026/09/21 14:18:07 INFO generation_trace event="{RelatedRunID: ActorKind: RequestID:req_vxXT2sZPvbRACG1m6Re4ow RunID:01a0c29d-5a66-7003-95e8-d4202a89b78e ModelID:01a0c29d-4eb1-7783-97c7-074020149ec1 Sequence:65 ElapsedMS:16 Kind:check_end Late:false Fact:{Stage:candidate_decode State:ok BeginMS:15 EndMS:-1 DurationMS:-1 Check:json_schema Detail:{Reason: Field: Target:-1 Actual:-1 Limit:-1 Start:-1 End:-1 ExpectedType: ActualType:}} Provider:<nil> Outcome: Refunded:false}"
2026/09/21 14:18:07 INFO generation_trace event="{RelatedRunID: ActorKind: RequestID:req_vxXT2sZPvbRACG1m6Re4ow RunID:01a0c29d-5a66-7003-95e8-d4202a89b78e ModelID:01a0c29d-4eb1-7783-97c7-074020149ec1 Sequence:66 ElapsedMS:16 Kind:check_begin Late:false Fact:{Stage:candidate_decode State:running BeginMS:15 EndMS:-1 DurationMS:-1 Check:candidate_bytes Detail:{Reason: Field: Target:-1 Actual:-1 Limit:-1 Start:-1 End:-1 ExpectedType: ActualType:}} Provider:<nil> Outcome: Refunded:false}"
2026/09/21 14:18:07 INFO generation_trace event="{RelatedRunID: ActorKind: RequestID:req_vxXT2sZPvbRACG1m6Re4ow RunID:01a0c29d-5a66-7003-95e8-d4202a89b78e ModelID:01a0c29d-4eb1-7783-97c7-074020149ec1 Sequence:67 ElapsedMS:16 Kind:fact Late:false Fact:{Stage:candidate_decode State:running BeginMS:15 EndMS:-1 DurationMS:-1 Check:candidate_bytes Detail:{Reason: Field: Target:-1 Actual:632 Limit:16777216 Start:-1 End:-1 ExpectedType: ActualType:}} Provider:<nil> Outcome: Refunded:false}"
2026/09/21 14:18:07 INFO generation_trace event="{RelatedRunID: ActorKind: RequestID:req_vxXT2sZPvbRACG1m6Re4ow RunID:01a0c29d-5a66-7003-95e8-d4202a89b78e ModelID:01a0c29d-4eb1-7783-97c7-074020149ec1 Sequence:68 ElapsedMS:16 Kind:check_end Late:false Fact:{Stage:candidate_decode State:ok BeginMS:15 EndMS:-1 DurationMS:-1 Check:candidate_bytes Detail:{Reason: Field: Target:-1 Actual:-1 Limit:-1 Start:-1 End:-1 ExpectedType: ActualType:}} Provider:<nil> Outcome: Refunded:false}"
2026/09/21 14:18:07 INFO generation_trace event="{RelatedRunID: ActorKind: RequestID:req_vxXT2sZPvbRACG1m6Re4ow RunID:01a0c29d-5a66-7003-95e8-d4202a89b78e ModelID:01a0c29d-4eb1-7783-97c7-074020149ec1 Sequence:69 ElapsedMS:16 Kind:check_begin Late:false Fact:{Stage:candidate_decode State:running BeginMS:15 EndMS:-1 DurationMS:-1 Check:candidate_encoding Detail:{Reason: Field: Target:-1 Actual:-1 Limit:-1 Start:-1 End:-1 ExpectedType: ActualType:}} Provider:<nil> Outcome: Refunded:false}"
2026/09/21 14:18:07 INFO generation_trace event="{RelatedRunID: ActorKind: RequestID:req_vxXT2sZPvbRACG1m6Re4ow RunID:01a0c29d-5a66-7003-95e8-d4202a89b78e ModelID:01a0c29d-4eb1-7783-97c7-074020149ec1 Sequence:70 ElapsedMS:16 Kind:check_end Late:false Fact:{Stage:candidate_decode State:ok BeginMS:15 EndMS:-1 DurationMS:-1 Check:candidate_encoding Detail:{Reason: Field: Target:-1 Actual:-1 Limit:-1 Start:-1 End:-1 ExpectedType: ActualType:}} Provider:<nil> Outcome: Refunded:false}"
2026/09/21 14:18:07 INFO generation_trace event="{RelatedRunID: ActorKind: RequestID:req_vxXT2sZPvbRACG1m6Re4ow RunID:01a0c29d-5a66-7003-95e8-d4202a89b78e ModelID:01a0c29d-4eb1-7783-97c7-074020149ec1 Sequence:71 ElapsedMS:16 Kind:check_begin Late:false Fact:{Stage:candidate_decode State:running BeginMS:15 EndMS:-1 DurationMS:-1 Check:candidate_nonempty Detail:{Reason: Field: Target:-1 Actual:-1 Limit:-1 Start:-1 End:-1 ExpectedType: ActualType:}} Provider:<nil> Outcome: Refunded:false}"
2026/09/21 14:18:07 INFO generation_trace event="{RelatedRunID: ActorKind: RequestID:req_vxXT2sZPvbRACG1m6Re4ow RunID:01a0c29d-5a66-7003-95e8-d4202a89b78e ModelID:01a0c29d-4eb1-7783-97c7-074020149ec1 Sequence:72 ElapsedMS:16 Kind:check_end Late:false Fact:{Stage:candidate_decode State:ok BeginMS:15 EndMS:-1 DurationMS:-1 Check:candidate_nonempty Detail:{Reason: Field: Target:-1 Actual:-1 Limit:-1 Start:-1 End:-1 ExpectedType: ActualType:}} Provider:<nil> Outcome: Refunded:false}"
2026/09/21 14:18:07 INFO generation_trace event="{RelatedRunID: ActorKind: RequestID:req_vxXT2sZPvbRACG1m6Re4ow RunID:01a0c29d-5a66-7003-95e8-d4202a89b78e ModelID:01a0c29d-4eb1-7783-97c7-074020149ec1 Sequence:73 ElapsedMS:16 Kind:check_begin Late:false Fact:{Stage:candidate_decode State:running BeginMS:15 EndMS:-1 DurationMS:-1 Check:passage_first Detail:{Reason: Field: Target:-1 Actual:-1 Limit:-1 Start:-1 End:-1 ExpectedType: ActualType:}} Provider:<nil> Outcome: Refunded:false}"
2026/09/21 14:18:07 INFO generation_trace event="{RelatedRunID: ActorKind: RequestID:req_vxXT2sZPvbRACG1m6Re4ow RunID:01a0c29d-5a66-7003-95e8-d4202a89b78e ModelID:01a0c29d-4eb1-7783-97c7-074020149ec1 Sequence:74 ElapsedMS:16 Kind:check_end Late:false Fact:{Stage:candidate_decode State:ok BeginMS:15 EndMS:-1 DurationMS:-1 Check:passage_first Detail:{Reason: Field: Target:-1 Actual:-1 Limit:-1 Start:-1 End:-1 ExpectedType: ActualType:}} Provider:<nil> Outcome: Refunded:false}"
2026/09/21 14:18:07 INFO generation_trace event="{RelatedRunID: ActorKind: RequestID:req_vxXT2sZPvbRACG1m6Re4ow RunID:01a0c29d-5a66-7003-95e8-d4202a89b78e ModelID:01a0c29d-4eb1-7783-97c7-074020149ec1 Sequence:75 ElapsedMS:16 Kind:check_begin Late:false Fact:{Stage:candidate_decode State:running BeginMS:15 EndMS:-1 DurationMS:-1 Check:json_tokens Detail:{Reason: Field: Target:-1 Actual:-1 Limit:-1 Start:-1 End:-1 ExpectedType: ActualType:}} Provider:<nil> Outcome: Refunded:false}"
2026/09/21 14:18:07 INFO generation_trace event="{RelatedRunID: ActorKind: RequestID:req_vxXT2sZPvbRACG1m6Re4ow RunID:01a0c29d-5a66-7003-95e8-d4202a89b78e ModelID:01a0c29d-4eb1-7783-97c7-074020149ec1 Sequence:76 ElapsedMS:16 Kind:first_browser_content Late:false Fact:{Stage:delivery State:running BeginMS:14 EndMS:-1 DurationMS:-1 Check:delta Detail:{Reason: Field: Target:-1 Actual:465 Limit:-1 Start:-1 End:-1 ExpectedType: ActualType:}} Provider:<nil> Outcome: Refunded:false}"
2026/09/21 14:18:07 INFO generation_trace event="{RelatedRunID: ActorKind: RequestID:req_vxXT2sZPvbRACG1m6Re4ow RunID:01a0c29d-5a66-7003-95e8-d4202a89b78e ModelID:01a0c29d-4eb1-7783-97c7-074020149ec1 Sequence:77 ElapsedMS:16 Kind:fact Late:false Fact:{Stage:delivery State:running BeginMS:14 EndMS:-1 DurationMS:-1 Check:delta Detail:{Reason: Field: Target:-1 Actual:465 Limit:-1 Start:-1 End:-1 ExpectedType: ActualType:}} Provider:<nil> Outcome: Refunded:false}"
2026/09/21 14:18:07 INFO generation_trace event="{RelatedRunID: ActorKind: RequestID:req_vxXT2sZPvbRACG1m6Re4ow RunID:01a0c29d-5a66-7003-95e8-d4202a89b78e ModelID:01a0c29d-4eb1-7783-97c7-074020149ec1 Sequence:78 ElapsedMS:16 Kind:check_end Late:false Fact:{Stage:candidate_decode State:ok BeginMS:15 EndMS:-1 DurationMS:-1 Check:json_tokens Detail:{Reason: Field: Target:-1 Actual:-1 Limit:-1 Start:-1 End:-1 ExpectedType: ActualType:}} Provider:<nil> Outcome: Refunded:false}"
2026/09/21 14:18:07 INFO generation_trace event="{RelatedRunID: ActorKind: RequestID:req_vxXT2sZPvbRACG1m6Re4ow RunID:01a0c29d-5a66-7003-95e8-d4202a89b78e ModelID:01a0c29d-4eb1-7783-97c7-074020149ec1 Sequence:79 ElapsedMS:16 Kind:check_begin Late:false Fact:{Stage:candidate_decode State:running BeginMS:15 EndMS:-1 DurationMS:-1 Check:candidate_keys Detail:{Reason: Field: Target:-1 Actual:-1 Limit:-1 Start:-1 End:-1 ExpectedType: ActualType:}} Provider:<nil> Outcome: Refunded:false}"
2026/09/21 14:18:07 INFO generation_trace event="{RelatedRunID: ActorKind: RequestID:req_vxXT2sZPvbRACG1m6Re4ow RunID:01a0c29d-5a66-7003-95e8-d4202a89b78e ModelID:01a0c29d-4eb1-7783-97c7-074020149ec1 Sequence:80 ElapsedMS:17 Kind:check_end Late:false Fact:{Stage:candidate_decode State:ok BeginMS:15 EndMS:-1 DurationMS:-1 Check:candidate_keys Detail:{Reason: Field: Target:-1 Actual:-1 Limit:-1 Start:-1 End:-1 ExpectedType: ActualType:}} Provider:<nil> Outcome: Refunded:false}"
2026/09/21 14:18:07 INFO generation_trace event="{RelatedRunID: ActorKind: RequestID:req_vxXT2sZPvbRACG1m6Re4ow RunID:01a0c29d-5a66-7003-95e8-d4202a89b78e ModelID:01a0c29d-4eb1-7783-97c7-074020149ec1 Sequence:81 ElapsedMS:17 Kind:check_begin Late:false Fact:{Stage:candidate_decode State:running BeginMS:15 EndMS:-1 DurationMS:-1 Check:targets_type Detail:{Reason: Field: Target:-1 Actual:-1 Limit:-1 Start:-1 End:-1 ExpectedType: ActualType:}} Provider:<nil> Outcome: Refunded:false}"
2026/09/21 14:18:07 INFO generation_trace event="{RelatedRunID: ActorKind: RequestID:req_vxXT2sZPvbRACG1m6Re4ow RunID:01a0c29d-5a66-7003-95e8-d4202a89b78e ModelID:01a0c29d-4eb1-7783-97c7-074020149ec1 Sequence:82 ElapsedMS:17 Kind:check_end Late:false Fact:{Stage:candidate_decode State:ok BeginMS:15 EndMS:-1 DurationMS:-1 Check:targets_type Detail:{Reason: Field: Target:-1 Actual:-1 Limit:-1 Start:-1 End:-1 ExpectedType: ActualType:}} Provider:<nil> Outcome: Refunded:false}"
2026/09/21 14:18:07 INFO generation_trace event="{RelatedRunID: ActorKind: RequestID:req_vxXT2sZPvbRACG1m6Re4ow RunID:01a0c29d-5a66-7003-95e8-d4202a89b78e ModelID:01a0c29d-4eb1-7783-97c7-074020149ec1 Sequence:83 ElapsedMS:17 Kind:check_begin Late:false Fact:{Stage:candidate_decode State:running BeginMS:15 EndMS:-1 DurationMS:-1 Check:target_keys Detail:{Reason: Field: Target:0 Actual:-1 Limit:-1 Start:-1 End:-1 ExpectedType: ActualType:}} Provider:<nil> Outcome: Refunded:false}"
2026/09/21 14:18:07 INFO generation_trace event="{RelatedRunID: ActorKind: RequestID:req_vxXT2sZPvbRACG1m6Re4ow RunID:01a0c29d-5a66-7003-95e8-d4202a89b78e ModelID:01a0c29d-4eb1-7783-97c7-074020149ec1 Sequence:84 ElapsedMS:17 Kind:fact Late:false Fact:{Stage:candidate_decode State:running BeginMS:15 EndMS:-1 DurationMS:-1 Check:target_keys Detail:{Reason: Field:targets Target:0 Actual:2 Limit:2 Start:-1 End:-1 ExpectedType: ActualType:}} Provider:<nil> Outcome: Refunded:false}"
2026/09/21 14:18:07 INFO generation_trace event="{RelatedRunID: ActorKind: RequestID:req_vxXT2sZPvbRACG1m6Re4ow RunID:01a0c29d-5a66-7003-95e8-d4202a89b78e ModelID:01a0c29d-4eb1-7783-97c7-074020149ec1 Sequence:85 ElapsedMS:17 Kind:check_end Late:false Fact:{Stage:candidate_decode State:ok BeginMS:15 EndMS:-1 DurationMS:-1 Check:target_keys Detail:{Reason: Field: Target:0 Actual:-1 Limit:-1 Start:-1 End:-1 ExpectedType: ActualType:}} Provider:<nil> Outcome: Refunded:false}"
2026/09/21 14:18:07 INFO generation_trace event="{RelatedRunID: ActorKind: RequestID:req_vxXT2sZPvbRACG1m6Re4ow RunID:01a0c29d-5a66-7003-95e8-d4202a89b78e ModelID:01a0c29d-4eb1-7783-97c7-074020149ec1 Sequence:86 ElapsedMS:17 Kind:check_begin Late:false Fact:{Stage:candidate_decode State:running BeginMS:15 EndMS:-1 DurationMS:-1 Check:json_decode Detail:{Reason: Field: Target:0 Actual:-1 Limit:-1 Start:-1 End:-1 ExpectedType: ActualType:}} Provider:<nil> Outcome: Refunded:false}"
2026/09/21 14:18:07 INFO generation_trace event="{RelatedRunID: ActorKind: RequestID:req_vxXT2sZPvbRACG1m6Re4ow RunID:01a0c29d-5a66-7003-95e8-d4202a89b78e ModelID:01a0c29d-4eb1-7783-97c7-074020149ec1 Sequence:87 ElapsedMS:17 Kind:check_end Late:false Fact:{Stage:candidate_decode State:ok BeginMS:15 EndMS:-1 DurationMS:-1 Check:json_decode Detail:{Reason: Field: Target:0 Actual:-1 Limit:-1 Start:-1 End:-1 ExpectedType: ActualType:}} Provider:<nil> Outcome: Refunded:false}"
2026/09/21 14:18:07 INFO generation_trace event="{RelatedRunID: ActorKind: RequestID:req_vxXT2sZPvbRACG1m6Re4ow RunID:01a0c29d-5a66-7003-95e8-d4202a89b78e ModelID:01a0c29d-4eb1-7783-97c7-074020149ec1 Sequence:88 ElapsedMS:17 Kind:check_begin Late:false Fact:{Stage:candidate_decode State:running BeginMS:15 EndMS:-1 DurationMS:-1 Check:json_decode Detail:{Reason: Field: Target:-1 Actual:-1 Limit:-1 Start:-1 End:-1 ExpectedType: ActualType:}} Provider:<nil> Outcome: Refunded:false}"
2026/09/21 14:18:07 INFO generation_trace event="{RelatedRunID: ActorKind: RequestID:req_vxXT2sZPvbRACG1m6Re4ow RunID:01a0c29d-5a66-7003-95e8-d4202a89b78e ModelID:01a0c29d-4eb1-7783-97c7-074020149ec1 Sequence:89 ElapsedMS:17 Kind:check_end Late:false Fact:{Stage:candidate_decode State:ok BeginMS:15 EndMS:-1 DurationMS:-1 Check:json_decode Detail:{Reason: Field: Target:-1 Actual:-1 Limit:-1 Start:-1 End:-1 ExpectedType: ActualType:}} Provider:<nil> Outcome: Refunded:false}"
2026/09/21 14:18:07 INFO generation_trace event="{RelatedRunID: ActorKind: RequestID:req_vxXT2sZPvbRACG1m6Re4ow RunID:01a0c29d-5a66-7003-95e8-d4202a89b78e ModelID:01a0c29d-4eb1-7783-97c7-074020149ec1 Sequence:90 ElapsedMS:17 Kind:check_begin Late:false Fact:{Stage:candidate_decode State:running BeginMS:15 EndMS:-1 DurationMS:-1 Check:json_tail Detail:{Reason: Field: Target:-1 Actual:-1 Limit:-1 Start:-1 End:-1 ExpectedType: ActualType:}} Provider:<nil> Outcome: Refunded:false}"
2026/09/21 14:18:07 INFO generation_trace event="{RelatedRunID: ActorKind: RequestID:req_vxXT2sZPvbRACG1m6Re4ow RunID:01a0c29d-5a66-7003-95e8-d4202a89b78e ModelID:01a0c29d-4eb1-7783-97c7-074020149ec1 Sequence:91 ElapsedMS:17 Kind:check_end Late:false Fact:{Stage:candidate_decode State:ok BeginMS:15 EndMS:-1 DurationMS:-1 Check:json_tail Detail:{Reason: Field: Target:-1 Actual:-1 Limit:-1 Start:-1 End:-1 ExpectedType: ActualType:}} Provider:<nil> Outcome: Refunded:false}"
2026/09/21 14:18:07 INFO generation_trace event="{RelatedRunID: ActorKind: RequestID:req_vxXT2sZPvbRACG1m6Re4ow RunID:01a0c29d-5a66-7003-95e8-d4202a89b78e ModelID:01a0c29d-4eb1-7783-97c7-074020149ec1 Sequence:92 ElapsedMS:17 Kind:check_begin Late:false Fact:{Stage:candidate_decode State:running BeginMS:15 EndMS:-1 DurationMS:-1 Check:passage_nonempty Detail:{Reason: Field: Target:-1 Actual:-1 Limit:-1 Start:-1 End:-1 ExpectedType: ActualType:}} Provider:<nil> Outcome: Refunded:false}"
2026/09/21 14:18:07 INFO generation_trace event="{RelatedRunID: ActorKind: RequestID:req_vxXT2sZPvbRACG1m6Re4ow RunID:01a0c29d-5a66-7003-95e8-d4202a89b78e ModelID:01a0c29d-4eb1-7783-97c7-074020149ec1 Sequence:93 ElapsedMS:18 Kind:check_end Late:false Fact:{Stage:candidate_decode State:ok BeginMS:15 EndMS:-1 DurationMS:-1 Check:passage_nonempty Detail:{Reason: Field: Target:-1 Actual:-1 Limit:-1 Start:-1 End:-1 ExpectedType: ActualType:}} Provider:<nil> Outcome: Refunded:false}"
2026/09/21 14:18:07 INFO generation_trace event="{RelatedRunID: ActorKind: RequestID:req_vxXT2sZPvbRACG1m6Re4ow RunID:01a0c29d-5a66-7003-95e8-d4202a89b78e ModelID:01a0c29d-4eb1-7783-97c7-074020149ec1 Sequence:94 ElapsedMS:18 Kind:check_begin Late:false Fact:{Stage:candidate_decode State:running BeginMS:15 EndMS:-1 DurationMS:-1 Check:tag_count Detail:{Reason: Field: Target:-1 Actual:-1 Limit:-1 Start:-1 End:-1 ExpectedType: ActualType:}} Provider:<nil> Outcome: Refunded:false}"
2026/09/21 14:18:07 INFO generation_trace event="{RelatedRunID: ActorKind: RequestID:req_vxXT2sZPvbRACG1m6Re4ow RunID:01a0c29d-5a66-7003-95e8-d4202a89b78e ModelID:01a0c29d-4eb1-7783-97c7-074020149ec1 Sequence:95 ElapsedMS:18 Kind:fact Late:false Fact:{Stage:candidate_decode State:running BeginMS:15 EndMS:-1 DurationMS:-1 Check:tag_count Detail:{Reason: Field:tags Target:-1 Actual:1 Limit:3 Start:-1 End:-1 ExpectedType: ActualType:}} Provider:<nil> Outcome: Refunded:false}"
2026/09/21 14:18:07 INFO generation_trace event="{RelatedRunID: ActorKind: RequestID:req_vxXT2sZPvbRACG1m6Re4ow RunID:01a0c29d-5a66-7003-95e8-d4202a89b78e ModelID:01a0c29d-4eb1-7783-97c7-074020149ec1 Sequence:96 ElapsedMS:18 Kind:check_end Late:false Fact:{Stage:candidate_decode State:ok BeginMS:15 EndMS:-1 DurationMS:-1 Check:tag_count Detail:{Reason: Field: Target:-1 Actual:-1 Limit:-1 Start:-1 End:-1 ExpectedType: ActualType:}} Provider:<nil> Outcome: Refunded:false}"
2026/09/21 14:18:07 INFO generation_trace event="{RelatedRunID: ActorKind: RequestID:req_vxXT2sZPvbRACG1m6Re4ow RunID:01a0c29d-5a66-7003-95e8-d4202a89b78e ModelID:01a0c29d-4eb1-7783-97c7-074020149ec1 Sequence:97 ElapsedMS:18 Kind:check_begin Late:false Fact:{Stage:candidate_decode State:running BeginMS:15 EndMS:-1 DurationMS:-1 Check:targets_nonnull Detail:{Reason: Field: Target:-1 Actual:-1 Limit:-1 Start:-1 End:-1 ExpectedType: ActualType:}} Provider:<nil> Outcome: Refunded:false}"
2026/09/21 14:18:07 INFO generation_trace event="{RelatedRunID: ActorKind: RequestID:req_vxXT2sZPvbRACG1m6Re4ow RunID:01a0c29d-5a66-7003-95e8-d4202a89b78e ModelID:01a0c29d-4eb1-7783-97c7-074020149ec1 Sequence:98 ElapsedMS:18 Kind:check_end Late:false Fact:{Stage:candidate_decode State:ok BeginMS:15 EndMS:-1 DurationMS:-1 Check:targets_nonnull Detail:{Reason: Field: Target:-1 Actual:-1 Limit:-1 Start:-1 End:-1 ExpectedType: ActualType:}} Provider:<nil> Outcome: Refunded:false}"
2026/09/21 14:18:07 INFO generation_trace event="{RelatedRunID: ActorKind: RequestID:req_vxXT2sZPvbRACG1m6Re4ow RunID:01a0c29d-5a66-7003-95e8-d4202a89b78e ModelID:01a0c29d-4eb1-7783-97c7-074020149ec1 Sequence:99 ElapsedMS:18 Kind:check_begin Late:false Fact:{Stage:candidate_decode State:running BeginMS:15 EndMS:-1 DurationMS:-1 Check:tag_size Detail:{Reason: Field: Target:-1 Actual:-1 Limit:-1 Start:-1 End:-1 ExpectedType: ActualType:}} Provider:<nil> Outcome: Refunded:false}"
2026/09/21 14:18:07 INFO generation_trace event="{RelatedRunID: ActorKind: RequestID:req_vxXT2sZPvbRACG1m6Re4ow RunID:01a0c29d-5a66-7003-95e8-d4202a89b78e ModelID:01a0c29d-4eb1-7783-97c7-074020149ec1 Sequence:100 ElapsedMS:18 Kind:fact Late:false Fact:{Stage:candidate_decode State:running BeginMS:15 EndMS:-1 DurationMS:-1 Check:tag_size Detail:{Reason: Field:tags Target:-1 Actual:5 Limit:100 Start:-1 End:-1 ExpectedType: ActualType:}} Provider:<nil> Outcome: Refunded:false}"
2026/09/21 14:18:07 INFO generation_trace event="{RelatedRunID: ActorKind: RequestID:req_vxXT2sZPvbRACG1m6Re4ow RunID:01a0c29d-5a66-7003-95e8-d4202a89b78e ModelID:01a0c29d-4eb1-7783-97c7-074020149ec1 Sequence:101 ElapsedMS:18 Kind:check_end Late:false Fact:{Stage:candidate_decode State:ok BeginMS:15 EndMS:-1 DurationMS:-1 Check:tag_size Detail:{Reason: Field: Target:-1 Actual:-1 Limit:-1 Start:-1 End:-1 ExpectedType: ActualType:}} Provider:<nil> Outcome: Refunded:false}"
2026/09/21 14:18:07 INFO generation_trace event="{RelatedRunID: ActorKind: RequestID:req_vxXT2sZPvbRACG1m6Re4ow RunID:01a0c29d-5a66-7003-95e8-d4202a89b78e ModelID:01a0c29d-4eb1-7783-97c7-074020149ec1 Sequence:102 ElapsedMS:18 Kind:check_begin Late:false Fact:{Stage:candidate_decode State:running BeginMS:15 EndMS:-1 DurationMS:-1 Check:source_entry_size Detail:{Reason: Field: Target:0 Actual:-1 Limit:-1 Start:-1 End:-1 ExpectedType: ActualType:}} Provider:<nil> Outcome: Refunded:false}"
2026/09/21 14:18:07 INFO generation_trace event="{RelatedRunID: ActorKind: RequestID:req_vxXT2sZPvbRACG1m6Re4ow RunID:01a0c29d-5a66-7003-95e8-d4202a89b78e ModelID:01a0c29d-4eb1-7783-97c7-074020149ec1 Sequence:103 ElapsedMS:18 Kind:fact Late:false Fact:{Stage:candidate_decode State:running BeginMS:15 EndMS:-1 DurationMS:-1 Check:source_entry_size Detail:{Reason: Field:source_entry Target:0 Actual:5 Limit:128 Start:-1 End:-1 ExpectedType: ActualType:}} Provider:<nil> Outcome: Refunded:false}"
2026/09/21 14:18:07 INFO generation_trace event="{RelatedRunID: ActorKind: RequestID:req_vxXT2sZPvbRACG1m6Re4ow RunID:01a0c29d-5a66-7003-95e8-d4202a89b78e ModelID:01a0c29d-4eb1-7783-97c7-074020149ec1 Sequence:104 ElapsedMS:18 Kind:check_end Late:false Fact:{Stage:candidate_decode State:ok BeginMS:15 EndMS:-1 DurationMS:-1 Check:source_entry_size Detail:{Reason: Field: Target:0 Actual:-1 Limit:-1 Start:-1 End:-1 ExpectedType: ActualType:}} Provider:<nil> Outcome: Refunded:false}"
2026/09/21 14:18:07 INFO generation_trace event="{RelatedRunID: ActorKind: RequestID:req_vxXT2sZPvbRACG1m6Re4ow RunID:01a0c29d-5a66-7003-95e8-d4202a89b78e ModelID:01a0c29d-4eb1-7783-97c7-074020149ec1 Sequence:105 ElapsedMS:18 Kind:check_begin Late:false Fact:{Stage:candidate_decode State:running BeginMS:15 EndMS:-1 DurationMS:-1 Check:meaning_size Detail:{Reason: Field: Target:0 Actual:-1 Limit:-1 Start:-1 End:-1 ExpectedType: ActualType:}} Provider:<nil> Outcome: Refunded:false}"
2026/09/21 14:18:07 INFO generation_trace event="{RelatedRunID: ActorKind: RequestID:req_vxXT2sZPvbRACG1m6Re4ow RunID:01a0c29d-5a66-7003-95e8-d4202a89b78e ModelID:01a0c29d-4eb1-7783-97c7-074020149ec1 Sequence:106 ElapsedMS:18 Kind:fact Late:false Fact:{Stage:candidate_decode State:running BeginMS:15 EndMS:-1 DurationMS:-1 Check:meaning_size Detail:{Reason: Field:entry_meaning Target:0 Actual:28 Limit:500 Start:-1 End:-1 ExpectedType: ActualType:}} Provider:<nil> Outcome: Refunded:false}"
2026/09/21 14:18:07 INFO generation_trace event="{RelatedRunID: ActorKind: RequestID:req_vxXT2sZPvbRACG1m6Re4ow RunID:01a0c29d-5a66-7003-95e8-d4202a89b78e ModelID:01a0c29d-4eb1-7783-97c7-074020149ec1 Sequence:107 ElapsedMS:18 Kind:check_end Late:false Fact:{Stage:candidate_decode State:ok BeginMS:15 EndMS:-1 DurationMS:-1 Check:meaning_size Detail:{Reason: Field: Target:0 Actual:-1 Limit:-1 Start:-1 End:-1 ExpectedType: ActualType:}} Provider:<nil> Outcome: Refunded:false}"
2026/09/21 14:18:07 INFO generation_trace event="{RelatedRunID: ActorKind: RequestID:req_vxXT2sZPvbRACG1m6Re4ow RunID:01a0c29d-5a66-7003-95e8-d4202a89b78e ModelID:01a0c29d-4eb1-7783-97c7-074020149ec1 Sequence:108 ElapsedMS:18 Kind:check_begin Late:false Fact:{Stage:candidate_decode State:running BeginMS:15 EndMS:-1 DurationMS:-1 Check:hint_size Detail:{Reason: Field: Target:0 Actual:-1 Limit:-1 Start:-1 End:-1 ExpectedType: ActualType:}} Provider:<nil> Outcome: Refunded:false}"
2026/09/21 14:18:07 INFO generation_trace event="{RelatedRunID: ActorKind: RequestID:req_vxXT2sZPvbRACG1m6Re4ow RunID:01a0c29d-5a66-7003-95e8-d4202a89b78e ModelID:01a0c29d-4eb1-7783-97c7-074020149ec1 Sequence:109 ElapsedMS:18 Kind:fact Late:false Fact:{Stage:candidate_decode State:running BeginMS:15 EndMS:-1 DurationMS:-1 Check:hint_size Detail:{Reason: Field:hint_phrase Target:0 Actual:69 Limit:65500 Start:-1 End:-1 ExpectedType: ActualType:}} Provider:<nil> Outcome: Refunded:false}"
2026/09/21 14:18:07 INFO generation_trace event="{RelatedRunID: ActorKind: RequestID:req_vxXT2sZPvbRACG1m6Re4ow RunID:01a0c29d-5a66-7003-95e8-d4202a89b78e ModelID:01a0c29d-4eb1-7783-97c7-074020149ec1 Sequence:110 ElapsedMS:19 Kind:check_end Late:false Fact:{Stage:candidate_decode State:ok BeginMS:15 EndMS:19 DurationMS:4 Check:hint_size Detail:{Reason: Field: Target:-1 Actual:-1 Limit:-1 Start:-1 End:-1 ExpectedType: ActualType:}} Provider:<nil> Outcome: Refunded:false}"
2026/09/21 14:18:07 INFO generation_trace event="{RelatedRunID: ActorKind: RequestID:req_vxXT2sZPvbRACG1m6Re4ow RunID:01a0c29d-5a66-7003-95e8-d4202a89b78e ModelID:01a0c29d-4eb1-7783-97c7-074020149ec1 Sequence:111 ElapsedMS:19 Kind:stage_end Late:false Fact:{Stage:candidate_decode State:ok BeginMS:15 EndMS:19 DurationMS:4 Check:hint_size Detail:{Reason: Field: Target:-1 Actual:-1 Limit:-1 Start:-1 End:-1 ExpectedType: ActualType:}} Provider:<nil> Outcome: Refunded:false}"
2026/09/21 14:18:07 INFO generation_trace event="{RelatedRunID: ActorKind: RequestID:req_vxXT2sZPvbRACG1m6Re4ow RunID:01a0c29d-5a66-7003-95e8-d4202a89b78e ModelID:01a0c29d-4eb1-7783-97c7-074020149ec1 Sequence:112 ElapsedMS:19 Kind:check_begin Late:false Fact:{Stage:passage_decode State:running BeginMS:15 EndMS:-1 DurationMS:-1 Check:clean_consistency Detail:{Reason: Field: Target:-1 Actual:-1 Limit:-1 Start:-1 End:-1 ExpectedType: ActualType:}} Provider:<nil> Outcome: Refunded:false}"
2026/09/21 14:18:07 INFO generation_trace event="{RelatedRunID: ActorKind: RequestID:req_vxXT2sZPvbRACG1m6Re4ow RunID:01a0c29d-5a66-7003-95e8-d4202a89b78e ModelID:01a0c29d-4eb1-7783-97c7-074020149ec1 Sequence:113 ElapsedMS:19 Kind:check_end Late:false Fact:{Stage:passage_decode State:ok BeginMS:15 EndMS:19 DurationMS:4 Check:clean_consistency Detail:{Reason: Field: Target:-1 Actual:-1 Limit:-1 Start:-1 End:-1 ExpectedType: ActualType:}} Provider:<nil> Outcome: Refunded:false}"
2026/09/21 14:18:07 INFO generation_trace event="{RelatedRunID: ActorKind: RequestID:req_vxXT2sZPvbRACG1m6Re4ow RunID:01a0c29d-5a66-7003-95e8-d4202a89b78e ModelID:01a0c29d-4eb1-7783-97c7-074020149ec1 Sequence:114 ElapsedMS:19 Kind:stage_end Late:false Fact:{Stage:passage_decode State:ok BeginMS:15 EndMS:19 DurationMS:4 Check:clean_consistency Detail:{Reason: Field: Target:-1 Actual:-1 Limit:-1 Start:-1 End:-1 ExpectedType: ActualType:}} Provider:<nil> Outcome: Refunded:false}"
2026/09/21 14:18:07 INFO generation_trace event="{RelatedRunID: ActorKind: RequestID:req_vxXT2sZPvbRACG1m6Re4ow RunID:01a0c29d-5a66-7003-95e8-d4202a89b78e ModelID:01a0c29d-4eb1-7783-97c7-074020149ec1 Sequence:115 ElapsedMS:19 Kind:fact Late:false Fact:{Stage:provider_stream State:ok BeginMS:15 EndMS:15 DurationMS:0 Check:termination Detail:{Reason:done Field: Target:-1 Actual:-1 Limit:-1 Start:-1 End:-1 ExpectedType: ActualType:}} Provider:<nil> Outcome: Refunded:false}"
2026/09/21 14:18:07 INFO generation_trace event="{RelatedRunID: ActorKind: RequestID:req_vxXT2sZPvbRACG1m6Re4ow RunID:01a0c29d-5a66-7003-95e8-d4202a89b78e ModelID:01a0c29d-4eb1-7783-97c7-074020149ec1 Sequence:116 ElapsedMS:20 Kind:fact Late:false Fact:{Stage:provider_stream State:ok BeginMS:15 EndMS:15 DurationMS:0 Check:receiver_exit Detail:{Reason: Field: Target:-1 Actual:-1 Limit:-1 Start:-1 End:-1 ExpectedType: ActualType:}} Provider:<nil> Outcome: Refunded:false}"
2026/09/21 14:18:07 INFO generation_trace event="{RelatedRunID: ActorKind: RequestID:req_vxXT2sZPvbRACG1m6Re4ow RunID:01a0c29d-5a66-7003-95e8-d4202a89b78e ModelID:01a0c29d-4eb1-7783-97c7-074020149ec1 Sequence:117 ElapsedMS:20 Kind:stage_begin Late:false Fact:{Stage:content_validate State:running BeginMS:20 EndMS:-1 DurationMS:-1 Check: Detail:{Reason: Field: Target:-1 Actual:-1 Limit:-1 Start:-1 End:-1 ExpectedType: ActualType:}} Provider:<nil> Outcome: Refunded:false}"
2026/09/21 14:18:07 INFO generation_trace event="{RelatedRunID: ActorKind: RequestID:req_vxXT2sZPvbRACG1m6Re4ow RunID:01a0c29d-5a66-7003-95e8-d4202a89b78e ModelID:01a0c29d-4eb1-7783-97c7-074020149ec1 Sequence:118 ElapsedMS:20 Kind:check_begin Late:false Fact:{Stage:content_validate State:running BeginMS:20 EndMS:-1 DurationMS:-1 Check:lexicon Detail:{Reason: Field: Target:-1 Actual:-1 Limit:-1 Start:-1 End:-1 ExpectedType: ActualType:}} Provider:<nil> Outcome: Refunded:false}"
2026/09/21 14:18:07 INFO generation_trace event="{RelatedRunID: ActorKind: RequestID:req_vxXT2sZPvbRACG1m6Re4ow RunID:01a0c29d-5a66-7003-95e8-d4202a89b78e ModelID:01a0c29d-4eb1-7783-97c7-074020149ec1 Sequence:119 ElapsedMS:20 Kind:check_end Late:false Fact:{Stage:content_validate State:ok BeginMS:20 EndMS:-1 DurationMS:-1 Check:lexicon Detail:{Reason: Field: Target:-1 Actual:-1 Limit:-1 Start:-1 End:-1 ExpectedType: ActualType:}} Provider:<nil> Outcome: Refunded:false}"
2026/09/21 14:18:07 INFO generation_trace event="{RelatedRunID: ActorKind: RequestID:req_vxXT2sZPvbRACG1m6Re4ow RunID:01a0c29d-5a66-7003-95e8-d4202a89b78e ModelID:01a0c29d-4eb1-7783-97c7-074020149ec1 Sequence:120 ElapsedMS:20 Kind:check_begin Late:false Fact:{Stage:content_validate State:running BeginMS:20 EndMS:-1 DurationMS:-1 Check:context Detail:{Reason: Field: Target:-1 Actual:-1 Limit:-1 Start:-1 End:-1 ExpectedType: ActualType:}} Provider:<nil> Outcome: Refunded:false}"
2026/09/21 14:18:07 INFO generation_trace event="{RelatedRunID: ActorKind: RequestID:req_vxXT2sZPvbRACG1m6Re4ow RunID:01a0c29d-5a66-7003-95e8-d4202a89b78e ModelID:01a0c29d-4eb1-7783-97c7-074020149ec1 Sequence:121 ElapsedMS:20 Kind:check_end Late:false Fact:{Stage:content_validate State:ok BeginMS:20 EndMS:-1 DurationMS:-1 Check:context Detail:{Reason: Field: Target:-1 Actual:-1 Limit:-1 Start:-1 End:-1 ExpectedType: ActualType:}} Provider:<nil> Outcome: Refunded:false}"
2026/09/21 14:18:07 INFO generation_trace event="{RelatedRunID: ActorKind: RequestID:req_vxXT2sZPvbRACG1m6Re4ow RunID:01a0c29d-5a66-7003-95e8-d4202a89b78e ModelID:01a0c29d-4eb1-7783-97c7-074020149ec1 Sequence:122 ElapsedMS:20 Kind:check_begin Late:false Fact:{Stage:content_validate State:running BeginMS:20 EndMS:-1 DurationMS:-1 Check:passage_annotations Detail:{Reason: Field: Target:-1 Actual:-1 Limit:-1 Start:-1 End:-1 ExpectedType: ActualType:}} Provider:<nil> Outcome: Refunded:false}"
2026/09/21 14:18:07 INFO generation_trace event="{RelatedRunID: ActorKind: RequestID:req_vxXT2sZPvbRACG1m6Re4ow RunID:01a0c29d-5a66-7003-95e8-d4202a89b78e ModelID:01a0c29d-4eb1-7783-97c7-074020149ec1 Sequence:123 ElapsedMS:20 Kind:check_end Late:false Fact:{Stage:content_validate State:ok BeginMS:20 EndMS:-1 DurationMS:-1 Check:passage_annotations Detail:{Reason: Field: Target:-1 Actual:-1 Limit:-1 Start:-1 End:-1 ExpectedType: ActualType:}} Provider:<nil> Outcome: Refunded:false}"
2026/09/21 14:18:07 INFO generation_trace event="{RelatedRunID: ActorKind: RequestID:req_vxXT2sZPvbRACG1m6Re4ow RunID:01a0c29d-5a66-7003-95e8-d4202a89b78e ModelID:01a0c29d-4eb1-7783-97c7-074020149ec1 Sequence:124 ElapsedMS:20 Kind:check_begin Late:false Fact:{Stage:content_validate State:running BeginMS:20 EndMS:-1 DurationMS:-1 Check:passage_ownership Detail:{Reason: Field: Target:-1 Actual:-1 Limit:-1 Start:-1 End:-1 ExpectedType: ActualType:}} Provider:<nil> Outcome: Refunded:false}"
2026/09/21 14:18:07 INFO generation_trace event="{RelatedRunID: ActorKind: RequestID:req_vxXT2sZPvbRACG1m6Re4ow RunID:01a0c29d-5a66-7003-95e8-d4202a89b78e ModelID:01a0c29d-4eb1-7783-97c7-074020149ec1 Sequence:125 ElapsedMS:20 Kind:check_end Late:false Fact:{Stage:content_validate State:ok BeginMS:20 EndMS:-1 DurationMS:-1 Check:passage_ownership Detail:{Reason: Field: Target:-1 Actual:-1 Limit:-1 Start:-1 End:-1 ExpectedType: ActualType:}} Provider:<nil> Outcome: Refunded:false}"
2026/09/21 14:18:07 INFO generation_trace event="{RelatedRunID: ActorKind: RequestID:req_vxXT2sZPvbRACG1m6Re4ow RunID:01a0c29d-5a66-7003-95e8-d4202a89b78e ModelID:01a0c29d-4eb1-7783-97c7-074020149ec1 Sequence:126 ElapsedMS:20 Kind:check_begin Late:false Fact:{Stage:content_validate State:running BeginMS:20 EndMS:-1 DurationMS:-1 Check:passage_content Detail:{Reason: Field: Target:-1 Actual:-1 Limit:-1 Start:-1 End:-1 ExpectedType: ActualType:}} Provider:<nil> Outcome: Refunded:false}"
2026/09/21 14:18:07 INFO generation_trace event="{RelatedRunID: ActorKind: RequestID:req_vxXT2sZPvbRACG1m6Re4ow RunID:01a0c29d-5a66-7003-95e8-d4202a89b78e ModelID:01a0c29d-4eb1-7783-97c7-074020149ec1 Sequence:127 ElapsedMS:20 Kind:check_end Late:false Fact:{Stage:content_validate State:ok BeginMS:20 EndMS:-1 DurationMS:-1 Check:passage_content Detail:{Reason: Field: Target:-1 Actual:-1 Limit:-1 Start:-1 End:-1 ExpectedType: ActualType:}} Provider:<nil> Outcome: Refunded:false}"
2026/09/21 14:18:07 INFO generation_trace event="{RelatedRunID: ActorKind: RequestID:req_vxXT2sZPvbRACG1m6Re4ow RunID:01a0c29d-5a66-7003-95e8-d4202a89b78e ModelID:01a0c29d-4eb1-7783-97c7-074020149ec1 Sequence:128 ElapsedMS:20 Kind:check_begin Late:false Fact:{Stage:content_validate State:running BeginMS:20 EndMS:-1 DurationMS:-1 Check:word_count Detail:{Reason: Field: Target:-1 Actual:-1 Limit:-1 Start:-1 End:-1 ExpectedType: ActualType:}} Provider:<nil> Outcome: Refunded:false}"
2026/09/21 14:18:07 INFO generation_trace event="{RelatedRunID: ActorKind: RequestID:req_vxXT2sZPvbRACG1m6Re4ow RunID:01a0c29d-5a66-7003-95e8-d4202a89b78e ModelID:01a0c29d-4eb1-7783-97c7-074020149ec1 Sequence:129 ElapsedMS:20 Kind:check_end Late:false Fact:{Stage:content_validate State:ok BeginMS:20 EndMS:-1 DurationMS:-1 Check:word_count Detail:{Reason: Field: Target:-1 Actual:-1 Limit:-1 Start:-1 End:-1 ExpectedType: ActualType:}} Provider:<nil> Outcome: Refunded:false}"
2026/09/21 14:18:07 INFO generation_trace event="{RelatedRunID: ActorKind: RequestID:req_vxXT2sZPvbRACG1m6Re4ow RunID:01a0c29d-5a66-7003-95e8-d4202a89b78e ModelID:01a0c29d-4eb1-7783-97c7-074020149ec1 Sequence:130 ElapsedMS:20 Kind:check_begin Late:false Fact:{Stage:content_validate State:running BeginMS:20 EndMS:-1 DurationMS:-1 Check:passage_language Detail:{Reason: Field: Target:-1 Actual:-1 Limit:-1 Start:-1 End:-1 ExpectedType: ActualType:}} Provider:<nil> Outcome: Refunded:false}"
2026/09/21 14:18:07 INFO generation_trace event="{RelatedRunID: ActorKind: RequestID:req_vxXT2sZPvbRACG1m6Re4ow RunID:01a0c29d-5a66-7003-95e8-d4202a89b78e ModelID:01a0c29d-4eb1-7783-97c7-074020149ec1 Sequence:131 ElapsedMS:21 Kind:check_end Late:false Fact:{Stage:content_validate State:ok BeginMS:20 EndMS:-1 DurationMS:-1 Check:passage_language Detail:{Reason: Field: Target:-1 Actual:-1 Limit:-1 Start:-1 End:-1 ExpectedType: ActualType:}} Provider:<nil> Outcome: Refunded:false}"
2026/09/21 14:18:07 INFO generation_trace event="{RelatedRunID: ActorKind: RequestID:req_vxXT2sZPvbRACG1m6Re4ow RunID:01a0c29d-5a66-7003-95e8-d4202a89b78e ModelID:01a0c29d-4eb1-7783-97c7-074020149ec1 Sequence:132 ElapsedMS:21 Kind:check_begin Late:false Fact:{Stage:content_validate State:running BeginMS:20 EndMS:-1 DurationMS:-1 Check:tag_count Detail:{Reason: Field: Target:-1 Actual:-1 Limit:-1 Start:-1 End:-1 ExpectedType: ActualType:}} Provider:<nil> Outcome: Refunded:false}"
2026/09/21 14:18:07 INFO generation_trace event="{RelatedRunID: ActorKind: RequestID:req_vxXT2sZPvbRACG1m6Re4ow RunID:01a0c29d-5a66-7003-95e8-d4202a89b78e ModelID:01a0c29d-4eb1-7783-97c7-074020149ec1 Sequence:133 ElapsedMS:21 Kind:check_end Late:false Fact:{Stage:content_validate State:ok BeginMS:20 EndMS:-1 DurationMS:-1 Check:tag_count Detail:{Reason: Field: Target:-1 Actual:-1 Limit:-1 Start:-1 End:-1 ExpectedType: ActualType:}} Provider:<nil> Outcome: Refunded:false}"
2026/09/21 14:18:07 INFO generation_trace event="{RelatedRunID: ActorKind: RequestID:req_vxXT2sZPvbRACG1m6Re4ow RunID:01a0c29d-5a66-7003-95e8-d4202a89b78e ModelID:01a0c29d-4eb1-7783-97c7-074020149ec1 Sequence:134 ElapsedMS:21 Kind:check_begin Late:false Fact:{Stage:content_validate State:running BeginMS:20 EndMS:-1 DurationMS:-1 Check:tag_content Detail:{Reason: Field: Target:-1 Actual:-1 Limit:-1 Start:-1 End:-1 ExpectedType: ActualType:}} Provider:<nil> Outcome: Refunded:false}"
2026/09/21 14:18:07 INFO generation_trace event="{RelatedRunID: ActorKind: RequestID:req_vxXT2sZPvbRACG1m6Re4ow RunID:01a0c29d-5a66-7003-95e8-d4202a89b78e ModelID:01a0c29d-4eb1-7783-97c7-074020149ec1 Sequence:135 ElapsedMS:21 Kind:check_end Late:false Fact:{Stage:content_validate State:ok BeginMS:20 EndMS:-1 DurationMS:-1 Check:tag_content Detail:{Reason: Field: Target:-1 Actual:-1 Limit:-1 Start:-1 End:-1 ExpectedType: ActualType:}} Provider:<nil> Outcome: Refunded:false}"
2026/09/21 14:18:07 INFO generation_trace event="{RelatedRunID: ActorKind: RequestID:req_vxXT2sZPvbRACG1m6Re4ow RunID:01a0c29d-5a66-7003-95e8-d4202a89b78e ModelID:01a0c29d-4eb1-7783-97c7-074020149ec1 Sequence:136 ElapsedMS:21 Kind:check_begin Late:false Fact:{Stage:content_validate State:running BeginMS:20 EndMS:-1 DurationMS:-1 Check:tag_duplicate Detail:{Reason: Field: Target:-1 Actual:-1 Limit:-1 Start:-1 End:-1 ExpectedType: ActualType:}} Provider:<nil> Outcome: Refunded:false}"
2026/09/21 14:18:07 INFO generation_trace event="{RelatedRunID: ActorKind: RequestID:req_vxXT2sZPvbRACG1m6Re4ow RunID:01a0c29d-5a66-7003-95e8-d4202a89b78e ModelID:01a0c29d-4eb1-7783-97c7-074020149ec1 Sequence:137 ElapsedMS:21 Kind:check_end Late:false Fact:{Stage:content_validate State:ok BeginMS:20 EndMS:-1 DurationMS:-1 Check:tag_duplicate Detail:{Reason: Field: Target:-1 Actual:-1 Limit:-1 Start:-1 End:-1 ExpectedType: ActualType:}} Provider:<nil> Outcome: Refunded:false}"
2026/09/21 14:18:07 INFO generation_trace event="{RelatedRunID: ActorKind: RequestID:req_vxXT2sZPvbRACG1m6Re4ow RunID:01a0c29d-5a66-7003-95e8-d4202a89b78e ModelID:01a0c29d-4eb1-7783-97c7-074020149ec1 Sequence:138 ElapsedMS:21 Kind:check_begin Late:false Fact:{Stage:content_validate State:running BeginMS:20 EndMS:-1 DurationMS:-1 Check:target_count Detail:{Reason: Field: Target:-1 Actual:-1 Limit:-1 Start:-1 End:-1 ExpectedType: ActualType:}} Provider:<nil> Outcome: Refunded:false}"
2026/09/21 14:18:07 INFO generation_trace event="{RelatedRunID: ActorKind: RequestID:req_vxXT2sZPvbRACG1m6Re4ow RunID:01a0c29d-5a66-7003-95e8-d4202a89b78e ModelID:01a0c29d-4eb1-7783-97c7-074020149ec1 Sequence:139 ElapsedMS:21 Kind:check_end Late:false Fact:{Stage:content_validate State:ok BeginMS:20 EndMS:-1 DurationMS:-1 Check:target_count Detail:{Reason: Field: Target:-1 Actual:-1 Limit:-1 Start:-1 End:-1 ExpectedType: ActualType:}} Provider:<nil> Outcome: Refunded:false}"
2026/09/21 14:18:07 INFO generation_trace event="{RelatedRunID: ActorKind: RequestID:req_vxXT2sZPvbRACG1m6Re4ow RunID:01a0c29d-5a66-7003-95e8-d4202a89b78e ModelID:01a0c29d-4eb1-7783-97c7-074020149ec1 Sequence:140 ElapsedMS:21 Kind:check_begin Late:false Fact:{Stage:content_validate State:running BeginMS:20 EndMS:-1 DurationMS:-1 Check:passage_index Detail:{Reason: Field: Target:-1 Actual:-1 Limit:-1 Start:-1 End:-1 ExpectedType: ActualType:}} Provider:<nil> Outcome: Refunded:false}"
2026/09/21 14:18:07 INFO generation_trace event="{RelatedRunID: ActorKind: RequestID:req_vxXT2sZPvbRACG1m6Re4ow RunID:01a0c29d-5a66-7003-95e8-d4202a89b78e ModelID:01a0c29d-4eb1-7783-97c7-074020149ec1 Sequence:141 ElapsedMS:21 Kind:check_end Late:false Fact:{Stage:content_validate State:ok BeginMS:20 EndMS:-1 DurationMS:-1 Check:passage_index Detail:{Reason: Field: Target:-1 Actual:-1 Limit:-1 Start:-1 End:-1 ExpectedType: ActualType:}} Provider:<nil> Outcome: Refunded:false}"
2026/09/21 14:18:07 INFO generation_trace event="{RelatedRunID: ActorKind: RequestID:req_vxXT2sZPvbRACG1m6Re4ow RunID:01a0c29d-5a66-7003-95e8-d4202a89b78e ModelID:01a0c29d-4eb1-7783-97c7-074020149ec1 Sequence:142 ElapsedMS:21 Kind:check_begin Late:false Fact:{Stage:content_validate State:running BeginMS:20 EndMS:-1 DurationMS:-1 Check:context Detail:{Reason: Field: Target:0 Actual:-1 Limit:-1 Start:-1 End:-1 ExpectedType: ActualType:}} Provider:<nil> Outcome: Refunded:false}"
2026/09/21 14:18:07 INFO generation_trace event="{RelatedRunID: ActorKind: RequestID:req_vxXT2sZPvbRACG1m6Re4ow RunID:01a0c29d-5a66-7003-95e8-d4202a89b78e ModelID:01a0c29d-4eb1-7783-97c7-074020149ec1 Sequence:143 ElapsedMS:21 Kind:check_end Late:false Fact:{Stage:content_validate State:ok BeginMS:20 EndMS:-1 DurationMS:-1 Check:context Detail:{Reason: Field: Target:0 Actual:-1 Limit:-1 Start:-1 End:-1 ExpectedType: ActualType:}} Provider:<nil> Outcome: Refunded:false}"
2026/09/21 14:18:07 INFO generation_trace event="{RelatedRunID: ActorKind: RequestID:req_vxXT2sZPvbRACG1m6Re4ow RunID:01a0c29d-5a66-7003-95e8-d4202a89b78e ModelID:01a0c29d-4eb1-7783-97c7-074020149ec1 Sequence:144 ElapsedMS:21 Kind:check_begin Late:false Fact:{Stage:content_validate State:running BeginMS:20 EndMS:-1 DurationMS:-1 Check:source_entry Detail:{Reason: Field: Target:0 Actual:-1 Limit:-1 Start:-1 End:-1 ExpectedType: ActualType:}} Provider:<nil> Outcome: Refunded:false}"
2026/09/21 14:18:07 INFO generation_trace event="{RelatedRunID: ActorKind: RequestID:req_vxXT2sZPvbRACG1m6Re4ow RunID:01a0c29d-5a66-7003-95e8-d4202a89b78e ModelID:01a0c29d-4eb1-7783-97c7-074020149ec1 Sequence:145 ElapsedMS:21 Kind:check_end Late:false Fact:{Stage:content_validate State:ok BeginMS:20 EndMS:-1 DurationMS:-1 Check:source_entry Detail:{Reason: Field: Target:0 Actual:-1 Limit:-1 Start:-1 End:-1 ExpectedType: ActualType:}} Provider:<nil> Outcome: Refunded:false}"
2026/09/21 14:18:07 INFO generation_trace event="{RelatedRunID: ActorKind: RequestID:req_vxXT2sZPvbRACG1m6Re4ow RunID:01a0c29d-5a66-7003-95e8-d4202a89b78e ModelID:01a0c29d-4eb1-7783-97c7-074020149ec1 Sequence:146 ElapsedMS:22 Kind:check_begin Late:false Fact:{Stage:content_validate State:running BeginMS:20 EndMS:-1 DurationMS:-1 Check:meaning_content Detail:{Reason: Field: Target:0 Actual:-1 Limit:-1 Start:-1 End:-1 ExpectedType: ActualType:}} Provider:<nil> Outcome: Refunded:false}"
2026/09/21 14:18:07 INFO generation_trace event="{RelatedRunID: ActorKind: RequestID:req_vxXT2sZPvbRACG1m6Re4ow RunID:01a0c29d-5a66-7003-95e8-d4202a89b78e ModelID:01a0c29d-4eb1-7783-97c7-074020149ec1 Sequence:147 ElapsedMS:22 Kind:check_end Late:false Fact:{Stage:content_validate State:ok BeginMS:20 EndMS:-1 DurationMS:-1 Check:meaning_content Detail:{Reason: Field: Target:0 Actual:-1 Limit:-1 Start:-1 End:-1 ExpectedType: ActualType:}} Provider:<nil> Outcome: Refunded:false}"
2026/09/21 14:18:07 INFO generation_trace event="{RelatedRunID: ActorKind: RequestID:req_vxXT2sZPvbRACG1m6Re4ow RunID:01a0c29d-5a66-7003-95e8-d4202a89b78e ModelID:01a0c29d-4eb1-7783-97c7-074020149ec1 Sequence:148 ElapsedMS:22 Kind:check_begin Late:false Fact:{Stage:content_validate State:running BeginMS:20 EndMS:-1 DurationMS:-1 Check:meaning_repeated Detail:{Reason: Field: Target:0 Actual:-1 Limit:-1 Start:-1 End:-1 ExpectedType: ActualType:}} Provider:<nil> Outcome: Refunded:false}"
2026/09/21 14:18:07 INFO generation_trace event="{RelatedRunID: ActorKind: RequestID:req_vxXT2sZPvbRACG1m6Re4ow RunID:01a0c29d-5a66-7003-95e8-d4202a89b78e ModelID:01a0c29d-4eb1-7783-97c7-074020149ec1 Sequence:149 ElapsedMS:22 Kind:check_end Late:false Fact:{Stage:content_validate State:ok BeginMS:20 EndMS:-1 DurationMS:-1 Check:meaning_repeated Detail:{Reason: Field: Target:0 Actual:-1 Limit:-1 Start:-1 End:-1 ExpectedType: ActualType:}} Provider:<nil> Outcome: Refunded:false}"
2026/09/21 14:18:07 INFO generation_trace event="{RelatedRunID: ActorKind: RequestID:req_vxXT2sZPvbRACG1m6Re4ow RunID:01a0c29d-5a66-7003-95e8-d4202a89b78e ModelID:01a0c29d-4eb1-7783-97c7-074020149ec1 Sequence:150 ElapsedMS:22 Kind:check_begin Late:false Fact:{Stage:content_validate State:running BeginMS:20 EndMS:-1 DurationMS:-1 Check:hint_annotations Detail:{Reason: Field: Target:0 Actual:-1 Limit:-1 Start:-1 End:-1 ExpectedType: ActualType:}} Provider:<nil> Outcome: Refunded:false}"
2026/09/21 14:18:07 INFO generation_trace event="{RelatedRunID: ActorKind: RequestID:req_vxXT2sZPvbRACG1m6Re4ow RunID:01a0c29d-5a66-7003-95e8-d4202a89b78e ModelID:01a0c29d-4eb1-7783-97c7-074020149ec1 Sequence:151 ElapsedMS:22 Kind:check_end Late:false Fact:{Stage:content_validate State:ok BeginMS:20 EndMS:-1 DurationMS:-1 Check:hint_annotations Detail:{Reason: Field: Target:0 Actual:-1 Limit:-1 Start:-1 End:-1 ExpectedType: ActualType:}} Provider:<nil> Outcome: Refunded:false}"
2026/09/21 14:18:07 INFO generation_trace event="{RelatedRunID: ActorKind: RequestID:req_vxXT2sZPvbRACG1m6Re4ow RunID:01a0c29d-5a66-7003-95e8-d4202a89b78e ModelID:01a0c29d-4eb1-7783-97c7-074020149ec1 Sequence:152 ElapsedMS:22 Kind:check_begin Late:false Fact:{Stage:content_validate State:running BeginMS:20 EndMS:-1 DurationMS:-1 Check:hint_ownership Detail:{Reason: Field: Target:0 Actual:-1 Limit:-1 Start:-1 End:-1 ExpectedType: ActualType:}} Provider:<nil> Outcome: Refunded:false}"
2026/09/21 14:18:07 INFO generation_trace event="{RelatedRunID: ActorKind: RequestID:req_vxXT2sZPvbRACG1m6Re4ow RunID:01a0c29d-5a66-7003-95e8-d4202a89b78e ModelID:01a0c29d-4eb1-7783-97c7-074020149ec1 Sequence:153 ElapsedMS:22 Kind:check_end Late:false Fact:{Stage:content_validate State:ok BeginMS:20 EndMS:-1 DurationMS:-1 Check:hint_ownership Detail:{Reason: Field: Target:0 Actual:-1 Limit:-1 Start:-1 End:-1 ExpectedType: ActualType:}} Provider:<nil> Outcome: Refunded:false}"
2026/09/21 14:18:07 INFO generation_trace event="{RelatedRunID: ActorKind: RequestID:req_vxXT2sZPvbRACG1m6Re4ow RunID:01a0c29d-5a66-7003-95e8-d4202a89b78e ModelID:01a0c29d-4eb1-7783-97c7-074020149ec1 Sequence:154 ElapsedMS:22 Kind:check_begin Late:false Fact:{Stage:content_validate State:running BeginMS:20 EndMS:-1 DurationMS:-1 Check:hint_content Detail:{Reason: Field: Target:0 Actual:-1 Limit:-1 Start:-1 End:-1 ExpectedType: ActualType:}} Provider:<nil> Outcome: Refunded:false}"
2026/09/21 14:18:07 INFO generation_trace event="{RelatedRunID: ActorKind: RequestID:req_vxXT2sZPvbRACG1m6Re4ow RunID:01a0c29d-5a66-7003-95e8-d4202a89b78e ModelID:01a0c29d-4eb1-7783-97c7-074020149ec1 Sequence:155 ElapsedMS:22 Kind:check_end Late:false Fact:{Stage:content_validate State:ok BeginMS:20 EndMS:-1 DurationMS:-1 Check:hint_content Detail:{Reason: Field: Target:0 Actual:-1 Limit:-1 Start:-1 End:-1 ExpectedType: ActualType:}} Provider:<nil> Outcome: Refunded:false}"
2026/09/21 14:18:07 INFO generation_trace event="{RelatedRunID: ActorKind: RequestID:req_vxXT2sZPvbRACG1m6Re4ow RunID:01a0c29d-5a66-7003-95e8-d4202a89b78e ModelID:01a0c29d-4eb1-7783-97c7-074020149ec1 Sequence:156 ElapsedMS:22 Kind:check_begin Late:false Fact:{Stage:content_validate State:running BeginMS:20 EndMS:-1 DurationMS:-1 Check:passage_annotation_presence Detail:{Reason: Field: Target:0 Actual:-1 Limit:-1 Start:-1 End:-1 ExpectedType: ActualType:}} Provider:<nil> Outcome: Refunded:false}"
2026/09/21 14:18:07 INFO generation_trace event="{RelatedRunID: ActorKind: RequestID:req_vxXT2sZPvbRACG1m6Re4ow RunID:01a0c29d-5a66-7003-95e8-d4202a89b78e ModelID:01a0c29d-4eb1-7783-97c7-074020149ec1 Sequence:157 ElapsedMS:22 Kind:check_end Late:false Fact:{Stage:content_validate State:ok BeginMS:20 EndMS:-1 DurationMS:-1 Check:passage_annotation_presence Detail:{Reason: Field: Target:0 Actual:-1 Limit:-1 Start:-1 End:-1 ExpectedType: ActualType:}} Provider:<nil> Outcome: Refunded:false}"
2026/09/21 14:18:07 INFO generation_trace event="{RelatedRunID: ActorKind: RequestID:req_vxXT2sZPvbRACG1m6Re4ow RunID:01a0c29d-5a66-7003-95e8-d4202a89b78e ModelID:01a0c29d-4eb1-7783-97c7-074020149ec1 Sequence:158 ElapsedMS:22 Kind:check_begin Late:false Fact:{Stage:content_validate State:running BeginMS:20 EndMS:-1 DurationMS:-1 Check:hint_annotation_presence Detail:{Reason: Field: Target:0 Actual:-1 Limit:-1 Start:-1 End:-1 ExpectedType: ActualType:}} Provider:<nil> Outcome: Refunded:false}"
2026/09/21 14:18:07 INFO generation_trace event="{RelatedRunID: ActorKind: RequestID:req_vxXT2sZPvbRACG1m6Re4ow RunID:01a0c29d-5a66-7003-95e8-d4202a89b78e ModelID:01a0c29d-4eb1-7783-97c7-074020149ec1 Sequence:159 ElapsedMS:22 Kind:check_end Late:false Fact:{Stage:content_validate State:ok BeginMS:20 EndMS:-1 DurationMS:-1 Check:hint_annotation_presence Detail:{Reason: Field: Target:0 Actual:-1 Limit:-1 Start:-1 End:-1 ExpectedType: ActualType:}} Provider:<nil> Outcome: Refunded:false}"
2026/09/21 14:18:07 INFO generation_trace event="{RelatedRunID: ActorKind: RequestID:req_vxXT2sZPvbRACG1m6Re4ow RunID:01a0c29d-5a66-7003-95e8-d4202a89b78e ModelID:01a0c29d-4eb1-7783-97c7-074020149ec1 Sequence:160 ElapsedMS:22 Kind:check_begin Late:false Fact:{Stage:content_validate State:running BeginMS:20 EndMS:-1 DurationMS:-1 Check:hint_index Detail:{Reason: Field: Target:0 Actual:-1 Limit:-1 Start:-1 End:-1 ExpectedType: ActualType:}} Provider:<nil> Outcome: Refunded:false}"
2026/09/21 14:18:07 INFO generation_trace event="{RelatedRunID: ActorKind: RequestID:req_vxXT2sZPvbRACG1m6Re4ow RunID:01a0c29d-5a66-7003-95e8-d4202a89b78e ModelID:01a0c29d-4eb1-7783-97c7-074020149ec1 Sequence:161 ElapsedMS:22 Kind:check_end Late:false Fact:{Stage:content_validate State:ok BeginMS:20 EndMS:-1 DurationMS:-1 Check:hint_index Detail:{Reason: Field: Target:0 Actual:-1 Limit:-1 Start:-1 End:-1 ExpectedType: ActualType:}} Provider:<nil> Outcome: Refunded:false}"
2026/09/21 14:18:07 INFO generation_trace event="{RelatedRunID: ActorKind: RequestID:req_vxXT2sZPvbRACG1m6Re4ow RunID:01a0c29d-5a66-7003-95e8-d4202a89b78e ModelID:01a0c29d-4eb1-7783-97c7-074020149ec1 Sequence:162 ElapsedMS:23 Kind:check_begin Late:false Fact:{Stage:content_validate State:running BeginMS:20 EndMS:-1 DurationMS:-1 Check:hint_scan Detail:{Reason: Field: Target:0 Actual:-1 Limit:-1 Start:-1 End:-1 ExpectedType: ActualType:}} Provider:<nil> Outcome: Refunded:false}"
2026/09/21 14:18:07 INFO generation_trace event="{RelatedRunID: ActorKind: RequestID:req_vxXT2sZPvbRACG1m6Re4ow RunID:01a0c29d-5a66-7003-95e8-d4202a89b78e ModelID:01a0c29d-4eb1-7783-97c7-074020149ec1 Sequence:163 ElapsedMS:23 Kind:check_end Late:false Fact:{Stage:content_validate State:ok BeginMS:20 EndMS:-1 DurationMS:-1 Check:hint_scan Detail:{Reason: Field: Target:0 Actual:-1 Limit:-1 Start:-1 End:-1 ExpectedType: ActualType:}} Provider:<nil> Outcome: Refunded:false}"
2026/09/21 14:18:07 INFO generation_trace event="{RelatedRunID: ActorKind: RequestID:req_vxXT2sZPvbRACG1m6Re4ow RunID:01a0c29d-5a66-7003-95e8-d4202a89b78e ModelID:01a0c29d-4eb1-7783-97c7-074020149ec1 Sequence:164 ElapsedMS:23 Kind:check_begin Late:false Fact:{Stage:content_validate State:running BeginMS:20 EndMS:-1 DurationMS:-1 Check:passage_scan Detail:{Reason: Field: Target:0 Actual:-1 Limit:-1 Start:-1 End:-1 ExpectedType: ActualType:}} Provider:<nil> Outcome: Refunded:false}"
2026/09/21 14:18:07 INFO generation_trace event="{RelatedRunID: ActorKind: RequestID:req_vxXT2sZPvbRACG1m6Re4ow RunID:01a0c29d-5a66-7003-95e8-d4202a89b78e ModelID:01a0c29d-4eb1-7783-97c7-074020149ec1 Sequence:165 ElapsedMS:23 Kind:check_end Late:false Fact:{Stage:content_validate State:ok BeginMS:20 EndMS:-1 DurationMS:-1 Check:passage_scan Detail:{Reason: Field: Target:0 Actual:-1 Limit:-1 Start:-1 End:-1 ExpectedType: ActualType:}} Provider:<nil> Outcome: Refunded:false}"
2026/09/21 14:18:07 INFO generation_trace event="{RelatedRunID: ActorKind: RequestID:req_vxXT2sZPvbRACG1m6Re4ow RunID:01a0c29d-5a66-7003-95e8-d4202a89b78e ModelID:01a0c29d-4eb1-7783-97c7-074020149ec1 Sequence:166 ElapsedMS:23 Kind:check_begin Late:false Fact:{Stage:content_validate State:running BeginMS:20 EndMS:-1 DurationMS:-1 Check:passage_relations Detail:{Reason: Field: Target:0 Actual:-1 Limit:-1 Start:-1 End:-1 ExpectedType: ActualType:}} Provider:<nil> Outcome: Refunded:false}"
2026/09/21 14:18:07 INFO generation_trace event="{RelatedRunID: ActorKind: RequestID:req_vxXT2sZPvbRACG1m6Re4ow RunID:01a0c29d-5a66-7003-95e8-d4202a89b78e ModelID:01a0c29d-4eb1-7783-97c7-074020149ec1 Sequence:167 ElapsedMS:23 Kind:check_end Late:false Fact:{Stage:content_validate State:ok BeginMS:20 EndMS:-1 DurationMS:-1 Check:passage_relations Detail:{Reason: Field: Target:0 Actual:-1 Limit:-1 Start:-1 End:-1 ExpectedType: ActualType:}} Provider:<nil> Outcome: Refunded:false}"
2026/09/21 14:18:07 INFO generation_trace event="{RelatedRunID: ActorKind: RequestID:req_vxXT2sZPvbRACG1m6Re4ow RunID:01a0c29d-5a66-7003-95e8-d4202a89b78e ModelID:01a0c29d-4eb1-7783-97c7-074020149ec1 Sequence:168 ElapsedMS:23 Kind:check_begin Late:false Fact:{Stage:content_validate State:running BeginMS:20 EndMS:-1 DurationMS:-1 Check:hint_relations Detail:{Reason: Field: Target:0 Actual:-1 Limit:-1 Start:-1 End:-1 ExpectedType: ActualType:}} Provider:<nil> Outcome: Refunded:false}"
2026/09/21 14:18:07 INFO generation_trace event="{RelatedRunID: ActorKind: RequestID:req_vxXT2sZPvbRACG1m6Re4ow RunID:01a0c29d-5a66-7003-95e8-d4202a89b78e ModelID:01a0c29d-4eb1-7783-97c7-074020149ec1 Sequence:169 ElapsedMS:23 Kind:check_end Late:false Fact:{Stage:content_validate State:ok BeginMS:20 EndMS:-1 DurationMS:-1 Check:hint_relations Detail:{Reason: Field: Target:0 Actual:-1 Limit:-1 Start:-1 End:-1 ExpectedType: ActualType:}} Provider:<nil> Outcome: Refunded:false}"
2026/09/21 14:18:07 INFO generation_trace event="{RelatedRunID: ActorKind: RequestID:req_vxXT2sZPvbRACG1m6Re4ow RunID:01a0c29d-5a66-7003-95e8-d4202a89b78e ModelID:01a0c29d-4eb1-7783-97c7-074020149ec1 Sequence:170 ElapsedMS:23 Kind:check_begin Late:false Fact:{Stage:content_validate State:running BeginMS:20 EndMS:-1 DurationMS:-1 Check:passage_presence Detail:{Reason: Field: Target:0 Actual:-1 Limit:-1 Start:-1 End:-1 ExpectedType: ActualType:}} Provider:<nil> Outcome: Refunded:false}"
2026/09/21 14:18:07 INFO generation_trace event="{RelatedRunID: ActorKind: RequestID:req_vxXT2sZPvbRACG1m6Re4ow RunID:01a0c29d-5a66-7003-95e8-d4202a89b78e ModelID:01a0c29d-4eb1-7783-97c7-074020149ec1 Sequence:171 ElapsedMS:23 Kind:check_end Late:false Fact:{Stage:content_validate State:ok BeginMS:20 EndMS:-1 DurationMS:-1 Check:passage_presence Detail:{Reason: Field: Target:0 Actual:-1 Limit:-1 Start:-1 End:-1 ExpectedType: ActualType:}} Provider:<nil> Outcome: Refunded:false}"
2026/09/21 14:18:07 INFO generation_trace event="{RelatedRunID: ActorKind: RequestID:req_vxXT2sZPvbRACG1m6Re4ow RunID:01a0c29d-5a66-7003-95e8-d4202a89b78e ModelID:01a0c29d-4eb1-7783-97c7-074020149ec1 Sequence:172 ElapsedMS:23 Kind:check_begin Late:false Fact:{Stage:content_validate State:running BeginMS:20 EndMS:-1 DurationMS:-1 Check:hint_presence Detail:{Reason: Field: Target:0 Actual:-1 Limit:-1 Start:-1 End:-1 ExpectedType: ActualType:}} Provider:<nil> Outcome: Refunded:false}"
2026/09/21 14:18:07 INFO generation_trace event="{RelatedRunID: ActorKind: RequestID:req_vxXT2sZPvbRACG1m6Re4ow RunID:01a0c29d-5a66-7003-95e8-d4202a89b78e ModelID:01a0c29d-4eb1-7783-97c7-074020149ec1 Sequence:173 ElapsedMS:23 Kind:check_end Late:false Fact:{Stage:content_validate State:ok BeginMS:20 EndMS:-1 DurationMS:-1 Check:hint_presence Detail:{Reason: Field: Target:0 Actual:-1 Limit:-1 Start:-1 End:-1 ExpectedType: ActualType:}} Provider:<nil> Outcome: Refunded:false}"
2026/09/21 14:18:07 INFO generation_trace event="{RelatedRunID: ActorKind: RequestID:req_vxXT2sZPvbRACG1m6Re4ow RunID:01a0c29d-5a66-7003-95e8-d4202a89b78e ModelID:01a0c29d-4eb1-7783-97c7-074020149ec1 Sequence:174 ElapsedMS:23 Kind:check_begin Late:false Fact:{Stage:content_validate State:running BeginMS:20 EndMS:-1 DurationMS:-1 Check:collision Detail:{Reason: Field: Target:-1 Actual:-1 Limit:-1 Start:-1 End:-1 ExpectedType: ActualType:}} Provider:<nil> Outcome: Refunded:false}"
2026/09/21 14:18:07 INFO generation_trace event="{RelatedRunID: ActorKind: RequestID:req_vxXT2sZPvbRACG1m6Re4ow RunID:01a0c29d-5a66-7003-95e8-d4202a89b78e ModelID:01a0c29d-4eb1-7783-97c7-074020149ec1 Sequence:175 ElapsedMS:23 Kind:check_end Late:false Fact:{Stage:content_validate State:ok BeginMS:20 EndMS:-1 DurationMS:-1 Check:collision Detail:{Reason: Field: Target:-1 Actual:-1 Limit:-1 Start:-1 End:-1 ExpectedType: ActualType:}} Provider:<nil> Outcome: Refunded:false}"
2026/09/21 14:18:07 INFO generation_trace event="{RelatedRunID: ActorKind: RequestID:req_vxXT2sZPvbRACG1m6Re4ow RunID:01a0c29d-5a66-7003-95e8-d4202a89b78e ModelID:01a0c29d-4eb1-7783-97c7-074020149ec1 Sequence:176 ElapsedMS:23 Kind:check_begin Late:false Fact:{Stage:content_validate State:running BeginMS:20 EndMS:-1 DurationMS:-1 Check:context Detail:{Reason: Field: Target:-1 Actual:-1 Limit:-1 Start:-1 End:-1 ExpectedType: ActualType:}} Provider:<nil> Outcome: Refunded:false}"
2026/09/21 14:18:07 INFO generation_trace event="{RelatedRunID: ActorKind: RequestID:req_vxXT2sZPvbRACG1m6Re4ow RunID:01a0c29d-5a66-7003-95e8-d4202a89b78e ModelID:01a0c29d-4eb1-7783-97c7-074020149ec1 Sequence:177 ElapsedMS:23 Kind:check_end Late:false Fact:{Stage:content_validate State:ok BeginMS:20 EndMS:23 DurationMS:3 Check:context Detail:{Reason: Field: Target:-1 Actual:-1 Limit:-1 Start:-1 End:-1 ExpectedType: ActualType:}} Provider:<nil> Outcome: Refunded:false}"
2026/09/21 14:18:07 INFO generation_trace event="{RelatedRunID: ActorKind: RequestID:req_vxXT2sZPvbRACG1m6Re4ow RunID:01a0c29d-5a66-7003-95e8-d4202a89b78e ModelID:01a0c29d-4eb1-7783-97c7-074020149ec1 Sequence:178 ElapsedMS:23 Kind:stage_end Late:false Fact:{Stage:content_validate State:ok BeginMS:20 EndMS:23 DurationMS:3 Check:context Detail:{Reason: Field: Target:-1 Actual:-1 Limit:-1 Start:-1 End:-1 ExpectedType: ActualType:}} Provider:<nil> Outcome: Refunded:false}"
2026/09/21 14:18:07 INFO generation_trace event="{RelatedRunID: ActorKind: RequestID:req_vxXT2sZPvbRACG1m6Re4ow RunID:01a0c29d-5a66-7003-95e8-d4202a89b78e ModelID:01a0c29d-4eb1-7783-97c7-074020149ec1 Sequence:179 ElapsedMS:24 Kind:stage_begin Late:false Fact:{Stage:draft_commit State:running BeginMS:24 EndMS:-1 DurationMS:-1 Check: Detail:{Reason: Field: Target:-1 Actual:-1 Limit:-1 Start:-1 End:-1 ExpectedType: ActualType:}} Provider:<nil> Outcome: Refunded:false}"
2026/09/21 14:18:07 INFO generation_trace event="{RelatedRunID: ActorKind: RequestID:req_vxXT2sZPvbRACG1m6Re4ow RunID:01a0c29d-5a66-7003-95e8-d4202a89b78e ModelID:01a0c29d-4eb1-7783-97c7-074020149ec1 Sequence:180 ElapsedMS:24 Kind:check_begin Late:false Fact:{Stage:draft_commit State:running BeginMS:24 EndMS:-1 DurationMS:-1 Check:snapshot Detail:{Reason: Field: Target:-1 Actual:-1 Limit:-1 Start:-1 End:-1 ExpectedType: ActualType:}} Provider:<nil> Outcome: Refunded:false}"
2026/09/21 14:18:07 INFO generation_trace event="{RelatedRunID: ActorKind: RequestID:req_vxXT2sZPvbRACG1m6Re4ow RunID:01a0c29d-5a66-7003-95e8-d4202a89b78e ModelID:01a0c29d-4eb1-7783-97c7-074020149ec1 Sequence:181 ElapsedMS:24 Kind:check_end Late:false Fact:{Stage:draft_commit State:ok BeginMS:24 EndMS:-1 DurationMS:-1 Check:snapshot Detail:{Reason: Field: Target:-1 Actual:-1 Limit:-1 Start:-1 End:-1 ExpectedType: ActualType:}} Provider:<nil> Outcome: Refunded:false}"
2026/09/21 14:18:07 INFO generation_trace event="{RelatedRunID: ActorKind: RequestID:req_vxXT2sZPvbRACG1m6Re4ow RunID:01a0c29d-5a66-7003-95e8-d4202a89b78e ModelID:01a0c29d-4eb1-7783-97c7-074020149ec1 Sequence:182 ElapsedMS:24 Kind:check_begin Late:false Fact:{Stage:draft_commit State:running BeginMS:24 EndMS:-1 DurationMS:-1 Check:draft_encode Detail:{Reason: Field: Target:-1 Actual:-1 Limit:-1 Start:-1 End:-1 ExpectedType: ActualType:}} Provider:<nil> Outcome: Refunded:false}"
2026/09/21 14:18:07 INFO generation_trace event="{RelatedRunID: ActorKind: RequestID:req_vxXT2sZPvbRACG1m6Re4ow RunID:01a0c29d-5a66-7003-95e8-d4202a89b78e ModelID:01a0c29d-4eb1-7783-97c7-074020149ec1 Sequence:183 ElapsedMS:24 Kind:check_end Late:false Fact:{Stage:draft_commit State:ok BeginMS:24 EndMS:-1 DurationMS:-1 Check:draft_encode Detail:{Reason: Field: Target:-1 Actual:-1 Limit:-1 Start:-1 End:-1 ExpectedType: ActualType:}} Provider:<nil> Outcome: Refunded:false}"
2026/09/21 14:18:07 INFO generation_trace event="{RelatedRunID: ActorKind: RequestID:req_vxXT2sZPvbRACG1m6Re4ow RunID:01a0c29d-5a66-7003-95e8-d4202a89b78e ModelID:01a0c29d-4eb1-7783-97c7-074020149ec1 Sequence:184 ElapsedMS:24 Kind:check_begin Late:false Fact:{Stage:draft_commit State:running BeginMS:24 EndMS:-1 DurationMS:-1 Check:transaction_begin Detail:{Reason: Field: Target:-1 Actual:-1 Limit:-1 Start:-1 End:-1 ExpectedType: ActualType:}} Provider:<nil> Outcome: Refunded:false}"
2026/09/21 14:18:07 INFO generation_trace event="{RelatedRunID: ActorKind: RequestID:req_vxXT2sZPvbRACG1m6Re4ow RunID:01a0c29d-5a66-7003-95e8-d4202a89b78e ModelID:01a0c29d-4eb1-7783-97c7-074020149ec1 Sequence:185 ElapsedMS:24 Kind:check_end Late:false Fact:{Stage:draft_commit State:ok BeginMS:24 EndMS:-1 DurationMS:-1 Check:transaction_begin Detail:{Reason: Field: Target:-1 Actual:-1 Limit:-1 Start:-1 End:-1 ExpectedType: ActualType:}} Provider:<nil> Outcome: Refunded:false}"
2026/09/21 14:18:07 INFO generation_trace event="{RelatedRunID: ActorKind: RequestID:req_vxXT2sZPvbRACG1m6Re4ow RunID:01a0c29d-5a66-7003-95e8-d4202a89b78e ModelID:01a0c29d-4eb1-7783-97c7-074020149ec1 Sequence:186 ElapsedMS:24 Kind:check_begin Late:false Fact:{Stage:draft_commit State:running BeginMS:24 EndMS:-1 DurationMS:-1 Check:cas Detail:{Reason: Field: Target:-1 Actual:-1 Limit:-1 Start:-1 End:-1 ExpectedType: ActualType:}} Provider:<nil> Outcome: Refunded:false}"
2026/09/21 14:18:07 INFO generation_trace event="{RelatedRunID: ActorKind: RequestID:req_vxXT2sZPvbRACG1m6Re4ow RunID:01a0c29d-5a66-7003-95e8-d4202a89b78e ModelID:01a0c29d-4eb1-7783-97c7-074020149ec1 Sequence:187 ElapsedMS:26 Kind:check_end Late:false Fact:{Stage:draft_commit State:ok BeginMS:24 EndMS:-1 DurationMS:-1 Check:cas Detail:{Reason: Field: Target:-1 Actual:-1 Limit:-1 Start:-1 End:-1 ExpectedType: ActualType:}} Provider:<nil> Outcome: Refunded:false}"
2026/09/21 14:18:07 INFO generation_trace event="{RelatedRunID: ActorKind: RequestID:req_vxXT2sZPvbRACG1m6Re4ow RunID:01a0c29d-5a66-7003-95e8-d4202a89b78e ModelID:01a0c29d-4eb1-7783-97c7-074020149ec1 Sequence:188 ElapsedMS:26 Kind:check_begin Late:false Fact:{Stage:draft_commit State:running BeginMS:24 EndMS:-1 DurationMS:-1 Check:draft_insert Detail:{Reason: Field: Target:-1 Actual:-1 Limit:-1 Start:-1 End:-1 ExpectedType: ActualType:}} Provider:<nil> Outcome: Refunded:false}"
2026/09/21 14:18:07 INFO generation_trace event="{RelatedRunID: ActorKind: RequestID:req_vxXT2sZPvbRACG1m6Re4ow RunID:01a0c29d-5a66-7003-95e8-d4202a89b78e ModelID:01a0c29d-4eb1-7783-97c7-074020149ec1 Sequence:189 ElapsedMS:26 Kind:check_end Late:false Fact:{Stage:draft_commit State:ok BeginMS:24 EndMS:-1 DurationMS:-1 Check:draft_insert Detail:{Reason: Field: Target:-1 Actual:-1 Limit:-1 Start:-1 End:-1 ExpectedType: ActualType:}} Provider:<nil> Outcome: Refunded:false}"
2026/09/21 14:18:07 INFO generation_trace event="{RelatedRunID: ActorKind: RequestID:req_vxXT2sZPvbRACG1m6Re4ow RunID:01a0c29d-5a66-7003-95e8-d4202a89b78e ModelID:01a0c29d-4eb1-7783-97c7-074020149ec1 Sequence:190 ElapsedMS:27 Kind:check_begin Late:false Fact:{Stage:draft_commit State:running BeginMS:24 EndMS:-1 DurationMS:-1 Check:transaction_commit Detail:{Reason: Field: Target:-1 Actual:-1 Limit:-1 Start:-1 End:-1 ExpectedType: ActualType:}} Provider:<nil> Outcome: Refunded:false}"
2026/09/21 14:18:07 INFO generation_trace event="{RelatedRunID: ActorKind: RequestID:req_vxXT2sZPvbRACG1m6Re4ow RunID:01a0c29d-5a66-7003-95e8-d4202a89b78e ModelID:01a0c29d-4eb1-7783-97c7-074020149ec1 Sequence:191 ElapsedMS:27 Kind:outcome_confirmed Late:false Fact:{Stage: State: BeginMS:0 EndMS:0 DurationMS:0 Check: Detail:{Reason: Field: Target:0 Actual:0 Limit:0 Start:0 End:0 ExpectedType: ActualType:}} Provider:<nil> Outcome:valid Refunded:false}"
2026/09/21 14:18:07 INFO generation_trace event="{RelatedRunID: ActorKind: RequestID:req_vxXT2sZPvbRACG1m6Re4ow RunID:01a0c29d-5a66-7003-95e8-d4202a89b78e ModelID:01a0c29d-4eb1-7783-97c7-074020149ec1 Sequence:192 ElapsedMS:27 Kind:check_end Late:false Fact:{Stage:draft_commit State:ok BeginMS:24 EndMS:27 DurationMS:3 Check:transaction_commit Detail:{Reason: Field: Target:-1 Actual:-1 Limit:-1 Start:-1 End:-1 ExpectedType: ActualType:}} Provider:<nil> Outcome: Refunded:false}"
2026/09/21 14:18:07 INFO generation_trace event="{RelatedRunID: ActorKind: RequestID:req_vxXT2sZPvbRACG1m6Re4ow RunID:01a0c29d-5a66-7003-95e8-d4202a89b78e ModelID:01a0c29d-4eb1-7783-97c7-074020149ec1 Sequence:193 ElapsedMS:27 Kind:stage_end Late:false Fact:{Stage:draft_commit State:ok BeginMS:24 EndMS:27 DurationMS:3 Check:transaction_commit Detail:{Reason: Field: Target:-1 Actual:-1 Limit:-1 Start:-1 End:-1 ExpectedType: ActualType:}} Provider:<nil> Outcome: Refunded:false}"
2026/09/21 14:18:07 INFO generation_trace event="{RelatedRunID: ActorKind: RequestID:req_vxXT2sZPvbRACG1m6Re4ow RunID:01a0c29d-5a66-7003-95e8-d4202a89b78e ModelID:01a0c29d-4eb1-7783-97c7-074020149ec1 Sequence:194 ElapsedMS:27 Kind:fact Late:false Fact:{Stage:delivery State:running BeginMS:14 EndMS:-1 DurationMS:-1 Check:validated Detail:{Reason: Field: Target:-1 Actual:917 Limit:-1 Start:-1 End:-1 ExpectedType: ActualType:}} Provider:<nil> Outcome: Refunded:false}"
2026/09/21 14:18:07 INFO generation_trace event="{RelatedRunID: ActorKind: RequestID:req_vxXT2sZPvbRACG1m6Re4ow RunID:01a0c29d-5a66-7003-95e8-d4202a89b78e ModelID:01a0c29d-4eb1-7783-97c7-074020149ec1 Sequence:195 ElapsedMS:27 Kind:stage_end Late:false Fact:{Stage:delivery State:ok BeginMS:14 EndMS:27 DurationMS:13 Check: Detail:{Reason: Field: Target:-1 Actual:-1 Limit:-1 Start:-1 End:-1 ExpectedType: ActualType:}} Provider:<nil> Outcome: Refunded:false}"
2026/09/21 14:18:07 INFO ai_generation_request_finished request_id=req_vxXT2sZPvbRACG1m6Re4ow run_id=01a0c29d-5a66-7003-95e8-d4202a89b78e model_id=01a0c29d-4eb1-7783-97c7-074020149ec1 elapsed_ms=26
2026/09/21 14:18:07 INFO http_request request_id=req_vxXT2sZPvbRACG1m6Re4ow method=POST route=/api/v1/generations/stream status=200 duration_ms=27
2026/09/21 14:18:07 INFO generation_trace event="{RelatedRunID: ActorKind: RequestID:req_vxXT2sZPvbRACG1m6Re4ow RunID:01a0c29d-5a66-7003-95e8-d4202a89b78e ModelID:01a0c29d-4eb1-7783-97c7-074020149ec1 Sequence:196 ElapsedMS:27 Kind:check_end Late:false Fact:{Stage:request State:ok BeginMS:0 EndMS:27 DurationMS:27 Check:body Detail:{Reason: Field: Target:-1 Actual:-1 Limit:-1 Start:-1 End:-1 ExpectedType: ActualType:}} Provider:<nil> Outcome: Refunded:false}"
2026/09/21 14:18:07 INFO generation_trace event="{RelatedRunID: ActorKind: RequestID:req_vxXT2sZPvbRACG1m6Re4ow RunID:01a0c29d-5a66-7003-95e8-d4202a89b78e ModelID:01a0c29d-4eb1-7783-97c7-074020149ec1 Sequence:197 ElapsedMS:27 Kind:stage_end Late:false Fact:{Stage:request State:ok BeginMS:0 EndMS:27 DurationMS:27 Check:body Detail:{Reason: Field: Target:-1 Actual:-1 Limit:-1 Start:-1 End:-1 ExpectedType: ActualType:}} Provider:<nil> Outcome: Refunded:false}"
2026/09/21 14:18:07 INFO generation_summary summary="{RequestID:req_vxXT2sZPvbRACG1m6Re4ow RunID:01a0c29d-5a66-7003-95e8-d4202a89b78e ModelID:01a0c29d-4eb1-7783-97c7-074020149ec1 ElapsedMS:27 Stages:[{Stage:request State:ok BeginMS:0 EndMS:27 DurationMS:27 Check:body Detail:{Reason: Field: Target:-1 Actual:-1 Limit:-1 Start:-1 End:-1 ExpectedType: ActualType:}} {Stage:preflight State:ok BeginMS:1 EndMS:11 DurationMS:10 Check:transaction_commit Detail:{Reason: Field: Target:-1 Actual:-1 Limit:-1 Start:-1 End:-1 ExpectedType: ActualType:}} {Stage:provider_open State:ok BeginMS:11 EndMS:14 DurationMS:3 Check:response_headers Detail:{Reason: Field: Target:-1 Actual:-1 Limit:-1 Start:-1 End:-1 ExpectedType: ActualType:}} {Stage:provider_stream State:ok BeginMS:15 EndMS:15 DurationMS:0 Check: Detail:{Reason: Field: Target:-1 Actual:-1 Limit:-1 Start:-1 End:-1 ExpectedType: ActualType:}} {Stage:passage_decode State:ok BeginMS:15 EndMS:19 DurationMS:4 Check:clean_consistency Detail:{Reason: Field: Target:-1 Actual:-1 Limit:-1 Start:-1 End:-1 ExpectedType: ActualType:}} {Stage:candidate_decode State:ok BeginMS:15 EndMS:19 DurationMS:4 Check:hint_size Detail:{Reason: Field: Target:-1 Actual:-1 Limit:-1 Start:-1 End:-1 ExpectedType: ActualType:}} {Stage:content_validate State:ok BeginMS:20 EndMS:23 DurationMS:3 Check:context Detail:{Reason: Field: Target:-1 Actual:-1 Limit:-1 Start:-1 End:-1 ExpectedType: ActualType:}} {Stage:draft_commit State:ok BeginMS:24 EndMS:27 DurationMS:3 Check:transaction_commit Detail:{Reason: Field: Target:-1 Actual:-1 Limit:-1 Start:-1 End:-1 ExpectedType: ActualType:}} {Stage:settlement State:not_run BeginMS:-1 EndMS:-1 DurationMS:-1 Check: Detail:{Reason: Field: Target:-1 Actual:-1 Limit:-1 Start:-1 End:-1 ExpectedType: ActualType:}} {Stage:delivery State:ok BeginMS:14 EndMS:27 DurationMS:13 Check: Detail:{Reason: Field: Target:-1 Actual:-1 Limit:-1 Start:-1 End:-1 ExpectedType: ActualType:}} {Stage:continuation State:not_run BeginMS:-1 EndMS:-1 DurationMS:-1 Check: Detail:{Reason: Field: Target:-1 Actual:-1 Limit:-1 Start:-1 End:-1 ExpectedType: ActualType:}}] FirstFailure:<nil> Outcome:valid Refunded:false Pending:false}"
2026/09/21 14:18:07 INFO http_request request_id=req_JRIwHwxxD93mqnj95agj_g method=POST route=/api/v1/generations/{run_id}/discard status=204 duration_ms=2
=== RUN   TestNoContentConsumersEnforcePrivateNoStoreResponse/batch_deletion_cascades_its_single-batch_review_session
2026/09/21 14:18:07 INFO generation_trace event="{RelatedRunID: ActorKind: RequestID:req_emmHscn7a75H-07HjEHKgQ RunID: ModelID: Sequence:1 ElapsedMS:0 Kind:stage_begin Late:false Fact:{Stage:request State:running BeginMS:0 EndMS:-1 DurationMS:-1 Check: Detail:{Reason: Field: Target:-1 Actual:-1 Limit:-1 Start:-1 End:-1 ExpectedType: ActualType:}} Provider:<nil> Outcome: Refunded:false}"
2026/09/21 14:18:07 INFO generation_trace event="{RelatedRunID: ActorKind: RequestID:req_emmHscn7a75H-07HjEHKgQ RunID: ModelID: Sequence:2 ElapsedMS:0 Kind:check_begin Late:false Fact:{Stage:request State:running BeginMS:0 EndMS:-1 DurationMS:-1 Check:identity Detail:{Reason: Field: Target:-1 Actual:-1 Limit:-1 Start:-1 End:-1 ExpectedType: ActualType:}} Provider:<nil> Outcome: Refunded:false}"
2026/09/21 14:18:07 INFO generation_trace event="{RelatedRunID: ActorKind:account RequestID:req_emmHscn7a75H-07HjEHKgQ RunID: ModelID: Sequence:3 ElapsedMS:0 Kind:actor_resolved Late:false Fact:{Stage: State: BeginMS:0 EndMS:0 DurationMS:0 Check: Detail:{Reason: Field: Target:0 Actual:0 Limit:0 Start:0 End:0 ExpectedType: ActualType:}} Provider:<nil> Outcome: Refunded:false}"
2026/09/21 14:18:07 INFO generation_trace event="{RelatedRunID: ActorKind: RequestID:req_emmHscn7a75H-07HjEHKgQ RunID: ModelID: Sequence:4 ElapsedMS:0 Kind:check_end Late:false Fact:{Stage:request State:ok BeginMS:0 EndMS:-1 DurationMS:-1 Check:identity Detail:{Reason: Field: Target:-1 Actual:-1 Limit:-1 Start:-1 End:-1 ExpectedType: ActualType:}} Provider:<nil> Outcome: Refunded:false}"
2026/09/21 14:18:07 INFO generation_trace event="{RelatedRunID: ActorKind: RequestID:req_emmHscn7a75H-07HjEHKgQ RunID: ModelID: Sequence:5 ElapsedMS:0 Kind:check_begin Late:false Fact:{Stage:request State:running BeginMS:0 EndMS:-1 DurationMS:-1 Check:origin Detail:{Reason: Field: Target:-1 Actual:-1 Limit:-1 Start:-1 End:-1 ExpectedType: ActualType:}} Provider:<nil> Outcome: Refunded:false}"
2026/09/21 14:18:07 INFO generation_trace event="{RelatedRunID: ActorKind: RequestID:req_emmHscn7a75H-07HjEHKgQ RunID: ModelID: Sequence:6 ElapsedMS:0 Kind:check_end Late:false Fact:{Stage:request State:ok BeginMS:0 EndMS:-1 DurationMS:-1 Check:origin Detail:{Reason: Field: Target:-1 Actual:-1 Limit:-1 Start:-1 End:-1 ExpectedType: ActualType:}} Provider:<nil> Outcome: Refunded:false}"
2026/09/21 14:18:07 INFO generation_trace event="{RelatedRunID: ActorKind: RequestID:req_emmHscn7a75H-07HjEHKgQ RunID: ModelID: Sequence:7 ElapsedMS:0 Kind:check_begin Late:false Fact:{Stage:request State:running BeginMS:0 EndMS:-1 DurationMS:-1 Check:content_type Detail:{Reason: Field: Target:-1 Actual:-1 Limit:-1 Start:-1 End:-1 ExpectedType: ActualType:}} Provider:<nil> Outcome: Refunded:false}"
2026/09/21 14:18:07 INFO generation_trace event="{RelatedRunID: ActorKind: RequestID:req_emmHscn7a75H-07HjEHKgQ RunID: ModelID: Sequence:8 ElapsedMS:0 Kind:check_end Late:false Fact:{Stage:request State:ok BeginMS:0 EndMS:-1 DurationMS:-1 Check:content_type Detail:{Reason: Field: Target:-1 Actual:-1 Limit:-1 Start:-1 End:-1 ExpectedType: ActualType:}} Provider:<nil> Outcome: Refunded:false}"
2026/09/21 14:18:07 INFO generation_trace event="{RelatedRunID: ActorKind: RequestID:req_emmHscn7a75H-07HjEHKgQ RunID: ModelID: Sequence:9 ElapsedMS:0 Kind:check_begin Late:false Fact:{Stage:request State:running BeginMS:0 EndMS:-1 DurationMS:-1 Check:csrf Detail:{Reason: Field: Target:-1 Actual:-1 Limit:-1 Start:-1 End:-1 ExpectedType: ActualType:}} Provider:<nil> Outcome: Refunded:false}"
2026/09/21 14:18:07 INFO generation_trace event="{RelatedRunID: ActorKind: RequestID:req_emmHscn7a75H-07HjEHKgQ RunID: ModelID: Sequence:10 ElapsedMS:0 Kind:check_end Late:false Fact:{Stage:request State:ok BeginMS:0 EndMS:-1 DurationMS:-1 Check:csrf Detail:{Reason: Field: Target:-1 Actual:-1 Limit:-1 Start:-1 End:-1 ExpectedType: ActualType:}} Provider:<nil> Outcome: Refunded:false}"
2026/09/21 14:18:07 INFO generation_trace event="{RelatedRunID: ActorKind: RequestID:req_emmHscn7a75H-07HjEHKgQ RunID: ModelID: Sequence:11 ElapsedMS:0 Kind:check_begin Late:false Fact:{Stage:request State:running BeginMS:0 EndMS:-1 DurationMS:-1 Check:body Detail:{Reason: Field: Target:-1 Actual:-1 Limit:-1 Start:-1 End:-1 ExpectedType: ActualType:}} Provider:<nil> Outcome: Refunded:false}"
2026/09/21 14:18:07 INFO generation_trace event="{RelatedRunID: ActorKind: RequestID:req_emmHscn7a75H-07HjEHKgQ RunID: ModelID: Sequence:12 ElapsedMS:1 Kind:stage_begin Late:false Fact:{Stage:preflight State:running BeginMS:1 EndMS:-1 DurationMS:-1 Check: Detail:{Reason: Field: Target:-1 Actual:-1 Limit:-1 Start:-1 End:-1 ExpectedType: ActualType:}} Provider:<nil> Outcome: Refunded:false}"
2026/09/21 14:18:07 INFO generation_trace event="{RelatedRunID: ActorKind: RequestID:req_emmHscn7a75H-07HjEHKgQ RunID: ModelID: Sequence:13 ElapsedMS:1 Kind:check_begin Late:false Fact:{Stage:preflight State:running BeginMS:1 EndMS:-1 DurationMS:-1 Check:input Detail:{Reason: Field: Target:-1 Actual:-1 Limit:-1 Start:-1 End:-1 ExpectedType: ActualType:}} Provider:<nil> Outcome: Refunded:false}"
2026/09/21 14:18:07 INFO generation_trace event="{RelatedRunID: ActorKind: RequestID:req_emmHscn7a75H-07HjEHKgQ RunID: ModelID: Sequence:14 ElapsedMS:1 Kind:check_end Late:false Fact:{Stage:preflight State:ok BeginMS:1 EndMS:-1 DurationMS:-1 Check:input Detail:{Reason: Field: Target:-1 Actual:-1 Limit:-1 Start:-1 End:-1 ExpectedType: ActualType:}} Provider:<nil> Outcome: Refunded:false}"
2026/09/21 14:18:07 INFO generation_trace event="{RelatedRunID: ActorKind: RequestID:req_emmHscn7a75H-07HjEHKgQ RunID: ModelID: Sequence:15 ElapsedMS:1 Kind:check_begin Late:false Fact:{Stage:preflight State:running BeginMS:1 EndMS:-1 DurationMS:-1 Check:transaction_begin Detail:{Reason: Field: Target:-1 Actual:-1 Limit:-1 Start:-1 End:-1 ExpectedType: ActualType:}} Provider:<nil> Outcome: Refunded:false}"
2026/09/21 14:18:07 INFO generation_trace event="{RelatedRunID: ActorKind: RequestID:req_emmHscn7a75H-07HjEHKgQ RunID: ModelID: Sequence:16 ElapsedMS:1 Kind:check_end Late:false Fact:{Stage:preflight State:ok BeginMS:1 EndMS:-1 DurationMS:-1 Check:transaction_begin Detail:{Reason: Field: Target:-1 Actual:-1 Limit:-1 Start:-1 End:-1 ExpectedType: ActualType:}} Provider:<nil> Outcome: Refunded:false}"
2026/09/21 14:18:07 INFO generation_trace event="{RelatedRunID: ActorKind: RequestID:req_emmHscn7a75H-07HjEHKgQ RunID: ModelID: Sequence:17 ElapsedMS:1 Kind:check_begin Late:false Fact:{Stage:preflight State:running BeginMS:1 EndMS:-1 DurationMS:-1 Check:credentials Detail:{Reason: Field: Target:-1 Actual:-1 Limit:-1 Start:-1 End:-1 ExpectedType: ActualType:}} Provider:<nil> Outcome: Refunded:false}"
2026/09/21 14:18:07 INFO generation_trace event="{RelatedRunID: ActorKind: RequestID:req_emmHscn7a75H-07HjEHKgQ RunID: ModelID: Sequence:18 ElapsedMS:1 Kind:check_end Late:false Fact:{Stage:preflight State:ok BeginMS:1 EndMS:-1 DurationMS:-1 Check:credentials Detail:{Reason: Field: Target:-1 Actual:-1 Limit:-1 Start:-1 End:-1 ExpectedType: ActualType:}} Provider:<nil> Outcome: Refunded:false}"
2026/09/21 14:18:07 INFO generation_trace event="{RelatedRunID: ActorKind: RequestID:req_emmHscn7a75H-07HjEHKgQ RunID: ModelID: Sequence:19 ElapsedMS:1 Kind:check_begin Late:false Fact:{Stage:preflight State:running BeginMS:1 EndMS:-1 DurationMS:-1 Check:actor_lock Detail:{Reason: Field: Target:-1 Actual:-1 Limit:-1 Start:-1 End:-1 ExpectedType: ActualType:}} Provider:<nil> Outcome: Refunded:false}"
2026/09/21 14:18:07 INFO generation_trace event="{RelatedRunID: ActorKind: RequestID:req_emmHscn7a75H-07HjEHKgQ RunID: ModelID: Sequence:20 ElapsedMS:2 Kind:check_end Late:false Fact:{Stage:preflight State:ok BeginMS:1 EndMS:-1 DurationMS:-1 Check:actor_lock Detail:{Reason: Field: Target:-1 Actual:-1 Limit:-1 Start:-1 End:-1 ExpectedType: ActualType:}} Provider:<nil> Outcome: Refunded:false}"
2026/09/21 14:18:07 INFO generation_trace event="{RelatedRunID: ActorKind: RequestID:req_emmHscn7a75H-07HjEHKgQ RunID: ModelID: Sequence:21 ElapsedMS:2 Kind:check_begin Late:false Fact:{Stage:preflight State:running BeginMS:1 EndMS:-1 DurationMS:-1 Check:group_policy Detail:{Reason: Field: Target:-1 Actual:-1 Limit:-1 Start:-1 End:-1 ExpectedType: ActualType:}} Provider:<nil> Outcome: Refunded:false}"
2026/09/21 14:18:07 INFO generation_trace event="{RelatedRunID: ActorKind: RequestID:req_emmHscn7a75H-07HjEHKgQ RunID: ModelID: Sequence:22 ElapsedMS:2 Kind:check_end Late:false Fact:{Stage:preflight State:ok BeginMS:1 EndMS:-1 DurationMS:-1 Check:group_policy Detail:{Reason: Field: Target:-1 Actual:-1 Limit:-1 Start:-1 End:-1 ExpectedType: ActualType:}} Provider:<nil> Outcome: Refunded:false}"
2026/09/21 14:18:07 INFO generation_trace event="{RelatedRunID: ActorKind: RequestID:req_emmHscn7a75H-07HjEHKgQ RunID: ModelID: Sequence:23 ElapsedMS:2 Kind:check_begin Late:false Fact:{Stage:preflight State:running BeginMS:1 EndMS:-1 DurationMS:-1 Check:model_assignment Detail:{Reason: Field: Target:-1 Actual:-1 Limit:-1 Start:-1 End:-1 ExpectedType: ActualType:}} Provider:<nil> Outcome: Refunded:false}"
2026/09/21 14:18:07 INFO generation_trace event="{RelatedRunID: ActorKind: RequestID:req_emmHscn7a75H-07HjEHKgQ RunID: ModelID: Sequence:24 ElapsedMS:2 Kind:check_end Late:false Fact:{Stage:preflight State:ok BeginMS:1 EndMS:-1 DurationMS:-1 Check:model_assignment Detail:{Reason: Field: Target:-1 Actual:-1 Limit:-1 Start:-1 End:-1 ExpectedType: ActualType:}} Provider:<nil> Outcome: Refunded:false}"
2026/09/21 14:18:07 INFO generation_trace event="{RelatedRunID: ActorKind: RequestID:req_emmHscn7a75H-07HjEHKgQ RunID: ModelID: Sequence:25 ElapsedMS:2 Kind:check_begin Late:false Fact:{Stage:preflight State:running BeginMS:1 EndMS:-1 DurationMS:-1 Check:length_assignment Detail:{Reason: Field: Target:-1 Actual:-1 Limit:-1 Start:-1 End:-1 ExpectedType: ActualType:}} Provider:<nil> Outcome: Refunded:false}"
2026/09/21 14:18:07 INFO generation_trace event="{RelatedRunID: ActorKind: RequestID:req_emmHscn7a75H-07HjEHKgQ RunID: ModelID: Sequence:26 ElapsedMS:3 Kind:check_end Late:false Fact:{Stage:preflight State:ok BeginMS:1 EndMS:-1 DurationMS:-1 Check:length_assignment Detail:{Reason: Field: Target:-1 Actual:-1 Limit:-1 Start:-1 End:-1 ExpectedType: ActualType:}} Provider:<nil> Outcome: Refunded:false}"
2026/09/21 14:18:07 INFO generation_trace event="{RelatedRunID: ActorKind: RequestID:req_emmHscn7a75H-07HjEHKgQ RunID: ModelID: Sequence:27 ElapsedMS:3 Kind:check_begin Late:false Fact:{Stage:preflight State:running BeginMS:1 EndMS:-1 DurationMS:-1 Check:vocabulary Detail:{Reason: Field: Target:-1 Actual:-1 Limit:-1 Start:-1 End:-1 ExpectedType: ActualType:}} Provider:<nil> Outcome: Refunded:false}"
2026/09/21 14:18:07 INFO generation_trace event="{RelatedRunID: ActorKind: RequestID:req_emmHscn7a75H-07HjEHKgQ RunID: ModelID: Sequence:28 ElapsedMS:3 Kind:check_end Late:false Fact:{Stage:preflight State:ok BeginMS:1 EndMS:-1 DurationMS:-1 Check:vocabulary Detail:{Reason: Field: Target:-1 Actual:-1 Limit:-1 Start:-1 End:-1 ExpectedType: ActualType:}} Provider:<nil> Outcome: Refunded:false}"
2026/09/21 14:18:07 INFO generation_trace event="{RelatedRunID: ActorKind: RequestID:req_emmHscn7a75H-07HjEHKgQ RunID: ModelID: Sequence:29 ElapsedMS:3 Kind:check_begin Late:false Fact:{Stage:preflight State:running BeginMS:1 EndMS:-1 DurationMS:-1 Check:quota Detail:{Reason: Field: Target:-1 Actual:-1 Limit:-1 Start:-1 End:-1 ExpectedType: ActualType:}} Provider:<nil> Outcome: Refunded:false}"
2026/09/21 14:18:07 INFO generation_trace event="{RelatedRunID: ActorKind: RequestID:req_emmHscn7a75H-07HjEHKgQ RunID: ModelID: Sequence:30 ElapsedMS:3 Kind:check_end Late:false Fact:{Stage:preflight State:ok BeginMS:1 EndMS:-1 DurationMS:-1 Check:quota Detail:{Reason: Field: Target:-1 Actual:-1 Limit:-1 Start:-1 End:-1 ExpectedType: ActualType:}} Provider:<nil> Outcome: Refunded:false}"
2026/09/21 14:18:07 INFO generation_trace event="{RelatedRunID: ActorKind: RequestID:req_emmHscn7a75H-07HjEHKgQ RunID: ModelID: Sequence:31 ElapsedMS:3 Kind:check_begin Late:false Fact:{Stage:preflight State:running BeginMS:1 EndMS:-1 DurationMS:-1 Check:reserve Detail:{Reason: Field: Target:-1 Actual:-1 Limit:-1 Start:-1 End:-1 ExpectedType: ActualType:}} Provider:<nil> Outcome: Refunded:false}"
2026/09/21 14:18:07 INFO generation_trace event="{RelatedRunID: ActorKind: RequestID:req_emmHscn7a75H-07HjEHKgQ RunID: ModelID: Sequence:32 ElapsedMS:4 Kind:check_end Late:false Fact:{Stage:preflight State:ok BeginMS:1 EndMS:-1 DurationMS:-1 Check:reserve Detail:{Reason: Field: Target:-1 Actual:-1 Limit:-1 Start:-1 End:-1 ExpectedType: ActualType:}} Provider:<nil> Outcome: Refunded:false}"
2026/09/21 14:18:07 INFO generation_trace event="{RelatedRunID: ActorKind: RequestID:req_emmHscn7a75H-07HjEHKgQ RunID: ModelID: Sequence:33 ElapsedMS:4 Kind:check_begin Late:false Fact:{Stage:preflight State:running BeginMS:1 EndMS:-1 DurationMS:-1 Check:entries Detail:{Reason: Field: Target:-1 Actual:-1 Limit:-1 Start:-1 End:-1 ExpectedType: ActualType:}} Provider:<nil> Outcome: Refunded:false}"
2026/09/21 14:18:07 INFO generation_trace event="{RelatedRunID: ActorKind: RequestID:req_emmHscn7a75H-07HjEHKgQ RunID: ModelID: Sequence:34 ElapsedMS:4 Kind:check_end Late:false Fact:{Stage:preflight State:ok BeginMS:1 EndMS:-1 DurationMS:-1 Check:entries Detail:{Reason: Field: Target:-1 Actual:-1 Limit:-1 Start:-1 End:-1 ExpectedType: ActualType:}} Provider:<nil> Outcome: Refunded:false}"
2026/09/21 14:18:07 INFO generation_trace event="{RelatedRunID: ActorKind: RequestID:req_emmHscn7a75H-07HjEHKgQ RunID: ModelID: Sequence:35 ElapsedMS:4 Kind:check_begin Late:false Fact:{Stage:preflight State:running BeginMS:1 EndMS:-1 DurationMS:-1 Check:token Detail:{Reason: Field: Target:-1 Actual:-1 Limit:-1 Start:-1 End:-1 ExpectedType: ActualType:}} Provider:<nil> Outcome: Refunded:false}"
2026/09/21 14:18:07 INFO generation_trace event="{RelatedRunID: ActorKind: RequestID:req_emmHscn7a75H-07HjEHKgQ RunID: ModelID: Sequence:36 ElapsedMS:4 Kind:check_end Late:false Fact:{Stage:preflight State:ok BeginMS:1 EndMS:-1 DurationMS:-1 Check:token Detail:{Reason: Field: Target:-1 Actual:-1 Limit:-1 Start:-1 End:-1 ExpectedType: ActualType:}} Provider:<nil> Outcome: Refunded:false}"
2026/09/21 14:18:07 INFO generation_trace event="{RelatedRunID: ActorKind: RequestID:req_emmHscn7a75H-07HjEHKgQ RunID: ModelID: Sequence:37 ElapsedMS:4 Kind:check_begin Late:false Fact:{Stage:preflight State:running BeginMS:1 EndMS:-1 DurationMS:-1 Check:transaction_commit Detail:{Reason: Field: Target:-1 Actual:-1 Limit:-1 Start:-1 End:-1 ExpectedType: ActualType:}} Provider:<nil> Outcome: Refunded:false}"
2026/09/21 14:18:07 INFO generation_trace event="{RelatedRunID: ActorKind: RequestID:req_emmHscn7a75H-07HjEHKgQ RunID:01a0c29d-5a80-7e1c-82ef-4f272730834c ModelID:01a0c29d-4eb1-7783-97c7-074020149ec1 Sequence:38 ElapsedMS:5 Kind:run_bound Late:false Fact:{Stage: State: BeginMS:0 EndMS:0 DurationMS:0 Check: Detail:{Reason: Field: Target:0 Actual:0 Limit:0 Start:0 End:0 ExpectedType: ActualType:}} Provider:<nil> Outcome: Refunded:false}"
2026/09/21 14:18:07 INFO generation_trace event="{RelatedRunID: ActorKind: RequestID:req_emmHscn7a75H-07HjEHKgQ RunID:01a0c29d-5a80-7e1c-82ef-4f272730834c ModelID:01a0c29d-4eb1-7783-97c7-074020149ec1 Sequence:39 ElapsedMS:5 Kind:check_end Late:false Fact:{Stage:preflight State:ok BeginMS:1 EndMS:5 DurationMS:4 Check:transaction_commit Detail:{Reason: Field: Target:-1 Actual:-1 Limit:-1 Start:-1 End:-1 ExpectedType: ActualType:}} Provider:<nil> Outcome: Refunded:false}"
2026/09/21 14:18:07 INFO generation_trace event="{RelatedRunID: ActorKind: RequestID:req_emmHscn7a75H-07HjEHKgQ RunID:01a0c29d-5a80-7e1c-82ef-4f272730834c ModelID:01a0c29d-4eb1-7783-97c7-074020149ec1 Sequence:40 ElapsedMS:5 Kind:stage_end Late:false Fact:{Stage:preflight State:ok BeginMS:1 EndMS:5 DurationMS:4 Check:transaction_commit Detail:{Reason: Field: Target:-1 Actual:-1 Limit:-1 Start:-1 End:-1 ExpectedType: ActualType:}} Provider:<nil> Outcome: Refunded:false}"
2026/09/21 14:18:07 INFO generation_trace event="{RelatedRunID: ActorKind: RequestID:req_emmHscn7a75H-07HjEHKgQ RunID:01a0c29d-5a80-7e1c-82ef-4f272730834c ModelID:01a0c29d-4eb1-7783-97c7-074020149ec1 Sequence:41 ElapsedMS:5 Kind:stage_begin Late:false Fact:{Stage:provider_open State:running BeginMS:5 EndMS:-1 DurationMS:-1 Check: Detail:{Reason: Field: Target:-1 Actual:-1 Limit:-1 Start:-1 End:-1 ExpectedType: ActualType:}} Provider:<nil> Outcome: Refunded:false}"
2026/09/21 14:18:07 INFO generation_trace event="{RelatedRunID: ActorKind: RequestID:req_emmHscn7a75H-07HjEHKgQ RunID:01a0c29d-5a80-7e1c-82ef-4f272730834c ModelID:01a0c29d-4eb1-7783-97c7-074020149ec1 Sequence:42 ElapsedMS:5 Kind:check_begin Late:false Fact:{Stage:provider_open State:running BeginMS:5 EndMS:-1 DurationMS:-1 Check:credentials Detail:{Reason: Field: Target:-1 Actual:-1 Limit:-1 Start:-1 End:-1 ExpectedType: ActualType:}} Provider:<nil> Outcome: Refunded:false}"
2026/09/21 14:18:07 INFO generation_trace event="{RelatedRunID: ActorKind: RequestID:req_emmHscn7a75H-07HjEHKgQ RunID:01a0c29d-5a80-7e1c-82ef-4f272730834c ModelID:01a0c29d-4eb1-7783-97c7-074020149ec1 Sequence:43 ElapsedMS:5 Kind:check_end Late:false Fact:{Stage:provider_open State:ok BeginMS:5 EndMS:-1 DurationMS:-1 Check:credentials Detail:{Reason: Field: Target:-1 Actual:-1 Limit:-1 Start:-1 End:-1 ExpectedType: ActualType:}} Provider:<nil> Outcome: Refunded:false}"
2026/09/21 14:18:07 INFO generation_trace event="{RelatedRunID: ActorKind: RequestID:req_emmHscn7a75H-07HjEHKgQ RunID:01a0c29d-5a80-7e1c-82ef-4f272730834c ModelID:01a0c29d-4eb1-7783-97c7-074020149ec1 Sequence:44 ElapsedMS:5 Kind:check_begin Late:false Fact:{Stage:provider_open State:running BeginMS:5 EndMS:-1 DurationMS:-1 Check:request_encode Detail:{Reason: Field: Target:-1 Actual:-1 Limit:-1 Start:-1 End:-1 ExpectedType: ActualType:}} Provider:<nil> Outcome: Refunded:false}"
2026/09/21 14:18:07 INFO generation_trace event="{RelatedRunID: ActorKind: RequestID:req_emmHscn7a75H-07HjEHKgQ RunID:01a0c29d-5a80-7e1c-82ef-4f272730834c ModelID:01a0c29d-4eb1-7783-97c7-074020149ec1 Sequence:45 ElapsedMS:6 Kind:check_end Late:false Fact:{Stage:provider_open State:ok BeginMS:5 EndMS:-1 DurationMS:-1 Check:request_encode Detail:{Reason: Field: Target:-1 Actual:-1 Limit:-1 Start:-1 End:-1 ExpectedType: ActualType:}} Provider:<nil> Outcome: Refunded:false}"
2026/09/21 14:18:07 INFO generation_trace event="{RelatedRunID: ActorKind: RequestID:req_emmHscn7a75H-07HjEHKgQ RunID:01a0c29d-5a80-7e1c-82ef-4f272730834c ModelID:01a0c29d-4eb1-7783-97c7-074020149ec1 Sequence:46 ElapsedMS:6 Kind:check_begin Late:false Fact:{Stage:provider_open State:running BeginMS:5 EndMS:-1 DurationMS:-1 Check:request_create Detail:{Reason: Field: Target:-1 Actual:-1 Limit:-1 Start:-1 End:-1 ExpectedType: ActualType:}} Provider:<nil> Outcome: Refunded:false}"
2026/09/21 14:18:07 INFO generation_trace event="{RelatedRunID: ActorKind: RequestID:req_emmHscn7a75H-07HjEHKgQ RunID:01a0c29d-5a80-7e1c-82ef-4f272730834c ModelID:01a0c29d-4eb1-7783-97c7-074020149ec1 Sequence:47 ElapsedMS:6 Kind:check_end Late:false Fact:{Stage:provider_open State:ok BeginMS:5 EndMS:-1 DurationMS:-1 Check:request_create Detail:{Reason: Field: Target:-1 Actual:-1 Limit:-1 Start:-1 End:-1 ExpectedType: ActualType:}} Provider:<nil> Outcome: Refunded:false}"
2026/09/21 14:18:07 INFO generation_trace event="{RelatedRunID: ActorKind: RequestID:req_emmHscn7a75H-07HjEHKgQ RunID:01a0c29d-5a80-7e1c-82ef-4f272730834c ModelID:01a0c29d-4eb1-7783-97c7-074020149ec1 Sequence:48 ElapsedMS:6 Kind:check_begin Late:false Fact:{Stage:provider_open State:running BeginMS:5 EndMS:-1 DurationMS:-1 Check:request_send Detail:{Reason: Field: Target:-1 Actual:-1 Limit:-1 Start:-1 End:-1 ExpectedType: ActualType:}} Provider:<nil> Outcome: Refunded:false}"
2026/09/21 14:18:07 INFO generation_trace event="{RelatedRunID: ActorKind: RequestID:req_emmHscn7a75H-07HjEHKgQ RunID:01a0c29d-5a80-7e1c-82ef-4f272730834c ModelID:01a0c29d-4eb1-7783-97c7-074020149ec1 Sequence:49 ElapsedMS:8 Kind:check_end Late:false Fact:{Stage:provider_open State:ok BeginMS:5 EndMS:-1 DurationMS:-1 Check:request_send Detail:{Reason: Field: Target:-1 Actual:-1 Limit:-1 Start:-1 End:-1 ExpectedType: ActualType:}} Provider:<nil> Outcome: Refunded:false}"
2026/09/21 14:18:07 INFO generation_trace event="{RelatedRunID: ActorKind: RequestID:req_emmHscn7a75H-07HjEHKgQ RunID:01a0c29d-5a80-7e1c-82ef-4f272730834c ModelID:01a0c29d-4eb1-7783-97c7-074020149ec1 Sequence:50 ElapsedMS:8 Kind:check_begin Late:false Fact:{Stage:provider_open State:running BeginMS:5 EndMS:-1 DurationMS:-1 Check:response_headers Detail:{Reason: Field: Target:-1 Actual:-1 Limit:-1 Start:-1 End:-1 ExpectedType: ActualType:}} Provider:<nil> Outcome: Refunded:false}"
2026/09/21 14:18:07 INFO generation_trace event="{RelatedRunID: ActorKind: RequestID:req_emmHscn7a75H-07HjEHKgQ RunID:01a0c29d-5a80-7e1c-82ef-4f272730834c ModelID:01a0c29d-4eb1-7783-97c7-074020149ec1 Sequence:51 ElapsedMS:8 Kind:provider Late:false Fact:{Stage:provider_open State:running BeginMS:5 EndMS:-1 DurationMS:-1 Check:response_headers Detail:{Reason: Field: Target:-1 Actual:-1 Limit:-1 Start:-1 End:-1 ExpectedType: ActualType:}} Provider:0xc0000b5cc0 Outcome: Refunded:false}"
2026/09/21 14:18:07 INFO generation_trace event="{RelatedRunID: ActorKind: RequestID:req_emmHscn7a75H-07HjEHKgQ RunID:01a0c29d-5a80-7e1c-82ef-4f272730834c ModelID:01a0c29d-4eb1-7783-97c7-074020149ec1 Sequence:52 ElapsedMS:8 Kind:check_end Late:false Fact:{Stage:provider_open State:ok BeginMS:5 EndMS:8 DurationMS:3 Check:response_headers Detail:{Reason: Field: Target:-1 Actual:-1 Limit:-1 Start:-1 End:-1 ExpectedType: ActualType:}} Provider:<nil> Outcome: Refunded:false}"
2026/09/21 14:18:07 INFO generation_trace event="{RelatedRunID: ActorKind: RequestID:req_emmHscn7a75H-07HjEHKgQ RunID:01a0c29d-5a80-7e1c-82ef-4f272730834c ModelID:01a0c29d-4eb1-7783-97c7-074020149ec1 Sequence:53 ElapsedMS:8 Kind:stage_end Late:false Fact:{Stage:provider_open State:ok BeginMS:5 EndMS:8 DurationMS:3 Check:response_headers Detail:{Reason: Field: Target:-1 Actual:-1 Limit:-1 Start:-1 End:-1 ExpectedType: ActualType:}} Provider:<nil> Outcome: Refunded:false}"
2026/09/21 14:18:07 INFO generation_trace event="{RelatedRunID: ActorKind: RequestID:req_emmHscn7a75H-07HjEHKgQ RunID:01a0c29d-5a80-7e1c-82ef-4f272730834c ModelID:01a0c29d-4eb1-7783-97c7-074020149ec1 Sequence:54 ElapsedMS:8 Kind:stage_begin Late:false Fact:{Stage:delivery State:running BeginMS:8 EndMS:-1 DurationMS:-1 Check: Detail:{Reason: Field: Target:-1 Actual:-1 Limit:-1 Start:-1 End:-1 ExpectedType: ActualType:}} Provider:<nil> Outcome: Refunded:false}"
2026/09/21 14:18:07 INFO generation_trace event="{RelatedRunID: ActorKind: RequestID:req_emmHscn7a75H-07HjEHKgQ RunID:01a0c29d-5a80-7e1c-82ef-4f272730834c ModelID:01a0c29d-4eb1-7783-97c7-074020149ec1 Sequence:55 ElapsedMS:8 Kind:fact Late:false Fact:{Stage:delivery State:running BeginMS:8 EndMS:-1 DurationMS:-1 Check:started Detail:{Reason: Field: Target:-1 Actual:192 Limit:-1 Start:-1 End:-1 ExpectedType: ActualType:}} Provider:<nil> Outcome: Refunded:false}"
2026/09/21 14:18:07 INFO generation_trace event="{RelatedRunID: ActorKind: RequestID:req_emmHscn7a75H-07HjEHKgQ RunID:01a0c29d-5a80-7e1c-82ef-4f272730834c ModelID:01a0c29d-4eb1-7783-97c7-074020149ec1 Sequence:56 ElapsedMS:8 Kind:stage_begin Late:false Fact:{Stage:provider_stream State:running BeginMS:8 EndMS:-1 DurationMS:-1 Check: Detail:{Reason: Field: Target:-1 Actual:-1 Limit:-1 Start:-1 End:-1 ExpectedType: ActualType:}} Provider:<nil> Outcome: Refunded:false}"
2026/09/21 14:18:07 INFO generation_trace event="{RelatedRunID: ActorKind: RequestID:req_emmHscn7a75H-07HjEHKgQ RunID:01a0c29d-5a80-7e1c-82ef-4f272730834c ModelID:01a0c29d-4eb1-7783-97c7-074020149ec1 Sequence:57 ElapsedMS:8 Kind:fact Late:false Fact:{Stage:provider_stream State:running BeginMS:8 EndMS:-1 DurationMS:-1 Check:frame Detail:{Reason: Field: Target:-1 Actual:1 Limit:-1 Start:-1 End:690 ExpectedType: ActualType:}} Provider:<nil> Outcome: Refunded:false}"
2026/09/21 14:18:07 INFO generation_trace event="{RelatedRunID: ActorKind: RequestID:req_emmHscn7a75H-07HjEHKgQ RunID:01a0c29d-5a80-7e1c-82ef-4f272730834c ModelID:01a0c29d-4eb1-7783-97c7-074020149ec1 Sequence:58 ElapsedMS:8 Kind:provider Late:false Fact:{Stage:provider_stream State:running BeginMS:8 EndMS:-1 DurationMS:-1 Check: Detail:{Reason: Field: Target:-1 Actual:-1 Limit:-1 Start:-1 End:-1 ExpectedType: ActualType:}} Provider:0xc001964960 Outcome: Refunded:false}"
2026/09/21 14:18:07 INFO generation_trace event="{RelatedRunID: ActorKind: RequestID:req_emmHscn7a75H-07HjEHKgQ RunID:01a0c29d-5a80-7e1c-82ef-4f272730834c ModelID:01a0c29d-4eb1-7783-97c7-074020149ec1 Sequence:59 ElapsedMS:8 Kind:first_provider_content Late:false Fact:{Stage:provider_stream State:running BeginMS:8 EndMS:-1 DurationMS:-1 Check:content Detail:{Reason: Field: Target:-1 Actual:632 Limit:16777216 Start:0 End:632 ExpectedType: ActualType:}} Provider:<nil> Outcome: Refunded:false}"
2026/09/21 14:18:07 INFO generation_trace event="{RelatedRunID: ActorKind: RequestID:req_emmHscn7a75H-07HjEHKgQ RunID:01a0c29d-5a80-7e1c-82ef-4f272730834c ModelID:01a0c29d-4eb1-7783-97c7-074020149ec1 Sequence:60 ElapsedMS:9 Kind:fact Late:false Fact:{Stage:provider_stream State:running BeginMS:8 EndMS:-1 DurationMS:-1 Check:content Detail:{Reason: Field: Target:-1 Actual:632 Limit:16777216 Start:0 End:632 ExpectedType: ActualType:}} Provider:<nil> Outcome: Refunded:false}"
2026/09/21 14:18:07 INFO generation_trace event="{RelatedRunID: ActorKind: RequestID:req_emmHscn7a75H-07HjEHKgQ RunID:01a0c29d-5a80-7e1c-82ef-4f272730834c ModelID:01a0c29d-4eb1-7783-97c7-074020149ec1 Sequence:61 ElapsedMS:9 Kind:stage_begin Late:false Fact:{Stage:passage_decode State:running BeginMS:9 EndMS:-1 DurationMS:-1 Check: Detail:{Reason: Field: Target:-1 Actual:-1 Limit:-1 Start:-1 End:-1 ExpectedType: ActualType:}} Provider:<nil> Outcome: Refunded:false}"
2026/09/21 14:18:07 INFO generation_trace event="{RelatedRunID: ActorKind: RequestID:req_emmHscn7a75H-07HjEHKgQ RunID:01a0c29d-5a80-7e1c-82ef-4f272730834c ModelID:01a0c29d-4eb1-7783-97c7-074020149ec1 Sequence:62 ElapsedMS:9 Kind:stage_end Late:false Fact:{Stage:provider_stream State:ok BeginMS:8 EndMS:9 DurationMS:1 Check: Detail:{Reason: Field: Target:-1 Actual:-1 Limit:-1 Start:-1 End:-1 ExpectedType: ActualType:}} Provider:<nil> Outcome: Refunded:false}"
2026/09/21 14:18:07 INFO generation_trace event="{RelatedRunID: ActorKind: RequestID:req_emmHscn7a75H-07HjEHKgQ RunID:01a0c29d-5a80-7e1c-82ef-4f272730834c ModelID:01a0c29d-4eb1-7783-97c7-074020149ec1 Sequence:63 ElapsedMS:9 Kind:stage_begin Late:false Fact:{Stage:candidate_decode State:running BeginMS:9 EndMS:-1 DurationMS:-1 Check: Detail:{Reason: Field: Target:-1 Actual:-1 Limit:-1 Start:-1 End:-1 ExpectedType: ActualType:}} Provider:<nil> Outcome: Refunded:false}"
2026/09/21 14:18:07 INFO generation_trace event="{RelatedRunID: ActorKind: RequestID:req_emmHscn7a75H-07HjEHKgQ RunID:01a0c29d-5a80-7e1c-82ef-4f272730834c ModelID:01a0c29d-4eb1-7783-97c7-074020149ec1 Sequence:64 ElapsedMS:9 Kind:check_begin Late:false Fact:{Stage:candidate_decode State:running BeginMS:9 EndMS:-1 DurationMS:-1 Check:json_schema Detail:{Reason: Field: Target:-1 Actual:-1 Limit:-1 Start:-1 End:-1 ExpectedType: ActualType:}} Provider:<nil> Outcome: Refunded:false}"
2026/09/21 14:18:07 INFO generation_trace event="{RelatedRunID: ActorKind: RequestID:req_emmHscn7a75H-07HjEHKgQ RunID:01a0c29d-5a80-7e1c-82ef-4f272730834c ModelID:01a0c29d-4eb1-7783-97c7-074020149ec1 Sequence:65 ElapsedMS:9 Kind:check_end Late:false Fact:{Stage:candidate_decode State:ok BeginMS:9 EndMS:-1 DurationMS:-1 Check:json_schema Detail:{Reason: Field: Target:-1 Actual:-1 Limit:-1 Start:-1 End:-1 ExpectedType: ActualType:}} Provider:<nil> Outcome: Refunded:false}"
2026/09/21 14:18:07 INFO generation_trace event="{RelatedRunID: ActorKind: RequestID:req_emmHscn7a75H-07HjEHKgQ RunID:01a0c29d-5a80-7e1c-82ef-4f272730834c ModelID:01a0c29d-4eb1-7783-97c7-074020149ec1 Sequence:66 ElapsedMS:9 Kind:check_begin Late:false Fact:{Stage:candidate_decode State:running BeginMS:9 EndMS:-1 DurationMS:-1 Check:candidate_bytes Detail:{Reason: Field: Target:-1 Actual:-1 Limit:-1 Start:-1 End:-1 ExpectedType: ActualType:}} Provider:<nil> Outcome: Refunded:false}"
2026/09/21 14:18:07 INFO generation_trace event="{RelatedRunID: ActorKind: RequestID:req_emmHscn7a75H-07HjEHKgQ RunID:01a0c29d-5a80-7e1c-82ef-4f272730834c ModelID:01a0c29d-4eb1-7783-97c7-074020149ec1 Sequence:67 ElapsedMS:9 Kind:fact Late:false Fact:{Stage:candidate_decode State:running BeginMS:9 EndMS:-1 DurationMS:-1 Check:candidate_bytes Detail:{Reason: Field: Target:-1 Actual:632 Limit:16777216 Start:-1 End:-1 ExpectedType: ActualType:}} Provider:<nil> Outcome: Refunded:false}"
2026/09/21 14:18:07 INFO generation_trace event="{RelatedRunID: ActorKind: RequestID:req_emmHscn7a75H-07HjEHKgQ RunID:01a0c29d-5a80-7e1c-82ef-4f272730834c ModelID:01a0c29d-4eb1-7783-97c7-074020149ec1 Sequence:68 ElapsedMS:9 Kind:check_end Late:false Fact:{Stage:candidate_decode State:ok BeginMS:9 EndMS:-1 DurationMS:-1 Check:candidate_bytes Detail:{Reason: Field: Target:-1 Actual:-1 Limit:-1 Start:-1 End:-1 ExpectedType: ActualType:}} Provider:<nil> Outcome: Refunded:false}"
2026/09/21 14:18:07 INFO generation_trace event="{RelatedRunID: ActorKind: RequestID:req_emmHscn7a75H-07HjEHKgQ RunID:01a0c29d-5a80-7e1c-82ef-4f272730834c ModelID:01a0c29d-4eb1-7783-97c7-074020149ec1 Sequence:69 ElapsedMS:9 Kind:check_begin Late:false Fact:{Stage:candidate_decode State:running BeginMS:9 EndMS:-1 DurationMS:-1 Check:candidate_encoding Detail:{Reason: Field: Target:-1 Actual:-1 Limit:-1 Start:-1 End:-1 ExpectedType: ActualType:}} Provider:<nil> Outcome: Refunded:false}"
2026/09/21 14:18:07 INFO generation_trace event="{RelatedRunID: ActorKind: RequestID:req_emmHscn7a75H-07HjEHKgQ RunID:01a0c29d-5a80-7e1c-82ef-4f272730834c ModelID:01a0c29d-4eb1-7783-97c7-074020149ec1 Sequence:70 ElapsedMS:9 Kind:first_browser_content Late:false Fact:{Stage:delivery State:running BeginMS:8 EndMS:-1 DurationMS:-1 Check:delta Detail:{Reason: Field: Target:-1 Actual:465 Limit:-1 Start:-1 End:-1 ExpectedType: ActualType:}} Provider:<nil> Outcome: Refunded:false}"
2026/09/21 14:18:07 INFO generation_trace event="{RelatedRunID: ActorKind: RequestID:req_emmHscn7a75H-07HjEHKgQ RunID:01a0c29d-5a80-7e1c-82ef-4f272730834c ModelID:01a0c29d-4eb1-7783-97c7-074020149ec1 Sequence:71 ElapsedMS:9 Kind:fact Late:false Fact:{Stage:delivery State:running BeginMS:8 EndMS:-1 DurationMS:-1 Check:delta Detail:{Reason: Field: Target:-1 Actual:465 Limit:-1 Start:-1 End:-1 ExpectedType: ActualType:}} Provider:<nil> Outcome: Refunded:false}"
2026/09/21 14:18:07 INFO generation_trace event="{RelatedRunID: ActorKind: RequestID:req_emmHscn7a75H-07HjEHKgQ RunID:01a0c29d-5a80-7e1c-82ef-4f272730834c ModelID:01a0c29d-4eb1-7783-97c7-074020149ec1 Sequence:72 ElapsedMS:9 Kind:check_end Late:false Fact:{Stage:candidate_decode State:ok BeginMS:9 EndMS:-1 DurationMS:-1 Check:candidate_encoding Detail:{Reason: Field: Target:-1 Actual:-1 Limit:-1 Start:-1 End:-1 ExpectedType: ActualType:}} Provider:<nil> Outcome: Refunded:false}"
2026/09/21 14:18:07 INFO generation_trace event="{RelatedRunID: ActorKind: RequestID:req_emmHscn7a75H-07HjEHKgQ RunID:01a0c29d-5a80-7e1c-82ef-4f272730834c ModelID:01a0c29d-4eb1-7783-97c7-074020149ec1 Sequence:73 ElapsedMS:9 Kind:check_begin Late:false Fact:{Stage:candidate_decode State:running BeginMS:9 EndMS:-1 DurationMS:-1 Check:candidate_nonempty Detail:{Reason: Field: Target:-1 Actual:-1 Limit:-1 Start:-1 End:-1 ExpectedType: ActualType:}} Provider:<nil> Outcome: Refunded:false}"
2026/09/21 14:18:07 INFO generation_trace event="{RelatedRunID: ActorKind: RequestID:req_emmHscn7a75H-07HjEHKgQ RunID:01a0c29d-5a80-7e1c-82ef-4f272730834c ModelID:01a0c29d-4eb1-7783-97c7-074020149ec1 Sequence:74 ElapsedMS:10 Kind:check_end Late:false Fact:{Stage:candidate_decode State:ok BeginMS:9 EndMS:-1 DurationMS:-1 Check:candidate_nonempty Detail:{Reason: Field: Target:-1 Actual:-1 Limit:-1 Start:-1 End:-1 ExpectedType: ActualType:}} Provider:<nil> Outcome: Refunded:false}"
2026/09/21 14:18:07 INFO generation_trace event="{RelatedRunID: ActorKind: RequestID:req_emmHscn7a75H-07HjEHKgQ RunID:01a0c29d-5a80-7e1c-82ef-4f272730834c ModelID:01a0c29d-4eb1-7783-97c7-074020149ec1 Sequence:75 ElapsedMS:10 Kind:check_begin Late:false Fact:{Stage:candidate_decode State:running BeginMS:9 EndMS:-1 DurationMS:-1 Check:passage_first Detail:{Reason: Field: Target:-1 Actual:-1 Limit:-1 Start:-1 End:-1 ExpectedType: ActualType:}} Provider:<nil> Outcome: Refunded:false}"
2026/09/21 14:18:07 INFO generation_trace event="{RelatedRunID: ActorKind: RequestID:req_emmHscn7a75H-07HjEHKgQ RunID:01a0c29d-5a80-7e1c-82ef-4f272730834c ModelID:01a0c29d-4eb1-7783-97c7-074020149ec1 Sequence:76 ElapsedMS:10 Kind:check_end Late:false Fact:{Stage:candidate_decode State:ok BeginMS:9 EndMS:-1 DurationMS:-1 Check:passage_first Detail:{Reason: Field: Target:-1 Actual:-1 Limit:-1 Start:-1 End:-1 ExpectedType: ActualType:}} Provider:<nil> Outcome: Refunded:false}"
2026/09/21 14:18:07 INFO generation_trace event="{RelatedRunID: ActorKind: RequestID:req_emmHscn7a75H-07HjEHKgQ RunID:01a0c29d-5a80-7e1c-82ef-4f272730834c ModelID:01a0c29d-4eb1-7783-97c7-074020149ec1 Sequence:77 ElapsedMS:10 Kind:check_begin Late:false Fact:{Stage:candidate_decode State:running BeginMS:9 EndMS:-1 DurationMS:-1 Check:json_tokens Detail:{Reason: Field: Target:-1 Actual:-1 Limit:-1 Start:-1 End:-1 ExpectedType: ActualType:}} Provider:<nil> Outcome: Refunded:false}"
2026/09/21 14:18:07 INFO generation_trace event="{RelatedRunID: ActorKind: RequestID:req_emmHscn7a75H-07HjEHKgQ RunID:01a0c29d-5a80-7e1c-82ef-4f272730834c ModelID:01a0c29d-4eb1-7783-97c7-074020149ec1 Sequence:78 ElapsedMS:10 Kind:check_end Late:false Fact:{Stage:candidate_decode State:ok BeginMS:9 EndMS:-1 DurationMS:-1 Check:json_tokens Detail:{Reason: Field: Target:-1 Actual:-1 Limit:-1 Start:-1 End:-1 ExpectedType: ActualType:}} Provider:<nil> Outcome: Refunded:false}"
2026/09/21 14:18:07 INFO generation_trace event="{RelatedRunID: ActorKind: RequestID:req_emmHscn7a75H-07HjEHKgQ RunID:01a0c29d-5a80-7e1c-82ef-4f272730834c ModelID:01a0c29d-4eb1-7783-97c7-074020149ec1 Sequence:79 ElapsedMS:10 Kind:check_begin Late:false Fact:{Stage:candidate_decode State:running BeginMS:9 EndMS:-1 DurationMS:-1 Check:candidate_keys Detail:{Reason: Field: Target:-1 Actual:-1 Limit:-1 Start:-1 End:-1 ExpectedType: ActualType:}} Provider:<nil> Outcome: Refunded:false}"
2026/09/21 14:18:07 INFO generation_trace event="{RelatedRunID: ActorKind: RequestID:req_emmHscn7a75H-07HjEHKgQ RunID:01a0c29d-5a80-7e1c-82ef-4f272730834c ModelID:01a0c29d-4eb1-7783-97c7-074020149ec1 Sequence:80 ElapsedMS:10 Kind:check_end Late:false Fact:{Stage:candidate_decode State:ok BeginMS:9 EndMS:-1 DurationMS:-1 Check:candidate_keys Detail:{Reason: Field: Target:-1 Actual:-1 Limit:-1 Start:-1 End:-1 ExpectedType: ActualType:}} Provider:<nil> Outcome: Refunded:false}"
2026/09/21 14:18:07 INFO generation_trace event="{RelatedRunID: ActorKind: RequestID:req_emmHscn7a75H-07HjEHKgQ RunID:01a0c29d-5a80-7e1c-82ef-4f272730834c ModelID:01a0c29d-4eb1-7783-97c7-074020149ec1 Sequence:81 ElapsedMS:10 Kind:check_begin Late:false Fact:{Stage:candidate_decode State:running BeginMS:9 EndMS:-1 DurationMS:-1 Check:targets_type Detail:{Reason: Field: Target:-1 Actual:-1 Limit:-1 Start:-1 End:-1 ExpectedType: ActualType:}} Provider:<nil> Outcome: Refunded:false}"
2026/09/21 14:18:07 INFO generation_trace event="{RelatedRunID: ActorKind: RequestID:req_emmHscn7a75H-07HjEHKgQ RunID:01a0c29d-5a80-7e1c-82ef-4f272730834c ModelID:01a0c29d-4eb1-7783-97c7-074020149ec1 Sequence:82 ElapsedMS:10 Kind:check_end Late:false Fact:{Stage:candidate_decode State:ok BeginMS:9 EndMS:-1 DurationMS:-1 Check:targets_type Detail:{Reason: Field: Target:-1 Actual:-1 Limit:-1 Start:-1 End:-1 ExpectedType: ActualType:}} Provider:<nil> Outcome: Refunded:false}"
2026/09/21 14:18:07 INFO generation_trace event="{RelatedRunID: ActorKind: RequestID:req_emmHscn7a75H-07HjEHKgQ RunID:01a0c29d-5a80-7e1c-82ef-4f272730834c ModelID:01a0c29d-4eb1-7783-97c7-074020149ec1 Sequence:83 ElapsedMS:10 Kind:check_begin Late:false Fact:{Stage:candidate_decode State:running BeginMS:9 EndMS:-1 DurationMS:-1 Check:target_keys Detail:{Reason: Field: Target:0 Actual:-1 Limit:-1 Start:-1 End:-1 ExpectedType: ActualType:}} Provider:<nil> Outcome: Refunded:false}"
2026/09/21 14:18:07 INFO generation_trace event="{RelatedRunID: ActorKind: RequestID:req_emmHscn7a75H-07HjEHKgQ RunID:01a0c29d-5a80-7e1c-82ef-4f272730834c ModelID:01a0c29d-4eb1-7783-97c7-074020149ec1 Sequence:84 ElapsedMS:10 Kind:fact Late:false Fact:{Stage:candidate_decode State:running BeginMS:9 EndMS:-1 DurationMS:-1 Check:target_keys Detail:{Reason: Field:targets Target:0 Actual:2 Limit:2 Start:-1 End:-1 ExpectedType: ActualType:}} Provider:<nil> Outcome: Refunded:false}"
2026/09/21 14:18:07 INFO generation_trace event="{RelatedRunID: ActorKind: RequestID:req_emmHscn7a75H-07HjEHKgQ RunID:01a0c29d-5a80-7e1c-82ef-4f272730834c ModelID:01a0c29d-4eb1-7783-97c7-074020149ec1 Sequence:85 ElapsedMS:10 Kind:check_end Late:false Fact:{Stage:candidate_decode State:ok BeginMS:9 EndMS:-1 DurationMS:-1 Check:target_keys Detail:{Reason: Field: Target:0 Actual:-1 Limit:-1 Start:-1 End:-1 ExpectedType: ActualType:}} Provider:<nil> Outcome: Refunded:false}"
2026/09/21 14:18:07 INFO generation_trace event="{RelatedRunID: ActorKind: RequestID:req_emmHscn7a75H-07HjEHKgQ RunID:01a0c29d-5a80-7e1c-82ef-4f272730834c ModelID:01a0c29d-4eb1-7783-97c7-074020149ec1 Sequence:86 ElapsedMS:10 Kind:check_begin Late:false Fact:{Stage:candidate_decode State:running BeginMS:9 EndMS:-1 DurationMS:-1 Check:json_decode Detail:{Reason: Field: Target:0 Actual:-1 Limit:-1 Start:-1 End:-1 ExpectedType: ActualType:}} Provider:<nil> Outcome: Refunded:false}"
2026/09/21 14:18:07 INFO generation_trace event="{RelatedRunID: ActorKind: RequestID:req_emmHscn7a75H-07HjEHKgQ RunID:01a0c29d-5a80-7e1c-82ef-4f272730834c ModelID:01a0c29d-4eb1-7783-97c7-074020149ec1 Sequence:87 ElapsedMS:11 Kind:check_end Late:false Fact:{Stage:candidate_decode State:ok BeginMS:9 EndMS:-1 DurationMS:-1 Check:json_decode Detail:{Reason: Field: Target:0 Actual:-1 Limit:-1 Start:-1 End:-1 ExpectedType: ActualType:}} Provider:<nil> Outcome: Refunded:false}"
2026/09/21 14:18:07 INFO generation_trace event="{RelatedRunID: ActorKind: RequestID:req_emmHscn7a75H-07HjEHKgQ RunID:01a0c29d-5a80-7e1c-82ef-4f272730834c ModelID:01a0c29d-4eb1-7783-97c7-074020149ec1 Sequence:88 ElapsedMS:11 Kind:check_begin Late:false Fact:{Stage:candidate_decode State:running BeginMS:9 EndMS:-1 DurationMS:-1 Check:json_decode Detail:{Reason: Field: Target:-1 Actual:-1 Limit:-1 Start:-1 End:-1 ExpectedType: ActualType:}} Provider:<nil> Outcome: Refunded:false}"
2026/09/21 14:18:07 INFO generation_trace event="{RelatedRunID: ActorKind: RequestID:req_emmHscn7a75H-07HjEHKgQ RunID:01a0c29d-5a80-7e1c-82ef-4f272730834c ModelID:01a0c29d-4eb1-7783-97c7-074020149ec1 Sequence:89 ElapsedMS:11 Kind:check_end Late:false Fact:{Stage:candidate_decode State:ok BeginMS:9 EndMS:-1 DurationMS:-1 Check:json_decode Detail:{Reason: Field: Target:-1 Actual:-1 Limit:-1 Start:-1 End:-1 ExpectedType: ActualType:}} Provider:<nil> Outcome: Refunded:false}"
2026/09/21 14:18:07 INFO generation_trace event="{RelatedRunID: ActorKind: RequestID:req_emmHscn7a75H-07HjEHKgQ RunID:01a0c29d-5a80-7e1c-82ef-4f272730834c ModelID:01a0c29d-4eb1-7783-97c7-074020149ec1 Sequence:90 ElapsedMS:11 Kind:check_begin Late:false Fact:{Stage:candidate_decode State:running BeginMS:9 EndMS:-1 DurationMS:-1 Check:json_tail Detail:{Reason: Field: Target:-1 Actual:-1 Limit:-1 Start:-1 End:-1 ExpectedType: ActualType:}} Provider:<nil> Outcome: Refunded:false}"
2026/09/21 14:18:07 INFO generation_trace event="{RelatedRunID: ActorKind: RequestID:req_emmHscn7a75H-07HjEHKgQ RunID:01a0c29d-5a80-7e1c-82ef-4f272730834c ModelID:01a0c29d-4eb1-7783-97c7-074020149ec1 Sequence:91 ElapsedMS:11 Kind:check_end Late:false Fact:{Stage:candidate_decode State:ok BeginMS:9 EndMS:-1 DurationMS:-1 Check:json_tail Detail:{Reason: Field: Target:-1 Actual:-1 Limit:-1 Start:-1 End:-1 ExpectedType: ActualType:}} Provider:<nil> Outcome: Refunded:false}"
2026/09/21 14:18:07 INFO generation_trace event="{RelatedRunID: ActorKind: RequestID:req_emmHscn7a75H-07HjEHKgQ RunID:01a0c29d-5a80-7e1c-82ef-4f272730834c ModelID:01a0c29d-4eb1-7783-97c7-074020149ec1 Sequence:92 ElapsedMS:11 Kind:check_begin Late:false Fact:{Stage:candidate_decode State:running BeginMS:9 EndMS:-1 DurationMS:-1 Check:passage_nonempty Detail:{Reason: Field: Target:-1 Actual:-1 Limit:-1 Start:-1 End:-1 ExpectedType: ActualType:}} Provider:<nil> Outcome: Refunded:false}"
2026/09/21 14:18:07 INFO generation_trace event="{RelatedRunID: ActorKind: RequestID:req_emmHscn7a75H-07HjEHKgQ RunID:01a0c29d-5a80-7e1c-82ef-4f272730834c ModelID:01a0c29d-4eb1-7783-97c7-074020149ec1 Sequence:93 ElapsedMS:11 Kind:check_end Late:false Fact:{Stage:candidate_decode State:ok BeginMS:9 EndMS:-1 DurationMS:-1 Check:passage_nonempty Detail:{Reason: Field: Target:-1 Actual:-1 Limit:-1 Start:-1 End:-1 ExpectedType: ActualType:}} Provider:<nil> Outcome: Refunded:false}"
2026/09/21 14:18:07 INFO generation_trace event="{RelatedRunID: ActorKind: RequestID:req_emmHscn7a75H-07HjEHKgQ RunID:01a0c29d-5a80-7e1c-82ef-4f272730834c ModelID:01a0c29d-4eb1-7783-97c7-074020149ec1 Sequence:94 ElapsedMS:11 Kind:check_begin Late:false Fact:{Stage:candidate_decode State:running BeginMS:9 EndMS:-1 DurationMS:-1 Check:tag_count Detail:{Reason: Field: Target:-1 Actual:-1 Limit:-1 Start:-1 End:-1 ExpectedType: ActualType:}} Provider:<nil> Outcome: Refunded:false}"
2026/09/21 14:18:07 INFO generation_trace event="{RelatedRunID: ActorKind: RequestID:req_emmHscn7a75H-07HjEHKgQ RunID:01a0c29d-5a80-7e1c-82ef-4f272730834c ModelID:01a0c29d-4eb1-7783-97c7-074020149ec1 Sequence:95 ElapsedMS:11 Kind:fact Late:false Fact:{Stage:candidate_decode State:running BeginMS:9 EndMS:-1 DurationMS:-1 Check:tag_count Detail:{Reason: Field:tags Target:-1 Actual:1 Limit:3 Start:-1 End:-1 ExpectedType: ActualType:}} Provider:<nil> Outcome: Refunded:false}"
2026/09/21 14:18:07 INFO generation_trace event="{RelatedRunID: ActorKind: RequestID:req_emmHscn7a75H-07HjEHKgQ RunID:01a0c29d-5a80-7e1c-82ef-4f272730834c ModelID:01a0c29d-4eb1-7783-97c7-074020149ec1 Sequence:96 ElapsedMS:11 Kind:check_end Late:false Fact:{Stage:candidate_decode State:ok BeginMS:9 EndMS:-1 DurationMS:-1 Check:tag_count Detail:{Reason: Field: Target:-1 Actual:-1 Limit:-1 Start:-1 End:-1 ExpectedType: ActualType:}} Provider:<nil> Outcome: Refunded:false}"
2026/09/21 14:18:07 INFO generation_trace event="{RelatedRunID: ActorKind: RequestID:req_emmHscn7a75H-07HjEHKgQ RunID:01a0c29d-5a80-7e1c-82ef-4f272730834c ModelID:01a0c29d-4eb1-7783-97c7-074020149ec1 Sequence:97 ElapsedMS:11 Kind:check_begin Late:false Fact:{Stage:candidate_decode State:running BeginMS:9 EndMS:-1 DurationMS:-1 Check:targets_nonnull Detail:{Reason: Field: Target:-1 Actual:-1 Limit:-1 Start:-1 End:-1 ExpectedType: ActualType:}} Provider:<nil> Outcome: Refunded:false}"
2026/09/21 14:18:07 INFO generation_trace event="{RelatedRunID: ActorKind: RequestID:req_emmHscn7a75H-07HjEHKgQ RunID:01a0c29d-5a80-7e1c-82ef-4f272730834c ModelID:01a0c29d-4eb1-7783-97c7-074020149ec1 Sequence:98 ElapsedMS:11 Kind:check_end Late:false Fact:{Stage:candidate_decode State:ok BeginMS:9 EndMS:-1 DurationMS:-1 Check:targets_nonnull Detail:{Reason: Field: Target:-1 Actual:-1 Limit:-1 Start:-1 End:-1 ExpectedType: ActualType:}} Provider:<nil> Outcome: Refunded:false}"
2026/09/21 14:18:07 INFO generation_trace event="{RelatedRunID: ActorKind: RequestID:req_emmHscn7a75H-07HjEHKgQ RunID:01a0c29d-5a80-7e1c-82ef-4f272730834c ModelID:01a0c29d-4eb1-7783-97c7-074020149ec1 Sequence:99 ElapsedMS:11 Kind:check_begin Late:false Fact:{Stage:candidate_decode State:running BeginMS:9 EndMS:-1 DurationMS:-1 Check:tag_size Detail:{Reason: Field: Target:-1 Actual:-1 Limit:-1 Start:-1 End:-1 ExpectedType: ActualType:}} Provider:<nil> Outcome: Refunded:false}"
2026/09/21 14:18:07 INFO generation_trace event="{RelatedRunID: ActorKind: RequestID:req_emmHscn7a75H-07HjEHKgQ RunID:01a0c29d-5a80-7e1c-82ef-4f272730834c ModelID:01a0c29d-4eb1-7783-97c7-074020149ec1 Sequence:100 ElapsedMS:11 Kind:fact Late:false Fact:{Stage:candidate_decode State:running BeginMS:9 EndMS:-1 DurationMS:-1 Check:tag_size Detail:{Reason: Field:tags Target:-1 Actual:5 Limit:100 Start:-1 End:-1 ExpectedType: ActualType:}} Provider:<nil> Outcome: Refunded:false}"
2026/09/21 14:18:07 INFO generation_trace event="{RelatedRunID: ActorKind: RequestID:req_emmHscn7a75H-07HjEHKgQ RunID:01a0c29d-5a80-7e1c-82ef-4f272730834c ModelID:01a0c29d-4eb1-7783-97c7-074020149ec1 Sequence:101 ElapsedMS:11 Kind:check_end Late:false Fact:{Stage:candidate_decode State:ok BeginMS:9 EndMS:-1 DurationMS:-1 Check:tag_size Detail:{Reason: Field: Target:-1 Actual:-1 Limit:-1 Start:-1 End:-1 ExpectedType: ActualType:}} Provider:<nil> Outcome: Refunded:false}"
2026/09/21 14:18:07 INFO generation_trace event="{RelatedRunID: ActorKind: RequestID:req_emmHscn7a75H-07HjEHKgQ RunID:01a0c29d-5a80-7e1c-82ef-4f272730834c ModelID:01a0c29d-4eb1-7783-97c7-074020149ec1 Sequence:102 ElapsedMS:12 Kind:check_begin Late:false Fact:{Stage:candidate_decode State:running BeginMS:9 EndMS:-1 DurationMS:-1 Check:source_entry_size Detail:{Reason: Field: Target:0 Actual:-1 Limit:-1 Start:-1 End:-1 ExpectedType: ActualType:}} Provider:<nil> Outcome: Refunded:false}"
2026/09/21 14:18:07 INFO generation_trace event="{RelatedRunID: ActorKind: RequestID:req_emmHscn7a75H-07HjEHKgQ RunID:01a0c29d-5a80-7e1c-82ef-4f272730834c ModelID:01a0c29d-4eb1-7783-97c7-074020149ec1 Sequence:103 ElapsedMS:12 Kind:fact Late:false Fact:{Stage:candidate_decode State:running BeginMS:9 EndMS:-1 DurationMS:-1 Check:source_entry_size Detail:{Reason: Field:source_entry Target:0 Actual:5 Limit:128 Start:-1 End:-1 ExpectedType: ActualType:}} Provider:<nil> Outcome: Refunded:false}"
2026/09/21 14:18:07 INFO generation_trace event="{RelatedRunID: ActorKind: RequestID:req_emmHscn7a75H-07HjEHKgQ RunID:01a0c29d-5a80-7e1c-82ef-4f272730834c ModelID:01a0c29d-4eb1-7783-97c7-074020149ec1 Sequence:104 ElapsedMS:12 Kind:check_end Late:false Fact:{Stage:candidate_decode State:ok BeginMS:9 EndMS:-1 DurationMS:-1 Check:source_entry_size Detail:{Reason: Field: Target:0 Actual:-1 Limit:-1 Start:-1 End:-1 ExpectedType: ActualType:}} Provider:<nil> Outcome: Refunded:false}"
2026/09/21 14:18:07 INFO generation_trace event="{RelatedRunID: ActorKind: RequestID:req_emmHscn7a75H-07HjEHKgQ RunID:01a0c29d-5a80-7e1c-82ef-4f272730834c ModelID:01a0c29d-4eb1-7783-97c7-074020149ec1 Sequence:105 ElapsedMS:12 Kind:check_begin Late:false Fact:{Stage:candidate_decode State:running BeginMS:9 EndMS:-1 DurationMS:-1 Check:meaning_size Detail:{Reason: Field: Target:0 Actual:-1 Limit:-1 Start:-1 End:-1 ExpectedType: ActualType:}} Provider:<nil> Outcome: Refunded:false}"
2026/09/21 14:18:07 INFO generation_trace event="{RelatedRunID: ActorKind: RequestID:req_emmHscn7a75H-07HjEHKgQ RunID:01a0c29d-5a80-7e1c-82ef-4f272730834c ModelID:01a0c29d-4eb1-7783-97c7-074020149ec1 Sequence:106 ElapsedMS:12 Kind:fact Late:false Fact:{Stage:candidate_decode State:running BeginMS:9 EndMS:-1 DurationMS:-1 Check:meaning_size Detail:{Reason: Field:entry_meaning Target:0 Actual:28 Limit:500 Start:-1 End:-1 ExpectedType: ActualType:}} Provider:<nil> Outcome: Refunded:false}"
2026/09/21 14:18:07 INFO generation_trace event="{RelatedRunID: ActorKind: RequestID:req_emmHscn7a75H-07HjEHKgQ RunID:01a0c29d-5a80-7e1c-82ef-4f272730834c ModelID:01a0c29d-4eb1-7783-97c7-074020149ec1 Sequence:107 ElapsedMS:12 Kind:check_end Late:false Fact:{Stage:candidate_decode State:ok BeginMS:9 EndMS:-1 DurationMS:-1 Check:meaning_size Detail:{Reason: Field: Target:0 Actual:-1 Limit:-1 Start:-1 End:-1 ExpectedType: ActualType:}} Provider:<nil> Outcome: Refunded:false}"
2026/09/21 14:18:07 INFO generation_trace event="{RelatedRunID: ActorKind: RequestID:req_emmHscn7a75H-07HjEHKgQ RunID:01a0c29d-5a80-7e1c-82ef-4f272730834c ModelID:01a0c29d-4eb1-7783-97c7-074020149ec1 Sequence:108 ElapsedMS:12 Kind:check_begin Late:false Fact:{Stage:candidate_decode State:running BeginMS:9 EndMS:-1 DurationMS:-1 Check:hint_size Detail:{Reason: Field: Target:0 Actual:-1 Limit:-1 Start:-1 End:-1 ExpectedType: ActualType:}} Provider:<nil> Outcome: Refunded:false}"
2026/09/21 14:18:07 INFO generation_trace event="{RelatedRunID: ActorKind: RequestID:req_emmHscn7a75H-07HjEHKgQ RunID:01a0c29d-5a80-7e1c-82ef-4f272730834c ModelID:01a0c29d-4eb1-7783-97c7-074020149ec1 Sequence:109 ElapsedMS:12 Kind:fact Late:false Fact:{Stage:candidate_decode State:running BeginMS:9 EndMS:-1 DurationMS:-1 Check:hint_size Detail:{Reason: Field:hint_phrase Target:0 Actual:69 Limit:65500 Start:-1 End:-1 ExpectedType: ActualType:}} Provider:<nil> Outcome: Refunded:false}"
2026/09/21 14:18:07 INFO generation_trace event="{RelatedRunID: ActorKind: RequestID:req_emmHscn7a75H-07HjEHKgQ RunID:01a0c29d-5a80-7e1c-82ef-4f272730834c ModelID:01a0c29d-4eb1-7783-97c7-074020149ec1 Sequence:110 ElapsedMS:12 Kind:check_end Late:false Fact:{Stage:candidate_decode State:ok BeginMS:9 EndMS:12 DurationMS:3 Check:hint_size Detail:{Reason: Field: Target:-1 Actual:-1 Limit:-1 Start:-1 End:-1 ExpectedType: ActualType:}} Provider:<nil> Outcome: Refunded:false}"
2026/09/21 14:18:07 INFO generation_trace event="{RelatedRunID: ActorKind: RequestID:req_emmHscn7a75H-07HjEHKgQ RunID:01a0c29d-5a80-7e1c-82ef-4f272730834c ModelID:01a0c29d-4eb1-7783-97c7-074020149ec1 Sequence:111 ElapsedMS:12 Kind:stage_end Late:false Fact:{Stage:candidate_decode State:ok BeginMS:9 EndMS:12 DurationMS:3 Check:hint_size Detail:{Reason: Field: Target:-1 Actual:-1 Limit:-1 Start:-1 End:-1 ExpectedType: ActualType:}} Provider:<nil> Outcome: Refunded:false}"
2026/09/21 14:18:07 INFO generation_trace event="{RelatedRunID: ActorKind: RequestID:req_emmHscn7a75H-07HjEHKgQ RunID:01a0c29d-5a80-7e1c-82ef-4f272730834c ModelID:01a0c29d-4eb1-7783-97c7-074020149ec1 Sequence:112 ElapsedMS:12 Kind:check_begin Late:false Fact:{Stage:passage_decode State:running BeginMS:9 EndMS:-1 DurationMS:-1 Check:clean_consistency Detail:{Reason: Field: Target:-1 Actual:-1 Limit:-1 Start:-1 End:-1 ExpectedType: ActualType:}} Provider:<nil> Outcome: Refunded:false}"
2026/09/21 14:18:07 INFO generation_trace event="{RelatedRunID: ActorKind: RequestID:req_emmHscn7a75H-07HjEHKgQ RunID:01a0c29d-5a80-7e1c-82ef-4f272730834c ModelID:01a0c29d-4eb1-7783-97c7-074020149ec1 Sequence:113 ElapsedMS:12 Kind:check_end Late:false Fact:{Stage:passage_decode State:ok BeginMS:9 EndMS:12 DurationMS:3 Check:clean_consistency Detail:{Reason: Field: Target:-1 Actual:-1 Limit:-1 Start:-1 End:-1 ExpectedType: ActualType:}} Provider:<nil> Outcome: Refunded:false}"
2026/09/21 14:18:07 INFO generation_trace event="{RelatedRunID: ActorKind: RequestID:req_emmHscn7a75H-07HjEHKgQ RunID:01a0c29d-5a80-7e1c-82ef-4f272730834c ModelID:01a0c29d-4eb1-7783-97c7-074020149ec1 Sequence:114 ElapsedMS:12 Kind:stage_end Late:false Fact:{Stage:passage_decode State:ok BeginMS:9 EndMS:12 DurationMS:3 Check:clean_consistency Detail:{Reason: Field: Target:-1 Actual:-1 Limit:-1 Start:-1 End:-1 ExpectedType: ActualType:}} Provider:<nil> Outcome: Refunded:false}"
2026/09/21 14:18:07 INFO generation_trace event="{RelatedRunID: ActorKind: RequestID:req_emmHscn7a75H-07HjEHKgQ RunID:01a0c29d-5a80-7e1c-82ef-4f272730834c ModelID:01a0c29d-4eb1-7783-97c7-074020149ec1 Sequence:115 ElapsedMS:12 Kind:fact Late:false Fact:{Stage:provider_stream State:ok BeginMS:8 EndMS:9 DurationMS:1 Check:termination Detail:{Reason:done Field: Target:-1 Actual:-1 Limit:-1 Start:-1 End:-1 ExpectedType: ActualType:}} Provider:<nil> Outcome: Refunded:false}"
2026/09/21 14:18:07 INFO generation_trace event="{RelatedRunID: ActorKind: RequestID:req_emmHscn7a75H-07HjEHKgQ RunID:01a0c29d-5a80-7e1c-82ef-4f272730834c ModelID:01a0c29d-4eb1-7783-97c7-074020149ec1 Sequence:116 ElapsedMS:13 Kind:fact Late:false Fact:{Stage:provider_stream State:ok BeginMS:8 EndMS:9 DurationMS:1 Check:receiver_exit Detail:{Reason: Field: Target:-1 Actual:-1 Limit:-1 Start:-1 End:-1 ExpectedType: ActualType:}} Provider:<nil> Outcome: Refunded:false}"
2026/09/21 14:18:07 INFO generation_trace event="{RelatedRunID: ActorKind: RequestID:req_emmHscn7a75H-07HjEHKgQ RunID:01a0c29d-5a80-7e1c-82ef-4f272730834c ModelID:01a0c29d-4eb1-7783-97c7-074020149ec1 Sequence:117 ElapsedMS:13 Kind:stage_begin Late:false Fact:{Stage:content_validate State:running BeginMS:13 EndMS:-1 DurationMS:-1 Check: Detail:{Reason: Field: Target:-1 Actual:-1 Limit:-1 Start:-1 End:-1 ExpectedType: ActualType:}} Provider:<nil> Outcome: Refunded:false}"
2026/09/21 14:18:07 INFO generation_trace event="{RelatedRunID: ActorKind: RequestID:req_emmHscn7a75H-07HjEHKgQ RunID:01a0c29d-5a80-7e1c-82ef-4f272730834c ModelID:01a0c29d-4eb1-7783-97c7-074020149ec1 Sequence:118 ElapsedMS:13 Kind:check_begin Late:false Fact:{Stage:content_validate State:running BeginMS:13 EndMS:-1 DurationMS:-1 Check:lexicon Detail:{Reason: Field: Target:-1 Actual:-1 Limit:-1 Start:-1 End:-1 ExpectedType: ActualType:}} Provider:<nil> Outcome: Refunded:false}"
2026/09/21 14:18:07 INFO generation_trace event="{RelatedRunID: ActorKind: RequestID:req_emmHscn7a75H-07HjEHKgQ RunID:01a0c29d-5a80-7e1c-82ef-4f272730834c ModelID:01a0c29d-4eb1-7783-97c7-074020149ec1 Sequence:119 ElapsedMS:13 Kind:check_end Late:false Fact:{Stage:content_validate State:ok BeginMS:13 EndMS:-1 DurationMS:-1 Check:lexicon Detail:{Reason: Field: Target:-1 Actual:-1 Limit:-1 Start:-1 End:-1 ExpectedType: ActualType:}} Provider:<nil> Outcome: Refunded:false}"
2026/09/21 14:18:07 INFO generation_trace event="{RelatedRunID: ActorKind: RequestID:req_emmHscn7a75H-07HjEHKgQ RunID:01a0c29d-5a80-7e1c-82ef-4f272730834c ModelID:01a0c29d-4eb1-7783-97c7-074020149ec1 Sequence:120 ElapsedMS:13 Kind:check_begin Late:false Fact:{Stage:content_validate State:running BeginMS:13 EndMS:-1 DurationMS:-1 Check:context Detail:{Reason: Field: Target:-1 Actual:-1 Limit:-1 Start:-1 End:-1 ExpectedType: ActualType:}} Provider:<nil> Outcome: Refunded:false}"
2026/09/21 14:18:07 INFO generation_trace event="{RelatedRunID: ActorKind: RequestID:req_emmHscn7a75H-07HjEHKgQ RunID:01a0c29d-5a80-7e1c-82ef-4f272730834c ModelID:01a0c29d-4eb1-7783-97c7-074020149ec1 Sequence:121 ElapsedMS:13 Kind:check_end Late:false Fact:{Stage:content_validate State:ok BeginMS:13 EndMS:-1 DurationMS:-1 Check:context Detail:{Reason: Field: Target:-1 Actual:-1 Limit:-1 Start:-1 End:-1 ExpectedType: ActualType:}} Provider:<nil> Outcome: Refunded:false}"
2026/09/21 14:18:07 INFO generation_trace event="{RelatedRunID: ActorKind: RequestID:req_emmHscn7a75H-07HjEHKgQ RunID:01a0c29d-5a80-7e1c-82ef-4f272730834c ModelID:01a0c29d-4eb1-7783-97c7-074020149ec1 Sequence:122 ElapsedMS:13 Kind:check_begin Late:false Fact:{Stage:content_validate State:running BeginMS:13 EndMS:-1 DurationMS:-1 Check:passage_annotations Detail:{Reason: Field: Target:-1 Actual:-1 Limit:-1 Start:-1 End:-1 ExpectedType: ActualType:}} Provider:<nil> Outcome: Refunded:false}"
2026/09/21 14:18:07 INFO generation_trace event="{RelatedRunID: ActorKind: RequestID:req_emmHscn7a75H-07HjEHKgQ RunID:01a0c29d-5a80-7e1c-82ef-4f272730834c ModelID:01a0c29d-4eb1-7783-97c7-074020149ec1 Sequence:123 ElapsedMS:14 Kind:check_end Late:false Fact:{Stage:content_validate State:ok BeginMS:13 EndMS:-1 DurationMS:-1 Check:passage_annotations Detail:{Reason: Field: Target:-1 Actual:-1 Limit:-1 Start:-1 End:-1 ExpectedType: ActualType:}} Provider:<nil> Outcome: Refunded:false}"
2026/09/21 14:18:07 INFO generation_trace event="{RelatedRunID: ActorKind: RequestID:req_emmHscn7a75H-07HjEHKgQ RunID:01a0c29d-5a80-7e1c-82ef-4f272730834c ModelID:01a0c29d-4eb1-7783-97c7-074020149ec1 Sequence:124 ElapsedMS:14 Kind:check_begin Late:false Fact:{Stage:content_validate State:running BeginMS:13 EndMS:-1 DurationMS:-1 Check:passage_ownership Detail:{Reason: Field: Target:-1 Actual:-1 Limit:-1 Start:-1 End:-1 ExpectedType: ActualType:}} Provider:<nil> Outcome: Refunded:false}"
2026/09/21 14:18:07 INFO generation_trace event="{RelatedRunID: ActorKind: RequestID:req_emmHscn7a75H-07HjEHKgQ RunID:01a0c29d-5a80-7e1c-82ef-4f272730834c ModelID:01a0c29d-4eb1-7783-97c7-074020149ec1 Sequence:125 ElapsedMS:14 Kind:check_end Late:false Fact:{Stage:content_validate State:ok BeginMS:13 EndMS:-1 DurationMS:-1 Check:passage_ownership Detail:{Reason: Field: Target:-1 Actual:-1 Limit:-1 Start:-1 End:-1 ExpectedType: ActualType:}} Provider:<nil> Outcome: Refunded:false}"
2026/09/21 14:18:07 INFO generation_trace event="{RelatedRunID: ActorKind: RequestID:req_emmHscn7a75H-07HjEHKgQ RunID:01a0c29d-5a80-7e1c-82ef-4f272730834c ModelID:01a0c29d-4eb1-7783-97c7-074020149ec1 Sequence:126 ElapsedMS:14 Kind:check_begin Late:false Fact:{Stage:content_validate State:running BeginMS:13 EndMS:-1 DurationMS:-1 Check:passage_content Detail:{Reason: Field: Target:-1 Actual:-1 Limit:-1 Start:-1 End:-1 ExpectedType: ActualType:}} Provider:<nil> Outcome: Refunded:false}"
2026/09/21 14:18:07 INFO generation_trace event="{RelatedRunID: ActorKind: RequestID:req_emmHscn7a75H-07HjEHKgQ RunID:01a0c29d-5a80-7e1c-82ef-4f272730834c ModelID:01a0c29d-4eb1-7783-97c7-074020149ec1 Sequence:127 ElapsedMS:14 Kind:check_end Late:false Fact:{Stage:content_validate State:ok BeginMS:13 EndMS:-1 DurationMS:-1 Check:passage_content Detail:{Reason: Field: Target:-1 Actual:-1 Limit:-1 Start:-1 End:-1 ExpectedType: ActualType:}} Provider:<nil> Outcome: Refunded:false}"
2026/09/21 14:18:07 INFO generation_trace event="{RelatedRunID: ActorKind: RequestID:req_emmHscn7a75H-07HjEHKgQ RunID:01a0c29d-5a80-7e1c-82ef-4f272730834c ModelID:01a0c29d-4eb1-7783-97c7-074020149ec1 Sequence:128 ElapsedMS:14 Kind:check_begin Late:false Fact:{Stage:content_validate State:running BeginMS:13 EndMS:-1 DurationMS:-1 Check:word_count Detail:{Reason: Field: Target:-1 Actual:-1 Limit:-1 Start:-1 End:-1 ExpectedType: ActualType:}} Provider:<nil> Outcome: Refunded:false}"
2026/09/21 14:18:07 INFO generation_trace event="{RelatedRunID: ActorKind: RequestID:req_emmHscn7a75H-07HjEHKgQ RunID:01a0c29d-5a80-7e1c-82ef-4f272730834c ModelID:01a0c29d-4eb1-7783-97c7-074020149ec1 Sequence:129 ElapsedMS:14 Kind:check_end Late:false Fact:{Stage:content_validate State:ok BeginMS:13 EndMS:-1 DurationMS:-1 Check:word_count Detail:{Reason: Field: Target:-1 Actual:-1 Limit:-1 Start:-1 End:-1 ExpectedType: ActualType:}} Provider:<nil> Outcome: Refunded:false}"
2026/09/21 14:18:07 INFO generation_trace event="{RelatedRunID: ActorKind: RequestID:req_emmHscn7a75H-07HjEHKgQ RunID:01a0c29d-5a80-7e1c-82ef-4f272730834c ModelID:01a0c29d-4eb1-7783-97c7-074020149ec1 Sequence:130 ElapsedMS:14 Kind:check_begin Late:false Fact:{Stage:content_validate State:running BeginMS:13 EndMS:-1 DurationMS:-1 Check:passage_language Detail:{Reason: Field: Target:-1 Actual:-1 Limit:-1 Start:-1 End:-1 ExpectedType: ActualType:}} Provider:<nil> Outcome: Refunded:false}"
2026/09/21 14:18:07 INFO generation_trace event="{RelatedRunID: ActorKind: RequestID:req_emmHscn7a75H-07HjEHKgQ RunID:01a0c29d-5a80-7e1c-82ef-4f272730834c ModelID:01a0c29d-4eb1-7783-97c7-074020149ec1 Sequence:131 ElapsedMS:14 Kind:check_end Late:false Fact:{Stage:content_validate State:ok BeginMS:13 EndMS:-1 DurationMS:-1 Check:passage_language Detail:{Reason: Field: Target:-1 Actual:-1 Limit:-1 Start:-1 End:-1 ExpectedType: ActualType:}} Provider:<nil> Outcome: Refunded:false}"
2026/09/21 14:18:07 INFO generation_trace event="{RelatedRunID: ActorKind: RequestID:req_emmHscn7a75H-07HjEHKgQ RunID:01a0c29d-5a80-7e1c-82ef-4f272730834c ModelID:01a0c29d-4eb1-7783-97c7-074020149ec1 Sequence:132 ElapsedMS:14 Kind:check_begin Late:false Fact:{Stage:content_validate State:running BeginMS:13 EndMS:-1 DurationMS:-1 Check:tag_count Detail:{Reason: Field: Target:-1 Actual:-1 Limit:-1 Start:-1 End:-1 ExpectedType: ActualType:}} Provider:<nil> Outcome: Refunded:false}"
2026/09/21 14:18:07 INFO generation_trace event="{RelatedRunID: ActorKind: RequestID:req_emmHscn7a75H-07HjEHKgQ RunID:01a0c29d-5a80-7e1c-82ef-4f272730834c ModelID:01a0c29d-4eb1-7783-97c7-074020149ec1 Sequence:133 ElapsedMS:14 Kind:check_end Late:false Fact:{Stage:content_validate State:ok BeginMS:13 EndMS:-1 DurationMS:-1 Check:tag_count Detail:{Reason: Field: Target:-1 Actual:-1 Limit:-1 Start:-1 End:-1 ExpectedType: ActualType:}} Provider:<nil> Outcome: Refunded:false}"
2026/09/21 14:18:07 INFO generation_trace event="{RelatedRunID: ActorKind: RequestID:req_emmHscn7a75H-07HjEHKgQ RunID:01a0c29d-5a80-7e1c-82ef-4f272730834c ModelID:01a0c29d-4eb1-7783-97c7-074020149ec1 Sequence:134 ElapsedMS:14 Kind:check_begin Late:false Fact:{Stage:content_validate State:running BeginMS:13 EndMS:-1 DurationMS:-1 Check:tag_content Detail:{Reason: Field: Target:-1 Actual:-1 Limit:-1 Start:-1 End:-1 ExpectedType: ActualType:}} Provider:<nil> Outcome: Refunded:false}"
2026/09/21 14:18:07 INFO generation_trace event="{RelatedRunID: ActorKind: RequestID:req_emmHscn7a75H-07HjEHKgQ RunID:01a0c29d-5a80-7e1c-82ef-4f272730834c ModelID:01a0c29d-4eb1-7783-97c7-074020149ec1 Sequence:135 ElapsedMS:14 Kind:check_end Late:false Fact:{Stage:content_validate State:ok BeginMS:13 EndMS:-1 DurationMS:-1 Check:tag_content Detail:{Reason: Field: Target:-1 Actual:-1 Limit:-1 Start:-1 End:-1 ExpectedType: ActualType:}} Provider:<nil> Outcome: Refunded:false}"
2026/09/21 14:18:07 INFO generation_trace event="{RelatedRunID: ActorKind: RequestID:req_emmHscn7a75H-07HjEHKgQ RunID:01a0c29d-5a80-7e1c-82ef-4f272730834c ModelID:01a0c29d-4eb1-7783-97c7-074020149ec1 Sequence:136 ElapsedMS:14 Kind:check_begin Late:false Fact:{Stage:content_validate State:running BeginMS:13 EndMS:-1 DurationMS:-1 Check:tag_duplicate Detail:{Reason: Field: Target:-1 Actual:-1 Limit:-1 Start:-1 End:-1 ExpectedType: ActualType:}} Provider:<nil> Outcome: Refunded:false}"
2026/09/21 14:18:07 INFO generation_trace event="{RelatedRunID: ActorKind: RequestID:req_emmHscn7a75H-07HjEHKgQ RunID:01a0c29d-5a80-7e1c-82ef-4f272730834c ModelID:01a0c29d-4eb1-7783-97c7-074020149ec1 Sequence:137 ElapsedMS:14 Kind:check_end Late:false Fact:{Stage:content_validate State:ok BeginMS:13 EndMS:-1 DurationMS:-1 Check:tag_duplicate Detail:{Reason: Field: Target:-1 Actual:-1 Limit:-1 Start:-1 End:-1 ExpectedType: ActualType:}} Provider:<nil> Outcome: Refunded:false}"
2026/09/21 14:18:07 INFO generation_trace event="{RelatedRunID: ActorKind: RequestID:req_emmHscn7a75H-07HjEHKgQ RunID:01a0c29d-5a80-7e1c-82ef-4f272730834c ModelID:01a0c29d-4eb1-7783-97c7-074020149ec1 Sequence:138 ElapsedMS:15 Kind:check_begin Late:false Fact:{Stage:content_validate State:running BeginMS:13 EndMS:-1 DurationMS:-1 Check:target_count Detail:{Reason: Field: Target:-1 Actual:-1 Limit:-1 Start:-1 End:-1 ExpectedType: ActualType:}} Provider:<nil> Outcome: Refunded:false}"
2026/09/21 14:18:07 INFO generation_trace event="{RelatedRunID: ActorKind: RequestID:req_emmHscn7a75H-07HjEHKgQ RunID:01a0c29d-5a80-7e1c-82ef-4f272730834c ModelID:01a0c29d-4eb1-7783-97c7-074020149ec1 Sequence:139 ElapsedMS:15 Kind:check_end Late:false Fact:{Stage:content_validate State:ok BeginMS:13 EndMS:-1 DurationMS:-1 Check:target_count Detail:{Reason: Field: Target:-1 Actual:-1 Limit:-1 Start:-1 End:-1 ExpectedType: ActualType:}} Provider:<nil> Outcome: Refunded:false}"
2026/09/21 14:18:07 INFO generation_trace event="{RelatedRunID: ActorKind: RequestID:req_emmHscn7a75H-07HjEHKgQ RunID:01a0c29d-5a80-7e1c-82ef-4f272730834c ModelID:01a0c29d-4eb1-7783-97c7-074020149ec1 Sequence:140 ElapsedMS:15 Kind:check_begin Late:false Fact:{Stage:content_validate State:running BeginMS:13 EndMS:-1 DurationMS:-1 Check:passage_index Detail:{Reason: Field: Target:-1 Actual:-1 Limit:-1 Start:-1 End:-1 ExpectedType: ActualType:}} Provider:<nil> Outcome: Refunded:false}"
2026/09/21 14:18:07 INFO generation_trace event="{RelatedRunID: ActorKind: RequestID:req_emmHscn7a75H-07HjEHKgQ RunID:01a0c29d-5a80-7e1c-82ef-4f272730834c ModelID:01a0c29d-4eb1-7783-97c7-074020149ec1 Sequence:141 ElapsedMS:15 Kind:check_end Late:false Fact:{Stage:content_validate State:ok BeginMS:13 EndMS:-1 DurationMS:-1 Check:passage_index Detail:{Reason: Field: Target:-1 Actual:-1 Limit:-1 Start:-1 End:-1 ExpectedType: ActualType:}} Provider:<nil> Outcome: Refunded:false}"
2026/09/21 14:18:07 INFO generation_trace event="{RelatedRunID: ActorKind: RequestID:req_emmHscn7a75H-07HjEHKgQ RunID:01a0c29d-5a80-7e1c-82ef-4f272730834c ModelID:01a0c29d-4eb1-7783-97c7-074020149ec1 Sequence:142 ElapsedMS:15 Kind:check_begin Late:false Fact:{Stage:content_validate State:running BeginMS:13 EndMS:-1 DurationMS:-1 Check:context Detail:{Reason: Field: Target:0 Actual:-1 Limit:-1 Start:-1 End:-1 ExpectedType: ActualType:}} Provider:<nil> Outcome: Refunded:false}"
2026/09/21 14:18:07 INFO generation_trace event="{RelatedRunID: ActorKind: RequestID:req_emmHscn7a75H-07HjEHKgQ RunID:01a0c29d-5a80-7e1c-82ef-4f272730834c ModelID:01a0c29d-4eb1-7783-97c7-074020149ec1 Sequence:143 ElapsedMS:15 Kind:check_end Late:false Fact:{Stage:content_validate State:ok BeginMS:13 EndMS:-1 DurationMS:-1 Check:context Detail:{Reason: Field: Target:0 Actual:-1 Limit:-1 Start:-1 End:-1 ExpectedType: ActualType:}} Provider:<nil> Outcome: Refunded:false}"
2026/09/21 14:18:07 INFO generation_trace event="{RelatedRunID: ActorKind: RequestID:req_emmHscn7a75H-07HjEHKgQ RunID:01a0c29d-5a80-7e1c-82ef-4f272730834c ModelID:01a0c29d-4eb1-7783-97c7-074020149ec1 Sequence:144 ElapsedMS:15 Kind:check_begin Late:false Fact:{Stage:content_validate State:running BeginMS:13 EndMS:-1 DurationMS:-1 Check:source_entry Detail:{Reason: Field: Target:0 Actual:-1 Limit:-1 Start:-1 End:-1 ExpectedType: ActualType:}} Provider:<nil> Outcome: Refunded:false}"
2026/09/21 14:18:07 INFO generation_trace event="{RelatedRunID: ActorKind: RequestID:req_emmHscn7a75H-07HjEHKgQ RunID:01a0c29d-5a80-7e1c-82ef-4f272730834c ModelID:01a0c29d-4eb1-7783-97c7-074020149ec1 Sequence:145 ElapsedMS:15 Kind:check_end Late:false Fact:{Stage:content_validate State:ok BeginMS:13 EndMS:-1 DurationMS:-1 Check:source_entry Detail:{Reason: Field: Target:0 Actual:-1 Limit:-1 Start:-1 End:-1 ExpectedType: ActualType:}} Provider:<nil> Outcome: Refunded:false}"
2026/09/21 14:18:07 INFO generation_trace event="{RelatedRunID: ActorKind: RequestID:req_emmHscn7a75H-07HjEHKgQ RunID:01a0c29d-5a80-7e1c-82ef-4f272730834c ModelID:01a0c29d-4eb1-7783-97c7-074020149ec1 Sequence:146 ElapsedMS:15 Kind:check_begin Late:false Fact:{Stage:content_validate State:running BeginMS:13 EndMS:-1 DurationMS:-1 Check:meaning_content Detail:{Reason: Field: Target:0 Actual:-1 Limit:-1 Start:-1 End:-1 ExpectedType: ActualType:}} Provider:<nil> Outcome: Refunded:false}"
2026/09/21 14:18:07 INFO generation_trace event="{RelatedRunID: ActorKind: RequestID:req_emmHscn7a75H-07HjEHKgQ RunID:01a0c29d-5a80-7e1c-82ef-4f272730834c ModelID:01a0c29d-4eb1-7783-97c7-074020149ec1 Sequence:147 ElapsedMS:15 Kind:check_end Late:false Fact:{Stage:content_validate State:ok BeginMS:13 EndMS:-1 DurationMS:-1 Check:meaning_content Detail:{Reason: Field: Target:0 Actual:-1 Limit:-1 Start:-1 End:-1 ExpectedType: ActualType:}} Provider:<nil> Outcome: Refunded:false}"
2026/09/21 14:18:07 INFO generation_trace event="{RelatedRunID: ActorKind: RequestID:req_emmHscn7a75H-07HjEHKgQ RunID:01a0c29d-5a80-7e1c-82ef-4f272730834c ModelID:01a0c29d-4eb1-7783-97c7-074020149ec1 Sequence:148 ElapsedMS:15 Kind:check_begin Late:false Fact:{Stage:content_validate State:running BeginMS:13 EndMS:-1 DurationMS:-1 Check:meaning_repeated Detail:{Reason: Field: Target:0 Actual:-1 Limit:-1 Start:-1 End:-1 ExpectedType: ActualType:}} Provider:<nil> Outcome: Refunded:false}"
2026/09/21 14:18:07 INFO generation_trace event="{RelatedRunID: ActorKind: RequestID:req_emmHscn7a75H-07HjEHKgQ RunID:01a0c29d-5a80-7e1c-82ef-4f272730834c ModelID:01a0c29d-4eb1-7783-97c7-074020149ec1 Sequence:149 ElapsedMS:15 Kind:check_end Late:false Fact:{Stage:content_validate State:ok BeginMS:13 EndMS:-1 DurationMS:-1 Check:meaning_repeated Detail:{Reason: Field: Target:0 Actual:-1 Limit:-1 Start:-1 End:-1 ExpectedType: ActualType:}} Provider:<nil> Outcome: Refunded:false}"
2026/09/21 14:18:07 INFO generation_trace event="{RelatedRunID: ActorKind: RequestID:req_emmHscn7a75H-07HjEHKgQ RunID:01a0c29d-5a80-7e1c-82ef-4f272730834c ModelID:01a0c29d-4eb1-7783-97c7-074020149ec1 Sequence:150 ElapsedMS:15 Kind:check_begin Late:false Fact:{Stage:content_validate State:running BeginMS:13 EndMS:-1 DurationMS:-1 Check:hint_annotations Detail:{Reason: Field: Target:0 Actual:-1 Limit:-1 Start:-1 End:-1 ExpectedType: ActualType:}} Provider:<nil> Outcome: Refunded:false}"
2026/09/21 14:18:07 INFO generation_trace event="{RelatedRunID: ActorKind: RequestID:req_emmHscn7a75H-07HjEHKgQ RunID:01a0c29d-5a80-7e1c-82ef-4f272730834c ModelID:01a0c29d-4eb1-7783-97c7-074020149ec1 Sequence:151 ElapsedMS:15 Kind:check_end Late:false Fact:{Stage:content_validate State:ok BeginMS:13 EndMS:-1 DurationMS:-1 Check:hint_annotations Detail:{Reason: Field: Target:0 Actual:-1 Limit:-1 Start:-1 End:-1 ExpectedType: ActualType:}} Provider:<nil> Outcome: Refunded:false}"
2026/09/21 14:18:07 INFO generation_trace event="{RelatedRunID: ActorKind: RequestID:req_emmHscn7a75H-07HjEHKgQ RunID:01a0c29d-5a80-7e1c-82ef-4f272730834c ModelID:01a0c29d-4eb1-7783-97c7-074020149ec1 Sequence:152 ElapsedMS:15 Kind:check_begin Late:false Fact:{Stage:content_validate State:running BeginMS:13 EndMS:-1 DurationMS:-1 Check:hint_ownership Detail:{Reason: Field: Target:0 Actual:-1 Limit:-1 Start:-1 End:-1 ExpectedType: ActualType:}} Provider:<nil> Outcome: Refunded:false}"
2026/09/21 14:18:07 INFO generation_trace event="{RelatedRunID: ActorKind: RequestID:req_emmHscn7a75H-07HjEHKgQ RunID:01a0c29d-5a80-7e1c-82ef-4f272730834c ModelID:01a0c29d-4eb1-7783-97c7-074020149ec1 Sequence:153 ElapsedMS:16 Kind:check_end Late:false Fact:{Stage:content_validate State:ok BeginMS:13 EndMS:-1 DurationMS:-1 Check:hint_ownership Detail:{Reason: Field: Target:0 Actual:-1 Limit:-1 Start:-1 End:-1 ExpectedType: ActualType:}} Provider:<nil> Outcome: Refunded:false}"
2026/09/21 14:18:07 INFO generation_trace event="{RelatedRunID: ActorKind: RequestID:req_emmHscn7a75H-07HjEHKgQ RunID:01a0c29d-5a80-7e1c-82ef-4f272730834c ModelID:01a0c29d-4eb1-7783-97c7-074020149ec1 Sequence:154 ElapsedMS:16 Kind:check_begin Late:false Fact:{Stage:content_validate State:running BeginMS:13 EndMS:-1 DurationMS:-1 Check:hint_content Detail:{Reason: Field: Target:0 Actual:-1 Limit:-1 Start:-1 End:-1 ExpectedType: ActualType:}} Provider:<nil> Outcome: Refunded:false}"
2026/09/21 14:18:07 INFO generation_trace event="{RelatedRunID: ActorKind: RequestID:req_emmHscn7a75H-07HjEHKgQ RunID:01a0c29d-5a80-7e1c-82ef-4f272730834c ModelID:01a0c29d-4eb1-7783-97c7-074020149ec1 Sequence:155 ElapsedMS:16 Kind:check_end Late:false Fact:{Stage:content_validate State:ok BeginMS:13 EndMS:-1 DurationMS:-1 Check:hint_content Detail:{Reason: Field: Target:0 Actual:-1 Limit:-1 Start:-1 End:-1 ExpectedType: ActualType:}} Provider:<nil> Outcome: Refunded:false}"
2026/09/21 14:18:07 INFO generation_trace event="{RelatedRunID: ActorKind: RequestID:req_emmHscn7a75H-07HjEHKgQ RunID:01a0c29d-5a80-7e1c-82ef-4f272730834c ModelID:01a0c29d-4eb1-7783-97c7-074020149ec1 Sequence:156 ElapsedMS:16 Kind:check_begin Late:false Fact:{Stage:content_validate State:running BeginMS:13 EndMS:-1 DurationMS:-1 Check:passage_annotation_presence Detail:{Reason: Field: Target:0 Actual:-1 Limit:-1 Start:-1 End:-1 ExpectedType: ActualType:}} Provider:<nil> Outcome: Refunded:false}"
2026/09/21 14:18:07 INFO generation_trace event="{RelatedRunID: ActorKind: RequestID:req_emmHscn7a75H-07HjEHKgQ RunID:01a0c29d-5a80-7e1c-82ef-4f272730834c ModelID:01a0c29d-4eb1-7783-97c7-074020149ec1 Sequence:157 ElapsedMS:16 Kind:check_end Late:false Fact:{Stage:content_validate State:ok BeginMS:13 EndMS:-1 DurationMS:-1 Check:passage_annotation_presence Detail:{Reason: Field: Target:0 Actual:-1 Limit:-1 Start:-1 End:-1 ExpectedType: ActualType:}} Provider:<nil> Outcome: Refunded:false}"
2026/09/21 14:18:07 INFO generation_trace event="{RelatedRunID: ActorKind: RequestID:req_emmHscn7a75H-07HjEHKgQ RunID:01a0c29d-5a80-7e1c-82ef-4f272730834c ModelID:01a0c29d-4eb1-7783-97c7-074020149ec1 Sequence:158 ElapsedMS:16 Kind:check_begin Late:false Fact:{Stage:content_validate State:running BeginMS:13 EndMS:-1 DurationMS:-1 Check:hint_annotation_presence Detail:{Reason: Field: Target:0 Actual:-1 Limit:-1 Start:-1 End:-1 ExpectedType: ActualType:}} Provider:<nil> Outcome: Refunded:false}"
2026/09/21 14:18:07 INFO generation_trace event="{RelatedRunID: ActorKind: RequestID:req_emmHscn7a75H-07HjEHKgQ RunID:01a0c29d-5a80-7e1c-82ef-4f272730834c ModelID:01a0c29d-4eb1-7783-97c7-074020149ec1 Sequence:159 ElapsedMS:16 Kind:check_end Late:false Fact:{Stage:content_validate State:ok BeginMS:13 EndMS:-1 DurationMS:-1 Check:hint_annotation_presence Detail:{Reason: Field: Target:0 Actual:-1 Limit:-1 Start:-1 End:-1 ExpectedType: ActualType:}} Provider:<nil> Outcome: Refunded:false}"
2026/09/21 14:18:07 INFO generation_trace event="{RelatedRunID: ActorKind: RequestID:req_emmHscn7a75H-07HjEHKgQ RunID:01a0c29d-5a80-7e1c-82ef-4f272730834c ModelID:01a0c29d-4eb1-7783-97c7-074020149ec1 Sequence:160 ElapsedMS:16 Kind:check_begin Late:false Fact:{Stage:content_validate State:running BeginMS:13 EndMS:-1 DurationMS:-1 Check:hint_index Detail:{Reason: Field: Target:0 Actual:-1 Limit:-1 Start:-1 End:-1 ExpectedType: ActualType:}} Provider:<nil> Outcome: Refunded:false}"
2026/09/21 14:18:07 INFO generation_trace event="{RelatedRunID: ActorKind: RequestID:req_emmHscn7a75H-07HjEHKgQ RunID:01a0c29d-5a80-7e1c-82ef-4f272730834c ModelID:01a0c29d-4eb1-7783-97c7-074020149ec1 Sequence:161 ElapsedMS:16 Kind:check_end Late:false Fact:{Stage:content_validate State:ok BeginMS:13 EndMS:-1 DurationMS:-1 Check:hint_index Detail:{Reason: Field: Target:0 Actual:-1 Limit:-1 Start:-1 End:-1 ExpectedType: ActualType:}} Provider:<nil> Outcome: Refunded:false}"
2026/09/21 14:18:07 INFO generation_trace event="{RelatedRunID: ActorKind: RequestID:req_emmHscn7a75H-07HjEHKgQ RunID:01a0c29d-5a80-7e1c-82ef-4f272730834c ModelID:01a0c29d-4eb1-7783-97c7-074020149ec1 Sequence:162 ElapsedMS:16 Kind:check_begin Late:false Fact:{Stage:content_validate State:running BeginMS:13 EndMS:-1 DurationMS:-1 Check:hint_scan Detail:{Reason: Field: Target:0 Actual:-1 Limit:-1 Start:-1 End:-1 ExpectedType: ActualType:}} Provider:<nil> Outcome: Refunded:false}"
2026/09/21 14:18:07 INFO generation_trace event="{RelatedRunID: ActorKind: RequestID:req_emmHscn7a75H-07HjEHKgQ RunID:01a0c29d-5a80-7e1c-82ef-4f272730834c ModelID:01a0c29d-4eb1-7783-97c7-074020149ec1 Sequence:163 ElapsedMS:16 Kind:check_end Late:false Fact:{Stage:content_validate State:ok BeginMS:13 EndMS:-1 DurationMS:-1 Check:hint_scan Detail:{Reason: Field: Target:0 Actual:-1 Limit:-1 Start:-1 End:-1 ExpectedType: ActualType:}} Provider:<nil> Outcome: Refunded:false}"
2026/09/21 14:18:07 INFO generation_trace event="{RelatedRunID: ActorKind: RequestID:req_emmHscn7a75H-07HjEHKgQ RunID:01a0c29d-5a80-7e1c-82ef-4f272730834c ModelID:01a0c29d-4eb1-7783-97c7-074020149ec1 Sequence:164 ElapsedMS:16 Kind:check_begin Late:false Fact:{Stage:content_validate State:running BeginMS:13 EndMS:-1 DurationMS:-1 Check:passage_scan Detail:{Reason: Field: Target:0 Actual:-1 Limit:-1 Start:-1 End:-1 ExpectedType: ActualType:}} Provider:<nil> Outcome: Refunded:false}"
2026/09/21 14:18:07 INFO generation_trace event="{RelatedRunID: ActorKind: RequestID:req_emmHscn7a75H-07HjEHKgQ RunID:01a0c29d-5a80-7e1c-82ef-4f272730834c ModelID:01a0c29d-4eb1-7783-97c7-074020149ec1 Sequence:165 ElapsedMS:16 Kind:check_end Late:false Fact:{Stage:content_validate State:ok BeginMS:13 EndMS:-1 DurationMS:-1 Check:passage_scan Detail:{Reason: Field: Target:0 Actual:-1 Limit:-1 Start:-1 End:-1 ExpectedType: ActualType:}} Provider:<nil> Outcome: Refunded:false}"
2026/09/21 14:18:07 INFO generation_trace event="{RelatedRunID: ActorKind: RequestID:req_emmHscn7a75H-07HjEHKgQ RunID:01a0c29d-5a80-7e1c-82ef-4f272730834c ModelID:01a0c29d-4eb1-7783-97c7-074020149ec1 Sequence:166 ElapsedMS:16 Kind:check_begin Late:false Fact:{Stage:content_validate State:running BeginMS:13 EndMS:-1 DurationMS:-1 Check:passage_relations Detail:{Reason: Field: Target:0 Actual:-1 Limit:-1 Start:-1 End:-1 ExpectedType: ActualType:}} Provider:<nil> Outcome: Refunded:false}"
2026/09/21 14:18:07 INFO generation_trace event="{RelatedRunID: ActorKind: RequestID:req_emmHscn7a75H-07HjEHKgQ RunID:01a0c29d-5a80-7e1c-82ef-4f272730834c ModelID:01a0c29d-4eb1-7783-97c7-074020149ec1 Sequence:167 ElapsedMS:16 Kind:check_end Late:false Fact:{Stage:content_validate State:ok BeginMS:13 EndMS:-1 DurationMS:-1 Check:passage_relations Detail:{Reason: Field: Target:0 Actual:-1 Limit:-1 Start:-1 End:-1 ExpectedType: ActualType:}} Provider:<nil> Outcome: Refunded:false}"
2026/09/21 14:18:07 INFO generation_trace event="{RelatedRunID: ActorKind: RequestID:req_emmHscn7a75H-07HjEHKgQ RunID:01a0c29d-5a80-7e1c-82ef-4f272730834c ModelID:01a0c29d-4eb1-7783-97c7-074020149ec1 Sequence:168 ElapsedMS:16 Kind:check_begin Late:false Fact:{Stage:content_validate State:running BeginMS:13 EndMS:-1 DurationMS:-1 Check:hint_relations Detail:{Reason: Field: Target:0 Actual:-1 Limit:-1 Start:-1 End:-1 ExpectedType: ActualType:}} Provider:<nil> Outcome: Refunded:false}"
2026/09/21 14:18:07 INFO generation_trace event="{RelatedRunID: ActorKind: RequestID:req_emmHscn7a75H-07HjEHKgQ RunID:01a0c29d-5a80-7e1c-82ef-4f272730834c ModelID:01a0c29d-4eb1-7783-97c7-074020149ec1 Sequence:169 ElapsedMS:16 Kind:check_end Late:false Fact:{Stage:content_validate State:ok BeginMS:13 EndMS:-1 DurationMS:-1 Check:hint_relations Detail:{Reason: Field: Target:0 Actual:-1 Limit:-1 Start:-1 End:-1 ExpectedType: ActualType:}} Provider:<nil> Outcome: Refunded:false}"
2026/09/21 14:18:07 INFO generation_trace event="{RelatedRunID: ActorKind: RequestID:req_emmHscn7a75H-07HjEHKgQ RunID:01a0c29d-5a80-7e1c-82ef-4f272730834c ModelID:01a0c29d-4eb1-7783-97c7-074020149ec1 Sequence:170 ElapsedMS:17 Kind:check_begin Late:false Fact:{Stage:content_validate State:running BeginMS:13 EndMS:-1 DurationMS:-1 Check:passage_presence Detail:{Reason: Field: Target:0 Actual:-1 Limit:-1 Start:-1 End:-1 ExpectedType: ActualType:}} Provider:<nil> Outcome: Refunded:false}"
2026/09/21 14:18:07 INFO generation_trace event="{RelatedRunID: ActorKind: RequestID:req_emmHscn7a75H-07HjEHKgQ RunID:01a0c29d-5a80-7e1c-82ef-4f272730834c ModelID:01a0c29d-4eb1-7783-97c7-074020149ec1 Sequence:171 ElapsedMS:17 Kind:check_end Late:false Fact:{Stage:content_validate State:ok BeginMS:13 EndMS:-1 DurationMS:-1 Check:passage_presence Detail:{Reason: Field: Target:0 Actual:-1 Limit:-1 Start:-1 End:-1 ExpectedType: ActualType:}} Provider:<nil> Outcome: Refunded:false}"
2026/09/21 14:18:07 INFO generation_trace event="{RelatedRunID: ActorKind: RequestID:req_emmHscn7a75H-07HjEHKgQ RunID:01a0c29d-5a80-7e1c-82ef-4f272730834c ModelID:01a0c29d-4eb1-7783-97c7-074020149ec1 Sequence:172 ElapsedMS:17 Kind:check_begin Late:false Fact:{Stage:content_validate State:running BeginMS:13 EndMS:-1 DurationMS:-1 Check:hint_presence Detail:{Reason: Field: Target:0 Actual:-1 Limit:-1 Start:-1 End:-1 ExpectedType: ActualType:}} Provider:<nil> Outcome: Refunded:false}"
2026/09/21 14:18:07 INFO generation_trace event="{RelatedRunID: ActorKind: RequestID:req_emmHscn7a75H-07HjEHKgQ RunID:01a0c29d-5a80-7e1c-82ef-4f272730834c ModelID:01a0c29d-4eb1-7783-97c7-074020149ec1 Sequence:173 ElapsedMS:17 Kind:check_end Late:false Fact:{Stage:content_validate State:ok BeginMS:13 EndMS:-1 DurationMS:-1 Check:hint_presence Detail:{Reason: Field: Target:0 Actual:-1 Limit:-1 Start:-1 End:-1 ExpectedType: ActualType:}} Provider:<nil> Outcome: Refunded:false}"
2026/09/21 14:18:07 INFO generation_trace event="{RelatedRunID: ActorKind: RequestID:req_emmHscn7a75H-07HjEHKgQ RunID:01a0c29d-5a80-7e1c-82ef-4f272730834c ModelID:01a0c29d-4eb1-7783-97c7-074020149ec1 Sequence:174 ElapsedMS:17 Kind:check_begin Late:false Fact:{Stage:content_validate State:running BeginMS:13 EndMS:-1 DurationMS:-1 Check:collision Detail:{Reason: Field: Target:-1 Actual:-1 Limit:-1 Start:-1 End:-1 ExpectedType: ActualType:}} Provider:<nil> Outcome: Refunded:false}"
2026/09/21 14:18:07 INFO generation_trace event="{RelatedRunID: ActorKind: RequestID:req_emmHscn7a75H-07HjEHKgQ RunID:01a0c29d-5a80-7e1c-82ef-4f272730834c ModelID:01a0c29d-4eb1-7783-97c7-074020149ec1 Sequence:175 ElapsedMS:17 Kind:check_end Late:false Fact:{Stage:content_validate State:ok BeginMS:13 EndMS:-1 DurationMS:-1 Check:collision Detail:{Reason: Field: Target:-1 Actual:-1 Limit:-1 Start:-1 End:-1 ExpectedType: ActualType:}} Provider:<nil> Outcome: Refunded:false}"
2026/09/21 14:18:07 INFO generation_trace event="{RelatedRunID: ActorKind: RequestID:req_emmHscn7a75H-07HjEHKgQ RunID:01a0c29d-5a80-7e1c-82ef-4f272730834c ModelID:01a0c29d-4eb1-7783-97c7-074020149ec1 Sequence:176 ElapsedMS:17 Kind:check_begin Late:false Fact:{Stage:content_validate State:running BeginMS:13 EndMS:-1 DurationMS:-1 Check:context Detail:{Reason: Field: Target:-1 Actual:-1 Limit:-1 Start:-1 End:-1 ExpectedType: ActualType:}} Provider:<nil> Outcome: Refunded:false}"
2026/09/21 14:18:07 INFO generation_trace event="{RelatedRunID: ActorKind: RequestID:req_emmHscn7a75H-07HjEHKgQ RunID:01a0c29d-5a80-7e1c-82ef-4f272730834c ModelID:01a0c29d-4eb1-7783-97c7-074020149ec1 Sequence:177 ElapsedMS:17 Kind:check_end Late:false Fact:{Stage:content_validate State:ok BeginMS:13 EndMS:17 DurationMS:4 Check:context Detail:{Reason: Field: Target:-1 Actual:-1 Limit:-1 Start:-1 End:-1 ExpectedType: ActualType:}} Provider:<nil> Outcome: Refunded:false}"
2026/09/21 14:18:07 INFO generation_trace event="{RelatedRunID: ActorKind: RequestID:req_emmHscn7a75H-07HjEHKgQ RunID:01a0c29d-5a80-7e1c-82ef-4f272730834c ModelID:01a0c29d-4eb1-7783-97c7-074020149ec1 Sequence:178 ElapsedMS:17 Kind:stage_end Late:false Fact:{Stage:content_validate State:ok BeginMS:13 EndMS:17 DurationMS:4 Check:context Detail:{Reason: Field: Target:-1 Actual:-1 Limit:-1 Start:-1 End:-1 ExpectedType: ActualType:}} Provider:<nil> Outcome: Refunded:false}"
2026/09/21 14:18:07 INFO generation_trace event="{RelatedRunID: ActorKind: RequestID:req_emmHscn7a75H-07HjEHKgQ RunID:01a0c29d-5a80-7e1c-82ef-4f272730834c ModelID:01a0c29d-4eb1-7783-97c7-074020149ec1 Sequence:179 ElapsedMS:17 Kind:stage_begin Late:false Fact:{Stage:draft_commit State:running BeginMS:17 EndMS:-1 DurationMS:-1 Check: Detail:{Reason: Field: Target:-1 Actual:-1 Limit:-1 Start:-1 End:-1 ExpectedType: ActualType:}} Provider:<nil> Outcome: Refunded:false}"
2026/09/21 14:18:07 INFO generation_trace event="{RelatedRunID: ActorKind: RequestID:req_emmHscn7a75H-07HjEHKgQ RunID:01a0c29d-5a80-7e1c-82ef-4f272730834c ModelID:01a0c29d-4eb1-7783-97c7-074020149ec1 Sequence:180 ElapsedMS:17 Kind:check_begin Late:false Fact:{Stage:draft_commit State:running BeginMS:17 EndMS:-1 DurationMS:-1 Check:snapshot Detail:{Reason: Field: Target:-1 Actual:-1 Limit:-1 Start:-1 End:-1 ExpectedType: ActualType:}} Provider:<nil> Outcome: Refunded:false}"
2026/09/21 14:18:07 INFO generation_trace event="{RelatedRunID: ActorKind: RequestID:req_emmHscn7a75H-07HjEHKgQ RunID:01a0c29d-5a80-7e1c-82ef-4f272730834c ModelID:01a0c29d-4eb1-7783-97c7-074020149ec1 Sequence:181 ElapsedMS:17 Kind:check_end Late:false Fact:{Stage:draft_commit State:ok BeginMS:17 EndMS:-1 DurationMS:-1 Check:snapshot Detail:{Reason: Field: Target:-1 Actual:-1 Limit:-1 Start:-1 End:-1 ExpectedType: ActualType:}} Provider:<nil> Outcome: Refunded:false}"
2026/09/21 14:18:07 INFO generation_trace event="{RelatedRunID: ActorKind: RequestID:req_emmHscn7a75H-07HjEHKgQ RunID:01a0c29d-5a80-7e1c-82ef-4f272730834c ModelID:01a0c29d-4eb1-7783-97c7-074020149ec1 Sequence:182 ElapsedMS:17 Kind:check_begin Late:false Fact:{Stage:draft_commit State:running BeginMS:17 EndMS:-1 DurationMS:-1 Check:draft_encode Detail:{Reason: Field: Target:-1 Actual:-1 Limit:-1 Start:-1 End:-1 ExpectedType: ActualType:}} Provider:<nil> Outcome: Refunded:false}"
2026/09/21 14:18:07 INFO generation_trace event="{RelatedRunID: ActorKind: RequestID:req_emmHscn7a75H-07HjEHKgQ RunID:01a0c29d-5a80-7e1c-82ef-4f272730834c ModelID:01a0c29d-4eb1-7783-97c7-074020149ec1 Sequence:183 ElapsedMS:17 Kind:check_end Late:false Fact:{Stage:draft_commit State:ok BeginMS:17 EndMS:-1 DurationMS:-1 Check:draft_encode Detail:{Reason: Field: Target:-1 Actual:-1 Limit:-1 Start:-1 End:-1 ExpectedType: ActualType:}} Provider:<nil> Outcome: Refunded:false}"
2026/09/21 14:18:07 INFO generation_trace event="{RelatedRunID: ActorKind: RequestID:req_emmHscn7a75H-07HjEHKgQ RunID:01a0c29d-5a80-7e1c-82ef-4f272730834c ModelID:01a0c29d-4eb1-7783-97c7-074020149ec1 Sequence:184 ElapsedMS:17 Kind:check_begin Late:false Fact:{Stage:draft_commit State:running BeginMS:17 EndMS:-1 DurationMS:-1 Check:transaction_begin Detail:{Reason: Field: Target:-1 Actual:-1 Limit:-1 Start:-1 End:-1 ExpectedType: ActualType:}} Provider:<nil> Outcome: Refunded:false}"
2026/09/21 14:18:07 INFO generation_trace event="{RelatedRunID: ActorKind: RequestID:req_emmHscn7a75H-07HjEHKgQ RunID:01a0c29d-5a80-7e1c-82ef-4f272730834c ModelID:01a0c29d-4eb1-7783-97c7-074020149ec1 Sequence:185 ElapsedMS:18 Kind:check_end Late:false Fact:{Stage:draft_commit State:ok BeginMS:17 EndMS:-1 DurationMS:-1 Check:transaction_begin Detail:{Reason: Field: Target:-1 Actual:-1 Limit:-1 Start:-1 End:-1 ExpectedType: ActualType:}} Provider:<nil> Outcome: Refunded:false}"
2026/09/21 14:18:07 INFO generation_trace event="{RelatedRunID: ActorKind: RequestID:req_emmHscn7a75H-07HjEHKgQ RunID:01a0c29d-5a80-7e1c-82ef-4f272730834c ModelID:01a0c29d-4eb1-7783-97c7-074020149ec1 Sequence:186 ElapsedMS:18 Kind:check_begin Late:false Fact:{Stage:draft_commit State:running BeginMS:17 EndMS:-1 DurationMS:-1 Check:cas Detail:{Reason: Field: Target:-1 Actual:-1 Limit:-1 Start:-1 End:-1 ExpectedType: ActualType:}} Provider:<nil> Outcome: Refunded:false}"
2026/09/21 14:18:07 INFO generation_trace event="{RelatedRunID: ActorKind: RequestID:req_emmHscn7a75H-07HjEHKgQ RunID:01a0c29d-5a80-7e1c-82ef-4f272730834c ModelID:01a0c29d-4eb1-7783-97c7-074020149ec1 Sequence:187 ElapsedMS:19 Kind:check_end Late:false Fact:{Stage:draft_commit State:ok BeginMS:17 EndMS:-1 DurationMS:-1 Check:cas Detail:{Reason: Field: Target:-1 Actual:-1 Limit:-1 Start:-1 End:-1 ExpectedType: ActualType:}} Provider:<nil> Outcome: Refunded:false}"
2026/09/21 14:18:07 INFO generation_trace event="{RelatedRunID: ActorKind: RequestID:req_emmHscn7a75H-07HjEHKgQ RunID:01a0c29d-5a80-7e1c-82ef-4f272730834c ModelID:01a0c29d-4eb1-7783-97c7-074020149ec1 Sequence:188 ElapsedMS:19 Kind:check_begin Late:false Fact:{Stage:draft_commit State:running BeginMS:17 EndMS:-1 DurationMS:-1 Check:draft_insert Detail:{Reason: Field: Target:-1 Actual:-1 Limit:-1 Start:-1 End:-1 ExpectedType: ActualType:}} Provider:<nil> Outcome: Refunded:false}"
2026/09/21 14:18:07 INFO generation_trace event="{RelatedRunID: ActorKind: RequestID:req_emmHscn7a75H-07HjEHKgQ RunID:01a0c29d-5a80-7e1c-82ef-4f272730834c ModelID:01a0c29d-4eb1-7783-97c7-074020149ec1 Sequence:189 ElapsedMS:19 Kind:check_end Late:false Fact:{Stage:draft_commit State:ok BeginMS:17 EndMS:-1 DurationMS:-1 Check:draft_insert Detail:{Reason: Field: Target:-1 Actual:-1 Limit:-1 Start:-1 End:-1 ExpectedType: ActualType:}} Provider:<nil> Outcome: Refunded:false}"
2026/09/21 14:18:07 INFO generation_trace event="{RelatedRunID: ActorKind: RequestID:req_emmHscn7a75H-07HjEHKgQ RunID:01a0c29d-5a80-7e1c-82ef-4f272730834c ModelID:01a0c29d-4eb1-7783-97c7-074020149ec1 Sequence:190 ElapsedMS:19 Kind:check_begin Late:false Fact:{Stage:draft_commit State:running BeginMS:17 EndMS:-1 DurationMS:-1 Check:transaction_commit Detail:{Reason: Field: Target:-1 Actual:-1 Limit:-1 Start:-1 End:-1 ExpectedType: ActualType:}} Provider:<nil> Outcome: Refunded:false}"
2026/09/21 14:18:07 INFO generation_trace event="{RelatedRunID: ActorKind: RequestID:req_emmHscn7a75H-07HjEHKgQ RunID:01a0c29d-5a80-7e1c-82ef-4f272730834c ModelID:01a0c29d-4eb1-7783-97c7-074020149ec1 Sequence:191 ElapsedMS:20 Kind:outcome_confirmed Late:false Fact:{Stage: State: BeginMS:0 EndMS:0 DurationMS:0 Check: Detail:{Reason: Field: Target:0 Actual:0 Limit:0 Start:0 End:0 ExpectedType: ActualType:}} Provider:<nil> Outcome:valid Refunded:false}"
2026/09/21 14:18:07 INFO generation_trace event="{RelatedRunID: ActorKind: RequestID:req_emmHscn7a75H-07HjEHKgQ RunID:01a0c29d-5a80-7e1c-82ef-4f272730834c ModelID:01a0c29d-4eb1-7783-97c7-074020149ec1 Sequence:192 ElapsedMS:20 Kind:check_end Late:false Fact:{Stage:draft_commit State:ok BeginMS:17 EndMS:20 DurationMS:3 Check:transaction_commit Detail:{Reason: Field: Target:-1 Actual:-1 Limit:-1 Start:-1 End:-1 ExpectedType: ActualType:}} Provider:<nil> Outcome: Refunded:false}"
2026/09/21 14:18:07 INFO generation_trace event="{RelatedRunID: ActorKind: RequestID:req_emmHscn7a75H-07HjEHKgQ RunID:01a0c29d-5a80-7e1c-82ef-4f272730834c ModelID:01a0c29d-4eb1-7783-97c7-074020149ec1 Sequence:193 ElapsedMS:20 Kind:stage_end Late:false Fact:{Stage:draft_commit State:ok BeginMS:17 EndMS:20 DurationMS:3 Check:transaction_commit Detail:{Reason: Field: Target:-1 Actual:-1 Limit:-1 Start:-1 End:-1 ExpectedType: ActualType:}} Provider:<nil> Outcome: Refunded:false}"
2026/09/21 14:18:07 INFO generation_trace event="{RelatedRunID: ActorKind: RequestID:req_emmHscn7a75H-07HjEHKgQ RunID:01a0c29d-5a80-7e1c-82ef-4f272730834c ModelID:01a0c29d-4eb1-7783-97c7-074020149ec1 Sequence:194 ElapsedMS:20 Kind:fact Late:false Fact:{Stage:delivery State:running BeginMS:8 EndMS:-1 DurationMS:-1 Check:validated Detail:{Reason: Field: Target:-1 Actual:917 Limit:-1 Start:-1 End:-1 ExpectedType: ActualType:}} Provider:<nil> Outcome: Refunded:false}"
2026/09/21 14:18:07 INFO generation_trace event="{RelatedRunID: ActorKind: RequestID:req_emmHscn7a75H-07HjEHKgQ RunID:01a0c29d-5a80-7e1c-82ef-4f272730834c ModelID:01a0c29d-4eb1-7783-97c7-074020149ec1 Sequence:195 ElapsedMS:20 Kind:stage_end Late:false Fact:{Stage:delivery State:ok BeginMS:8 EndMS:20 DurationMS:12 Check: Detail:{Reason: Field: Target:-1 Actual:-1 Limit:-1 Start:-1 End:-1 ExpectedType: ActualType:}} Provider:<nil> Outcome: Refunded:false}"
2026/09/21 14:18:07 INFO ai_generation_request_finished request_id=req_emmHscn7a75H-07HjEHKgQ run_id=01a0c29d-5a80-7e1c-82ef-4f272730834c model_id=01a0c29d-4eb1-7783-97c7-074020149ec1 elapsed_ms=19
2026/09/21 14:18:07 INFO http_request request_id=req_emmHscn7a75H-07HjEHKgQ method=POST route=/api/v1/generations/stream status=200 duration_ms=20
2026/09/21 14:18:07 INFO generation_trace event="{RelatedRunID: ActorKind: RequestID:req_emmHscn7a75H-07HjEHKgQ RunID:01a0c29d-5a80-7e1c-82ef-4f272730834c ModelID:01a0c29d-4eb1-7783-97c7-074020149ec1 Sequence:196 ElapsedMS:20 Kind:check_end Late:false Fact:{Stage:request State:ok BeginMS:0 EndMS:20 DurationMS:20 Check:body Detail:{Reason: Field: Target:-1 Actual:-1 Limit:-1 Start:-1 End:-1 ExpectedType: ActualType:}} Provider:<nil> Outcome: Refunded:false}"
2026/09/21 14:18:07 INFO generation_trace event="{RelatedRunID: ActorKind: RequestID:req_emmHscn7a75H-07HjEHKgQ RunID:01a0c29d-5a80-7e1c-82ef-4f272730834c ModelID:01a0c29d-4eb1-7783-97c7-074020149ec1 Sequence:197 ElapsedMS:20 Kind:stage_end Late:false Fact:{Stage:request State:ok BeginMS:0 EndMS:20 DurationMS:20 Check:body Detail:{Reason: Field: Target:-1 Actual:-1 Limit:-1 Start:-1 End:-1 ExpectedType: ActualType:}} Provider:<nil> Outcome: Refunded:false}"
2026/09/21 14:18:07 INFO generation_summary summary="{RequestID:req_emmHscn7a75H-07HjEHKgQ RunID:01a0c29d-5a80-7e1c-82ef-4f272730834c ModelID:01a0c29d-4eb1-7783-97c7-074020149ec1 ElapsedMS:20 Stages:[{Stage:request State:ok BeginMS:0 EndMS:20 DurationMS:20 Check:body Detail:{Reason: Field: Target:-1 Actual:-1 Limit:-1 Start:-1 End:-1 ExpectedType: ActualType:}} {Stage:preflight State:ok BeginMS:1 EndMS:5 DurationMS:4 Check:transaction_commit Detail:{Reason: Field: Target:-1 Actual:-1 Limit:-1 Start:-1 End:-1 ExpectedType: ActualType:}} {Stage:provider_open State:ok BeginMS:5 EndMS:8 DurationMS:3 Check:response_headers Detail:{Reason: Field: Target:-1 Actual:-1 Limit:-1 Start:-1 End:-1 ExpectedType: ActualType:}} {Stage:provider_stream State:ok BeginMS:8 EndMS:9 DurationMS:1 Check: Detail:{Reason: Field: Target:-1 Actual:-1 Limit:-1 Start:-1 End:-1 ExpectedType: ActualType:}} {Stage:passage_decode State:ok BeginMS:9 EndMS:12 DurationMS:3 Check:clean_consistency Detail:{Reason: Field: Target:-1 Actual:-1 Limit:-1 Start:-1 End:-1 ExpectedType: ActualType:}} {Stage:candidate_decode State:ok BeginMS:9 EndMS:12 DurationMS:3 Check:hint_size Detail:{Reason: Field: Target:-1 Actual:-1 Limit:-1 Start:-1 End:-1 ExpectedType: ActualType:}} {Stage:content_validate State:ok BeginMS:13 EndMS:17 DurationMS:4 Check:context Detail:{Reason: Field: Target:-1 Actual:-1 Limit:-1 Start:-1 End:-1 ExpectedType: ActualType:}} {Stage:draft_commit State:ok BeginMS:17 EndMS:20 DurationMS:3 Check:transaction_commit Detail:{Reason: Field: Target:-1 Actual:-1 Limit:-1 Start:-1 End:-1 ExpectedType: ActualType:}} {Stage:settlement State:not_run BeginMS:-1 EndMS:-1 DurationMS:-1 Check: Detail:{Reason: Field: Target:-1 Actual:-1 Limit:-1 Start:-1 End:-1 ExpectedType: ActualType:}} {Stage:delivery State:ok BeginMS:8 EndMS:20 DurationMS:12 Check: Detail:{Reason: Field: Target:-1 Actual:-1 Limit:-1 Start:-1 End:-1 ExpectedType: ActualType:}} {Stage:continuation State:not_run BeginMS:-1 EndMS:-1 DurationMS:-1 Check: Detail:{Reason: Field: Target:-1 Actual:-1 Limit:-1 Start:-1 End:-1 ExpectedType: ActualType:}}] FirstFailure:<nil> Outcome:valid Refunded:false Pending:false}"
2026/09/21 14:18:07 INFO http_request request_id=req_8qwP3n1zXegereYCwuWKtA method=POST route=/api/v1/generations/{run_id}/save status=201 duration_ms=7
2026/09/21 14:18:07 INFO http_request request_id=req_uiZc_B-uNMoanAWLD5UXBA method=POST route=/api/v1/me/review-sessions status=201 duration_ms=4
2026/09/21 14:18:07 INFO http_request request_id=req_cLRTy-taX8XhzLx8Mqw6YQ method=DELETE route=/api/v1/me/batches/{batch_id} status=204 duration_ms=3
=== RUN   TestNoContentConsumersEnforcePrivateNoStoreResponse/administrator_password_reset
2026/09/21 14:18:08 INFO http_request request_id=req_2Z6xumM_9fsW0tpyW4FlXA method=PUT route=/api/v1/admin/users/{user_id}/password status=204 duration_ms=742
2026/09/21 14:18:08 INFO http_request request_id=req_O1AYjLsX36S3h3NPY3JKHQ method=GET route=/api/v1/bootstrap status=200 duration_ms=0
2026/09/21 14:18:08 INFO http_request request_id=req_yfInPy2u3qzCLuIG48Md-A method=POST route=/api/v1/auth/register status=201 duration_ms=748
=== RUN   TestNoContentConsumersEnforcePrivateNoStoreResponse/account_deletion
2026/09/21 14:18:09 INFO http_request request_id=req_6lvT9SsFUe1-WyJQgRd0dQ method=DELETE route=/api/v1/me/account status=204 duration_ms=742
--- PASS: TestNoContentConsumersEnforcePrivateNoStoreResponse (7.59s)
    --- PASS: TestNoContentConsumersEnforcePrivateNoStoreResponse/logout (0.00s)
    --- PASS: TestNoContentConsumersEnforcePrivateNoStoreResponse/learner_password_change (1.49s)
    --- PASS: TestNoContentConsumersEnforcePrivateNoStoreResponse/generation_discard (0.03s)
    --- PASS: TestNoContentConsumersEnforcePrivateNoStoreResponse/batch_deletion_cascades_its_single-batch_review_session (0.04s)
    --- PASS: TestNoContentConsumersEnforcePrivateNoStoreResponse/administrator_password_reset (0.74s)
    --- PASS: TestNoContentConsumersEnforcePrivateNoStoreResponse/account_deletion (0.74s)
PASS
ok  	wordweave/internal/httpapi	24.531s
